shift_date,shift,asset_id,planned_minutes,breakdown_minutes,planned_maintenance_minutes,small_stop_minutes,ideal_cycle_seconds,total_units,good_units
2026-06-01,A,AST-001,480,0,0,15,40.5,568,561
2026-06-01,B,AST-001,480,0,0,6,40.5,583,580
2026-06-02,A,AST-001,480,0,0,14,40.5,584,575
2026-06-02,B,AST-001,480,0,0,17,40.5,571,561
2026-06-03,A,AST-001,480,0,0,22,40.5,556,544
2026-06-03,B,AST-001,480,0,0,2,40.5,611,608
2026-06-04,A,AST-001,480,0,0,5,40.5,572,565
2026-06-04,B,AST-001,480,0,0,40,40.5,544,533
2026-06-05,A,AST-001,480,0,0,4,40.5,589,579
2026-06-05,B,AST-001,480,0,0,9,40.5,588,578
2026-06-06,A,AST-001,480,0,120,10,40.5,462,452
2026-06-08,A,AST-001,480,0,0,9,40.5,572,560
2026-06-08,B,AST-001,480,0,0,26,40.5,572,559
2026-06-09,A,AST-001,480,0,0,6,40.5,584,580
2026-06-09,B,AST-001,480,0,0,0,40.5,616,608
2026-06-10,A,AST-001,480,0,0,28,40.5,556,550
2026-06-10,B,AST-001,480,0,0,19,40.5,583,573
2026-06-11,A,AST-001,480,0,0,29,40.5,560,553
2026-06-11,B,AST-001,480,0,0,4,40.5,591,585
2026-06-12,A,AST-001,480,0,0,15,40.5,584,577
2026-06-12,B,AST-001,480,0,0,1,40.5,624,616
2026-06-13,A,AST-001,480,0,0,16,40.5,565,555
2026-06-15,A,AST-001,480,0,0,21,40.5,562,551
2026-06-15,B,AST-001,480,0,0,20,40.5,591,580
2026-06-16,A,AST-001,480,0,0,0,40.5,600,590
2026-06-16,B,AST-001,480,0,0,10,40.5,591,579
2026-06-17,A,AST-001,480,0,0,12,40.5,596,583
2026-06-17,B,AST-001,480,0,0,19,40.5,555,548
2026-06-18,A,AST-001,480,0,0,28,40.5,568,558
2026-06-18,B,AST-001,480,0,0,23,40.5,552,539
2026-06-19,A,AST-001,480,0,0,16,40.5,556,553
2026-06-19,B,AST-001,480,0,0,10,40.5,600,589
2026-06-20,A,AST-001,480,0,0,17,40.5,554,548
2026-06-22,A,AST-001,480,0,0,1,40.5,630,614
2026-06-22,B,AST-001,480,0,0,12,40.5,596,584
2026-06-23,A,AST-001,480,0,0,19,40.5,594,585
2026-06-23,B,AST-001,480,0,0,16,40.5,577,567
2026-06-24,A,AST-001,480,0,0,11,40.5,512,508
2026-06-24,B,AST-001,480,0,0,4,40.5,628,619
2026-06-25,A,AST-001,480,0,0,9,40.5,554,541
2026-06-25,B,AST-001,480,0,0,9,40.5,593,581
2026-06-26,A,AST-001,480,0,0,22,40.5,562,551
2026-06-26,B,AST-001,480,0,0,14,40.5,569,561
2026-06-27,A,AST-001,480,0,0,17,40.5,594,585
2026-06-29,A,AST-001,480,0,0,11,40.5,593,586
2026-06-29,B,AST-001,480,0,0,10,40.5,560,551
2026-06-30,A,AST-001,480,0,0,5,40.5,605,596
2026-06-30,B,AST-001,480,0,0,0,40.5,622,609
2026-07-01,A,AST-001,480,0,0,10,40.5,578,568
2026-07-01,B,AST-001,480,0,0,4,40.5,587,581
2026-07-02,A,AST-001,480,0,0,11,40.5,601,593
2026-07-02,B,AST-001,480,0,0,17,40.5,580,574
2026-07-03,A,AST-001,480,0,0,2,40.5,586,573
2026-07-03,B,AST-001,480,0,0,40,40.5,589,580
2026-07-04,A,AST-001,480,0,0,4,40.5,597,589
2026-07-06,A,AST-001,480,0,120,26,40.5,452,447
2026-07-06,B,AST-001,480,0,0,10,40.5,572,562
2026-07-07,A,AST-001,480,0,0,22,40.5,566,555
2026-07-07,B,AST-001,480,0,0,7,40.5,595,582
2026-07-08,A,AST-001,480,0,0,16,40.5,562,557
2026-07-08,B,AST-001,480,0,0,12,40.5,581,571
2026-07-09,A,AST-001,480,0,0,0,40.5,612,604
2026-07-09,B,AST-001,480,0,0,1,40.5,608,601
2026-07-10,A,AST-001,480,0,0,15,40.5,556,545
2026-07-10,B,AST-001,480,0,0,2,40.5,598,588
2026-07-11,A,AST-001,480,0,0,40,40.5,544,536
2026-07-13,A,AST-001,480,0,0,17,40.5,565,563
2026-07-13,B,AST-001,480,0,0,11,40.5,587,580
2026-07-14,A,AST-001,480,0,0,12,40.5,578,566
2026-07-14,B,AST-001,480,0,0,1,40.5,581,574
2026-07-15,A,AST-001,480,0,0,9,40.5,619,610
2026-07-15,B,AST-001,480,0,0,0,40.5,587,571
2026-07-16,A,AST-001,480,0,0,6,40.5,619,609
2026-07-16,B,AST-001,480,0,0,40,40.5,569,559
2026-07-17,A,AST-001,480,0,0,4,40.5,628,621
2026-07-17,B,AST-001,480,0,0,17,40.5,562,555
2026-07-18,A,AST-001,480,0,0,16,40.5,580,578
2026-07-20,A,AST-001,480,0,0,9,40.5,610,599
2026-07-20,B,AST-001,480,0,0,5,40.5,575,565
2026-07-21,A,AST-001,480,0,0,1,40.5,615,606
2026-07-21,B,AST-001,480,0,0,10,40.5,576,570
2026-07-22,A,AST-001,480,0,0,0,40.5,612,603
2026-07-22,B,AST-001,480,0,0,18,40.5,606,595
2026-07-23,A,AST-001,480,0,0,8,40.5,547,537
2026-07-23,B,AST-001,480,0,0,6,40.5,612,601
2026-07-24,A,AST-001,480,0,0,13,40.5,571,564
2026-07-24,B,AST-001,480,0,0,6,40.5,600,593
2026-07-25,A,AST-001,480,0,0,40,40.5,522,517
2026-07-27,A,AST-001,480,0,0,4,40.5,621,615
2026-07-27,B,AST-001,480,0,0,1,40.5,569,561
2026-07-28,A,AST-001,480,0,0,7,40.5,595,589
2026-07-28,B,AST-001,480,0,0,25,40.5,581,572
2026-07-29,A,AST-001,480,0,0,40,40.5,515,503
2026-07-29,B,AST-001,480,0,0,5,40.5,566,558
2026-07-30,A,AST-001,480,0,0,40,40.5,536,529
2026-07-30,B,AST-001,480,0,0,3,40.5,587,582
2026-07-31,A,AST-001,480,0,0,15,40.5,580,568
2026-07-31,B,AST-001,480,0,0,0,40.5,575,565
2026-08-01,A,AST-001,480,0,0,16,40.5,602,593
2026-08-03,A,AST-001,480,0,0,0,40.5,621,615
2026-08-03,B,AST-001,480,0,0,8,40.5,585,577
2026-08-04,A,AST-001,480,0,0,30,40.5,570,561
2026-08-04,B,AST-001,480,0,0,3,40.5,605,594
2026-08-05,A,AST-001,480,0,120,0,40.5,458,450
2026-08-05,B,AST-001,480,0,0,13,40.5,602,592
2026-08-06,A,AST-001,480,0,0,23,40.5,549,537
2026-08-06,B,AST-001,480,0,0,13,40.5,570,562
2026-08-07,A,AST-001,480,0,0,8,40.5,572,559
2026-08-07,B,AST-001,480,0,0,2,40.5,613,603
2026-08-08,A,AST-001,480,0,0,10,40.5,577,568
2026-08-10,A,AST-001,480,0,0,40,40.5,575,569
2026-08-10,B,AST-001,480,0,0,10,40.5,595,584
2026-08-11,A,AST-001,480,0,0,2,40.5,603,595
2026-08-11,B,AST-001,480,0,0,6,40.5,583,569
2026-08-12,A,AST-001,480,0,0,2,40.5,647,637
2026-08-12,B,AST-001,480,0,0,5,40.5,609,596
2026-08-13,A,AST-001,480,0,0,7,40.5,615,608
2026-08-13,B,AST-001,480,0,0,40,40.5,556,548
2026-08-14,A,AST-001,480,0,0,3,40.5,549,539
2026-08-14,B,AST-001,480,0,0,7,40.5,557,543
2026-08-15,A,AST-001,480,0,0,20,40.5,582,572
2026-08-17,A,AST-001,480,0,0,28,40.5,562,551
2026-08-17,B,AST-001,480,0,0,6,40.5,587,575
2026-08-18,A,AST-001,480,0,0,18,40.5,603,592
2026-08-18,B,AST-001,480,0,0,15,40.5,560,554
2026-08-19,A,AST-001,480,0,0,9,40.5,578,574
2026-08-19,B,AST-001,480,0,0,9,40.5,553,545
2026-08-20,A,AST-001,480,0,0,2,40.5,585,580
2026-08-20,B,AST-001,480,0,0,27,40.5,570,559
2026-08-21,A,AST-001,480,0,0,0,40.5,576,566
2026-08-21,B,AST-001,480,0,0,18,40.5,568,556
2026-08-22,A,AST-001,480,0,0,14,40.5,580,568
2026-08-24,A,AST-001,480,0,0,1,40.5,580,570
2026-08-24,B,AST-001,480,0,0,18,40.5,600,587
2026-08-25,A,AST-001,480,0,0,35,40.5,560,558
2026-08-25,B,AST-001,480,0,0,12,40.5,593,586
2026-08-26,A,AST-001,480,0,0,40,40.5,532,519
2026-08-26,B,AST-001,480,0,0,9,40.5,572,568
2026-08-27,A,AST-001,480,0,0,2,40.5,587,578
2026-08-27,B,AST-001,480,0,0,22,40.5,546,536
2026-08-28,A,AST-001,480,0,0,8,40.5,585,576
2026-08-28,B,AST-001,480,0,0,7,40.5,581,572
2026-08-29,A,AST-001,480,0,0,20,40.5,592,585
2026-08-31,A,AST-001,480,0,0,18,40.5,538,526
2026-08-31,B,AST-001,480,0,0,2,40.5,563,552
2026-09-01,A,AST-001,480,0,0,2,40.5,519,514
2026-09-01,B,AST-001,480,0,0,5,40.5,561,550
2026-09-02,A,AST-001,480,0,0,9,40.5,583,573
2026-09-02,B,AST-001,480,0,0,16,40.5,574,565
2026-09-03,A,AST-001,480,0,0,17,40.5,584,570
2026-09-03,B,AST-001,480,0,0,12,40.5,595,588
2026-09-04,A,AST-001,480,0,120,11,40.5,418,411
2026-09-04,B,AST-001,480,0,0,0,40.5,631,622
2026-09-05,A,AST-001,480,0,0,3,40.5,604,592
2026-09-07,A,AST-001,480,0,0,17,40.5,599,592
2026-09-07,B,AST-001,480,0,0,25,40.5,550,542
2026-09-08,A,AST-001,480,0,0,10,40.5,592,584
2026-09-08,B,AST-001,480,0,0,13,40.5,558,550
2026-09-09,A,AST-001,480,0,0,40,40.5,525,517
2026-09-09,B,AST-001,480,0,0,10,40.5,561,549
2026-09-10,A,AST-001,480,0,0,1,40.5,588,575
2026-09-10,B,AST-001,480,0,0,2,40.5,576,566
2026-09-11,A,AST-001,480,0,0,24,40.5,563,557
2026-09-11,B,AST-001,480,0,0,15,40.5,597,588
2026-09-12,A,AST-001,480,0,0,13,40.5,567,558
2026-09-14,A,AST-001,480,0,0,2,40.5,578,568
2026-09-14,B,AST-001,480,0,0,1,40.5,610,603
2026-09-15,A,AST-001,480,0,0,18,40.5,568,563
2026-09-15,B,AST-001,480,0,0,4,40.5,600,592
2026-09-16,A,AST-001,480,0,0,6,40.5,611,601
2026-09-16,B,AST-001,480,0,0,2,40.5,588,585
2026-09-17,A,AST-001,480,0,0,7,40.5,554,547
2026-09-17,B,AST-001,480,0,0,1,40.5,637,631
2026-09-18,A,AST-001,480,0,0,8,40.5,573,565
2026-09-18,B,AST-001,480,0,0,6,40.5,598,588
2026-09-19,A,AST-001,480,0,0,10,40.5,605,593
2026-09-21,A,AST-001,480,0,0,2,40.5,639,631
2026-09-21,B,AST-001,480,0,0,4,40.5,585,581
2026-09-22,A,AST-001,480,0,0,18,40.5,563,556
2026-09-22,B,AST-001,480,0,0,5,40.5,622,617
2026-09-23,A,AST-001,480,0,0,19,40.5,547,536
2026-09-23,B,AST-001,480,0,0,2,40.5,612,601
2026-09-24,A,AST-001,480,0,0,19,40.5,619,604
2026-09-24,B,AST-001,480,0,0,38,40.5,547,532
2026-09-25,A,AST-001,480,0,0,7,40.5,578,573
2026-09-25,B,AST-001,480,0,0,0,40.5,567,557
2026-09-26,A,AST-001,480,0,0,12,40.5,595,586
2026-09-28,A,AST-001,480,0,0,21,40.5,560,551
2026-09-28,B,AST-001,480,0,0,17,40.5,600,593
2026-06-01,A,AST-002,480,0,0,14,42.8,526,518
2026-06-01,B,AST-002,480,0,0,12,42.8,530,519
2026-06-02,A,AST-002,480,0,0,40,42.8,512,509
2026-06-02,B,AST-002,480,0,0,2,42.8,570,558
2026-06-03,A,AST-002,480,0,0,19,42.8,554,536
2026-06-03,B,AST-002,480,0,0,12,42.8,521,512
2026-06-04,A,AST-002,480,0,0,3,42.8,596,586
2026-06-04,B,AST-002,480,0,0,19,42.8,517,508
2026-06-05,A,AST-002,480,0,0,5,42.8,521,513
2026-06-05,B,AST-002,480,0,0,7,42.8,550,541
2026-06-06,A,AST-002,480,0,0,37,42.8,558,552
2026-06-08,A,AST-002,480,0,0,0,42.8,542,537
2026-06-08,B,AST-002,480,0,0,1,42.8,554,548
2026-06-09,A,AST-002,480,0,0,18,42.8,557,551
2026-06-09,B,AST-002,480,0,0,2,42.8,559,549
2026-06-10,A,AST-002,480,0,0,4,42.8,545,536
2026-06-10,B,AST-002,480,0,0,12,42.8,556,552
2026-06-11,A,AST-002,480,0,0,18,42.8,551,542
2026-06-11,B,AST-002,480,0,0,0,42.8,536,528
2026-06-12,A,AST-002,480,0,0,0,42.8,570,564
2026-06-12,B,AST-002,480,0,0,32,42.8,530,523
2026-06-13,A,AST-002,480,0,0,6,42.8,543,533
2026-06-15,A,AST-002,480,0,0,28,42.8,542,539
2026-06-15,B,AST-002,480,0,0,1,42.8,542,531
2026-06-16,A,AST-002,480,0,0,24,42.8,560,548
2026-06-16,B,AST-002,480,0,0,22,42.8,519,507
2026-06-17,A,AST-002,480,0,0,10,42.8,543,533
2026-06-17,B,AST-002,480,0,0,15,42.8,544,537
2026-06-18,A,AST-002,480,0,0,27,42.8,527,518
2026-06-18,B,AST-002,480,0,0,21,42.8,586,575
2026-06-19,A,AST-002,480,0,0,0,42.8,551,543
2026-06-19,B,AST-002,480,0,0,40,42.8,503,493
2026-06-20,A,AST-002,480,0,0,0,42.8,566,558
2026-06-22,A,AST-002,480,0,0,4,42.8,586,573
2026-06-22,B,AST-002,480,0,0,7,42.8,544,534
2026-06-23,A,AST-002,480,0,120,18,42.8,415,407
2026-06-23,B,AST-002,480,0,0,40,42.8,535,528
2026-06-24,A,AST-002,480,0,0,4,42.8,538,532
2026-06-24,B,AST-002,480,0,0,13,42.8,551,544
2026-06-25,A,AST-002,480,0,0,14,42.8,549,536
2026-06-25,B,AST-002,480,0,0,40,42.8,498,496
2026-06-26,A,AST-002,480,0,0,7,42.8,581,574
2026-06-26,B,AST-002,480,0,0,8,42.8,562,555
2026-06-27,A,AST-002,480,0,0,11,42.8,551,541
2026-06-29,A,AST-002,480,0,0,3,42.8,579,567
2026-06-29,B,AST-002,480,0,0,8,42.8,539,534
2026-06-30,A,AST-002,480,0,0,16,42.8,535,530
2026-06-30,B,AST-002,480,0,0,4,42.8,571,562
2026-07-01,A,AST-002,480,0,0,0,42.8,569,562
2026-07-01,B,AST-002,480,0,0,16,42.8,524,511
2026-07-02,A,AST-002,480,0,0,9,42.8,551,543
2026-07-02,B,AST-002,480,0,0,18,42.8,539,534
2026-07-03,A,AST-002,480,0,0,15,42.8,558,548
2026-07-03,B,AST-002,480,0,0,18,42.8,527,521
2026-07-04,A,AST-002,480,0,0,2,42.8,526,519
2026-07-06,A,AST-002,480,0,0,18,42.8,561,551
2026-07-06,B,AST-002,480,0,0,17,42.8,549,536
2026-07-07,A,AST-002,480,0,0,7,42.8,530,517
2026-07-07,B,AST-002,480,0,0,2,42.8,591,585
2026-07-08,A,AST-002,480,0,0,2,42.8,551,544
2026-07-08,B,AST-002,480,0,0,20,42.8,526,516
2026-07-09,A,AST-002,480,0,0,25,42.8,517,508
2026-07-09,B,AST-002,480,0,0,12,42.8,546,535
2026-07-10,A,AST-002,480,0,0,28,42.8,541,531
2026-07-10,B,AST-002,480,0,0,15,42.8,562,553
2026-07-11,A,AST-002,480,0,0,12,42.8,540,533
2026-07-13,A,AST-002,480,0,0,13,42.8,541,532
2026-07-13,B,AST-002,480,0,0,0,42.8,570,556
2026-07-14,A,AST-002,480,0,0,1,42.8,569,553
2026-07-14,B,AST-002,480,0,0,9,42.8,504,490
2026-07-15,A,AST-002,480,0,0,12,42.8,534,516
2026-07-15,B,AST-002,480,0,0,6,42.8,524,504
2026-07-16,A,AST-002,480,0,0,11,42.8,527,506
2026-07-16,B,AST-002,480,0,0,1,42.8,527,503
2026-07-17,A,AST-002,480,0,0,18,42.8,485,459
2026-07-17,B,AST-002,480,0,0,37,42.8,454,422
2026-07-18,A,AST-002,480,0,0,4,42.8,459,424
2026-07-20,A,AST-002,480,480,0,1,42.8,0,0
2026-07-20,B,AST-002,480,480,0,16,42.8,0,0
2026-07-21,A,AST-002,480,480,0,1,42.8,0,0
2026-07-21,B,AST-002,480,480,0,1,42.8,0,0
2026-07-22,A,AST-002,480,330,0,6,42.8,155,152
2026-07-22,B,AST-002,480,0,0,7,42.8,545,542
2026-07-23,A,AST-002,480,0,120,3,42.8,421,415
2026-07-23,B,AST-002,480,0,0,6,42.8,544,537
2026-07-24,A,AST-002,480,0,0,1,42.8,572,564
2026-07-24,B,AST-002,480,0,0,6,42.8,577,564
2026-07-25,A,AST-002,480,0,0,2,42.8,563,556
2026-07-27,A,AST-002,480,0,0,19,42.8,561,553
2026-07-27,B,AST-002,480,0,0,0,42.8,574,566
2026-07-28,A,AST-002,480,0,0,39,42.8,502,494
2026-07-28,B,AST-002,480,0,0,3,42.8,597,584
2026-07-29,A,AST-002,480,0,0,30,42.8,498,492
2026-07-29,B,AST-002,480,0,0,2,42.8,562,557
2026-07-30,A,AST-002,480,0,0,2,42.8,582,574
2026-07-30,B,AST-002,480,0,0,2,42.8,566,559
2026-07-31,A,AST-002,480,0,0,0,42.8,537,532
2026-07-31,B,AST-002,480,0,0,0,42.8,572,561
2026-08-01,A,AST-002,480,0,0,37,42.8,521,515
2026-08-03,A,AST-002,480,0,0,29,42.8,545,542
2026-08-03,B,AST-002,480,0,0,31,42.8,513,502
2026-08-04,A,AST-002,480,0,0,2,42.8,567,552
2026-08-04,B,AST-002,480,0,0,23,42.8,537,531
2026-08-05,A,AST-002,480,0,0,25,42.8,511,504
2026-08-05,B,AST-002,480,0,0,15,42.8,520,514
2026-08-06,A,AST-002,480,0,0,1,42.8,589,581
2026-08-06,B,AST-002,480,0,0,8,42.8,581,572
2026-08-07,A,AST-002,480,0,0,18,42.8,501,498
2026-08-07,B,AST-002,480,0,0,4,42.8,583,572
2026-08-08,A,AST-002,480,0,0,11,42.8,555,551
2026-08-10,A,AST-002,480,0,0,4,42.8,567,557
2026-08-10,B,AST-002,480,0,0,0,42.8,550,547
2026-08-11,A,AST-002,480,0,0,22,42.8,516,510
2026-08-11,B,AST-002,480,0,0,7,42.8,556,549
2026-08-12,A,AST-002,480,0,0,2,42.8,569,561
2026-08-12,B,AST-002,480,0,0,7,42.8,550,540
2026-08-13,A,AST-002,480,0,0,4,42.8,567,559
2026-08-13,B,AST-002,480,0,0,2,42.8,597,586
2026-08-14,A,AST-002,480,0,0,7,42.8,568,558
2026-08-14,B,AST-002,480,0,0,15,42.8,542,530
2026-08-15,A,AST-002,480,0,0,40,42.8,515,508
2026-08-17,A,AST-002,480,0,0,2,42.8,548,536
2026-08-17,B,AST-002,480,0,0,14,42.8,544,531
2026-08-18,A,AST-002,480,0,0,5,42.8,556,545
2026-08-18,B,AST-002,480,0,0,1,42.8,547,528
2026-08-19,A,AST-002,480,0,0,3,42.8,544,531
2026-08-19,B,AST-002,480,0,0,4,42.8,553,534
2026-08-20,A,AST-002,480,0,0,8,42.8,537,518
2026-08-20,B,AST-002,480,0,0,40,42.8,478,464
2026-08-21,A,AST-002,480,0,0,21,42.8,533,516
2026-08-21,B,AST-002,480,0,0,2,42.8,555,528
2026-08-22,A,AST-002,480,0,120,2,42.8,364,347
2026-08-24,A,AST-002,480,0,0,15,42.8,400,370
2026-08-24,B,AST-002,480,0,0,9,42.8,508,474
2026-08-25,A,AST-002,480,420,0,2,42.8,66,64
2026-08-25,B,AST-002,480,480,0,23,42.8,0,0
2026-08-26,A,AST-002,480,480,0,10,42.8,0,0
2026-08-26,B,AST-002,480,480,0,1,42.8,0,0
2026-08-27,A,AST-002,480,480,0,19,42.8,0,0
2026-08-27,B,AST-002,480,480,0,13,42.8,0,0
2026-08-28,A,AST-002,480,480,0,2,42.8,0,0
2026-08-28,B,AST-002,480,480,0,3,42.8,0,0
2026-08-29,A,AST-002,480,480,0,4,42.8,0,0
2026-08-31,A,AST-002,480,0,0,12,42.8,548,537
2026-08-31,B,AST-002,480,0,0,27,42.8,508,496
2026-09-01,A,AST-002,480,0,0,6,42.8,558,553
2026-09-01,B,AST-002,480,0,0,0,42.8,577,565
2026-09-02,A,AST-002,480,0,0,35,42.8,509,500
2026-09-02,B,AST-002,480,0,0,4,42.8,530,524
2026-09-03,A,AST-002,480,0,0,40,42.8,521,508
2026-09-03,B,AST-002,480,0,0,15,42.8,582,567
2026-09-04,A,AST-002,480,0,0,4,42.8,563,554
2026-09-04,B,AST-002,480,0,0,1,42.8,556,547
2026-09-05,A,AST-002,480,0,0,23,42.8,537,530
2026-09-07,A,AST-002,480,0,0,1,42.8,569,558
2026-09-07,B,AST-002,480,0,0,2,42.8,543,525
2026-09-08,A,AST-002,480,0,0,1,42.8,524,504
2026-09-08,B,AST-002,480,0,0,7,42.8,492,470
2026-09-09,A,AST-002,480,0,0,2,42.8,470,442
2026-09-09,B,AST-002,480,0,0,28,42.8,445,418
2026-09-10,A,AST-002,480,180,0,28,42.8,284,269
2026-09-10,B,AST-002,480,480,0,6,42.8,0,0
2026-09-11,A,AST-002,480,480,0,11,42.8,0,0
2026-09-11,B,AST-002,480,480,0,28,42.8,0,0
2026-09-12,A,AST-002,480,480,0,12,42.8,0,0
2026-09-14,A,AST-002,480,0,0,40,42.8,539,532
2026-09-14,B,AST-002,480,0,0,5,42.8,585,578
2026-09-15,A,AST-002,480,0,0,13,42.8,512,504
2026-09-15,B,AST-002,480,0,0,13,42.8,560,549
2026-09-16,A,AST-002,480,0,0,10,42.8,564,552
2026-09-16,B,AST-002,480,0,0,9,42.8,557,547
2026-09-17,A,AST-002,480,0,0,2,42.8,575,566
2026-09-17,B,AST-002,480,0,0,19,42.8,551,544
2026-09-18,A,AST-002,480,0,0,40,42.8,525,518
2026-09-18,B,AST-002,480,0,0,29,42.8,515,508
2026-09-19,A,AST-002,480,0,0,29,42.8,528,515
2026-09-21,A,AST-002,480,0,120,4,42.8,427,418
2026-09-21,B,AST-002,480,0,0,2,42.8,560,553
2026-09-22,A,AST-002,480,0,0,20,42.8,534,521
2026-09-22,B,AST-002,480,0,0,21,42.8,539,528
2026-09-23,A,AST-002,480,0,0,19,42.8,565,552
2026-09-23,B,AST-002,480,0,0,4,42.8,510,499
2026-09-24,A,AST-002,480,0,0,1,42.8,566,559
2026-09-24,B,AST-002,480,0,0,30,42.8,537,534
2026-09-25,A,AST-002,480,0,0,0,42.8,579,567
2026-09-25,B,AST-002,480,0,0,11,42.8,561,552
2026-09-26,A,AST-002,480,0,0,4,42.8,557,547
2026-09-28,A,AST-002,480,0,0,13,42.8,560,548
2026-09-28,B,AST-002,480,0,0,13,42.8,549,543
2026-06-01,A,AST-003,480,0,0,18,49.4,517,509
2026-06-01,B,AST-003,480,0,0,3,49.4,507,502
2026-06-02,A,AST-003,480,0,0,40,49.4,467,456
2026-06-02,B,AST-003,480,0,0,15,49.4,483,475
2026-06-03,A,AST-003,480,0,0,40,49.4,439,431
2026-06-03,B,AST-003,480,0,0,13,49.4,477,467
2026-06-04,A,AST-003,480,0,0,13,49.4,486,478
2026-06-04,B,AST-003,480,0,0,5,49.4,496,487
2026-06-05,A,AST-003,480,0,120,11,49.4,342,334
2026-06-05,B,AST-003,480,0,0,14,49.4,458,447
2026-06-06,A,AST-003,480,0,0,5,49.4,488,480
2026-06-08,A,AST-003,480,0,0,25,49.4,455,448
2026-06-08,B,AST-003,480,0,0,14,49.4,498,489
2026-06-09,A,AST-003,480,0,0,24,49.4,467,460
2026-06-09,B,AST-003,480,0,0,10,49.4,475,469
2026-06-10,A,AST-003,480,0,0,10,49.4,477,471
2026-06-10,B,AST-003,480,0,0,8,49.4,498,488
2026-06-11,A,AST-003,480,0,0,40,49.4,453,443
2026-06-11,B,AST-003,480,0,0,0,49.4,475,459
2026-06-12,A,AST-003,480,0,0,10,49.4,476,466
2026-06-12,B,AST-003,480,0,0,13,49.4,441,423
2026-06-13,A,AST-003,480,0,0,3,49.4,447,427
2026-06-15,A,AST-003,480,0,0,0,49.4,392,364
2026-06-15,B,AST-003,480,210,0,13,49.4,232,221
2026-06-16,A,AST-003,480,480,0,1,49.4,0,0
2026-06-16,B,AST-003,480,390,0,25,49.4,61,59
2026-06-17,A,AST-003,480,0,0,9,49.4,482,469
2026-06-17,B,AST-003,480,0,0,4,49.4,486,481
2026-06-18,A,AST-003,480,0,0,35,49.4,470,461
2026-06-18,B,AST-003,480,0,0,7,49.4,491,484
2026-06-19,A,AST-003,480,0,0,1,49.4,451,441
2026-06-19,B,AST-003,480,0,0,0,49.4,474,464
2026-06-20,A,AST-003,480,0,0,15,49.4,467,459
2026-06-22,A,AST-003,480,0,0,40,49.4,450,442
2026-06-22,B,AST-003,480,0,0,5,49.4,529,524
2026-06-23,A,AST-003,480,0,0,1,49.4,477,466
2026-06-23,B,AST-003,480,0,0,40,49.4,439,431
2026-06-24,A,AST-003,480,0,0,31,49.4,446,445
2026-06-24,B,AST-003,480,0,0,13,49.4,479,473
2026-06-25,A,AST-003,480,0,0,13,49.4,482,473
2026-06-25,B,AST-003,480,0,0,4,49.4,473,466
2026-06-26,A,AST-003,480,0,0,6,49.4,489,480
2026-06-26,B,AST-003,480,0,0,1,49.4,456,451
2026-06-27,A,AST-003,480,0,0,4,49.4,465,457
2026-06-29,A,AST-003,480,0,0,24,49.4,444,439
2026-06-29,B,AST-003,480,0,0,20,49.4,499,491
2026-06-30,A,AST-003,480,0,0,10,49.4,511,505
2026-06-30,B,AST-003,480,0,0,9,49.4,474,467
2026-07-01,A,AST-003,480,0,0,5,49.4,462,456
2026-07-01,B,AST-003,480,0,0,2,49.4,501,490
2026-07-02,A,AST-003,480,0,0,9,49.4,482,474
2026-07-02,B,AST-003,480,0,0,24,49.4,451,442
2026-07-03,A,AST-003,480,0,0,10,49.4,490,485
2026-07-03,B,AST-003,480,0,0,4,49.4,505,497
2026-07-04,A,AST-003,480,0,0,16,49.4,504,495
2026-07-06,A,AST-003,480,0,0,20,49.4,460,452
2026-07-06,B,AST-003,480,0,0,7,49.4,507,495
2026-07-07,A,AST-003,480,0,0,13,49.4,476,466
2026-07-07,B,AST-003,480,0,0,13,49.4,500,494
2026-07-08,A,AST-003,480,0,0,2,49.4,482,473
2026-07-08,B,AST-003,480,0,0,8,49.4,497,485
2026-07-09,A,AST-003,480,0,0,6,49.4,480,472
2026-07-09,B,AST-003,480,0,0,7,49.4,506,493
2026-07-10,A,AST-003,480,0,0,38,49.4,431,424
2026-07-10,B,AST-003,480,0,0,4,49.4,464,455
2026-07-11,A,AST-003,480,0,0,0,49.4,496,489
2026-07-13,A,AST-003,480,0,0,2,49.4,474,464
2026-07-13,B,AST-003,480,0,0,6,49.4,479,470
2026-07-14,A,AST-003,480,0,0,40,49.4,466,460
2026-07-14,B,AST-003,480,0,0,8,49.4,460,455
2026-07-15,A,AST-003,480,0,0,2,49.4,503,497
2026-07-15,B,AST-003,480,0,0,5,49.4,503,494
2026-07-16,A,AST-003,480,0,0,12,49.4,491,486
2026-07-16,B,AST-003,480,0,0,31,49.4,482,475
2026-07-17,A,AST-003,480,0,0,15,49.4,498,490
2026-07-17,B,AST-003,480,0,0,9,49.4,452,445
2026-07-18,A,AST-003,480,0,0,14,49.4,458,452
2026-07-20,A,AST-003,480,0,0,40,49.4,475,466
2026-07-20,B,AST-003,480,0,0,10,49.4,470,459
2026-07-21,A,AST-003,480,0,0,16,49.4,463,454
2026-07-21,B,AST-003,480,0,0,11,49.4,474,469
2026-07-22,A,AST-003,480,0,0,4,49.4,506,498
2026-07-22,B,AST-003,480,0,0,14,49.4,475,468
2026-07-23,A,AST-003,480,0,0,28,49.4,467,455
2026-07-23,B,AST-003,480,0,0,4,49.4,503,490
2026-07-24,A,AST-003,480,0,0,28,49.4,450,443
2026-07-24,B,AST-003,480,0,0,3,49.4,497,489
2026-07-25,A,AST-003,480,0,0,2,49.4,452,441
2026-07-27,A,AST-003,480,0,0,3,49.4,463,447
2026-07-27,B,AST-003,480,0,0,7,49.4,491,477
2026-07-28,A,AST-003,480,0,0,30,49.4,455,441
2026-07-28,B,AST-003,480,0,0,31,49.4,431,415
2026-07-29,A,AST-003,480,0,0,7,49.4,436,417
2026-07-29,B,AST-003,480,0,0,5,49.4,454,434
2026-07-30,A,AST-003,480,0,0,4,49.4,418,399
2026-07-30,B,AST-003,480,0,0,12,49.4,426,401
2026-07-31,A,AST-003,480,0,0,30,49.4,432,407
2026-07-31,B,AST-003,480,0,0,3,49.4,432,407
2026-08-01,A,AST-003,480,0,0,4,49.4,431,400
2026-08-03,A,AST-003,480,480,0,0,49.4,0,0
2026-08-03,B,AST-003,480,480,0,12,49.4,0,0
2026-08-04,A,AST-003,480,0,120,10,49.4,367,362
2026-08-04,B,AST-003,480,0,0,17,49.4,455,448
2026-08-05,A,AST-003,480,0,0,0,49.4,459,452
2026-08-05,B,AST-003,480,0,0,3,49.4,497,491
2026-08-06,A,AST-003,480,0,0,5,49.4,455,448
2026-08-06,B,AST-003,480,0,0,5,49.4,489,483
2026-08-07,A,AST-003,480,0,0,9,49.4,493,486
2026-08-07,B,AST-003,480,0,0,40,49.4,445,441
2026-08-08,A,AST-003,480,0,0,1,49.4,499,492
2026-08-10,A,AST-003,480,0,0,3,49.4,488,479
2026-08-10,B,AST-003,480,0,0,6,49.4,483,473
2026-08-11,A,AST-003,480,0,0,37,49.4,445,439
2026-08-11,B,AST-003,480,0,0,6,49.4,482,471
2026-08-12,A,AST-003,480,0,0,5,49.4,489,482
2026-08-12,B,AST-003,480,0,0,40,49.4,447,439
2026-08-13,A,AST-003,480,0,0,29,49.4,463,454
2026-08-13,B,AST-003,480,0,0,26,49.4,451,443
2026-08-14,A,AST-003,480,0,0,24,49.4,463,458
2026-08-14,B,AST-003,480,0,0,9,49.4,484,477
2026-08-15,A,AST-003,480,0,0,40,49.4,464,457
2026-08-17,A,AST-003,480,0,0,40,49.4,447,437
2026-08-17,B,AST-003,480,0,0,17,49.4,479,469
2026-08-18,A,AST-003,480,0,0,40,49.4,418,407
2026-08-18,B,AST-003,480,0,0,11,49.4,457,450
2026-08-19,A,AST-003,480,0,0,8,49.4,496,485
2026-08-19,B,AST-003,480,0,0,40,49.4,421,413
2026-08-20,A,AST-003,480,0,0,19,49.4,445,438
2026-08-20,B,AST-003,480,0,0,6,49.4,451,444
2026-08-21,A,AST-003,480,0,0,3,49.4,499,491
2026-08-21,B,AST-003,480,0,0,18,49.4,480,470
2026-08-22,A,AST-003,480,0,0,20,49.4,481,472
2026-08-24,A,AST-003,480,0,0,1,49.4,482,474
2026-08-24,B,AST-003,480,0,0,7,49.4,514,508
2026-08-25,A,AST-003,480,0,0,2,49.4,494,487
2026-08-25,B,AST-003,480,0,0,15,49.4,465,457
2026-08-26,A,AST-003,480,0,0,3,49.4,470,465
2026-08-26,B,AST-003,480,0,0,13,49.4,484,471
2026-08-27,A,AST-003,480,0,0,25,49.4,453,447
2026-08-27,B,AST-003,480,0,0,4,49.4,503,498
2026-08-28,A,AST-003,480,0,0,4,49.4,506,490
2026-08-28,B,AST-003,480,0,0,11,49.4,493,482
2026-08-29,A,AST-003,480,0,0,6,49.4,513,502
2026-08-31,A,AST-003,480,0,0,22,49.4,441,436
2026-08-31,B,AST-003,480,0,0,9,49.4,466,461
2026-09-01,A,AST-003,480,0,0,31,49.4,425,419
2026-09-01,B,AST-003,480,0,0,2,49.4,500,490
2026-09-02,A,AST-003,480,0,0,11,49.4,476,469
2026-09-02,B,AST-003,480,0,0,5,49.4,482,477
2026-09-03,A,AST-003,480,0,120,13,49.4,349,342
2026-09-03,B,AST-003,480,0,0,12,49.4,502,495
2026-09-04,A,AST-003,480,0,0,40,49.4,474,464
2026-09-04,B,AST-003,480,0,0,2,49.4,480,471
2026-09-05,A,AST-003,480,0,0,1,49.4,533,524
2026-09-07,A,AST-003,480,0,0,8,49.4,479,475
2026-09-07,B,AST-003,480,0,0,7,49.4,492,482
2026-09-08,A,AST-003,480,0,0,27,49.4,482,478
2026-09-08,B,AST-003,480,0,0,40,49.4,450,438
2026-09-09,A,AST-003,480,0,0,33,49.4,438,434
2026-09-09,B,AST-003,480,0,0,9,49.4,473,468
2026-09-10,A,AST-003,480,0,0,15,49.4,465,460
2026-09-10,B,AST-003,480,0,0,12,49.4,471,462
2026-09-11,A,AST-003,480,0,0,40,49.4,447,440
2026-09-11,B,AST-003,480,0,0,7,49.4,475,468
2026-09-12,A,AST-003,480,0,0,8,49.4,492,482
2026-09-14,A,AST-003,480,0,0,26,49.4,435,432
2026-09-14,B,AST-003,480,0,0,3,49.4,471,461
2026-09-15,A,AST-003,480,0,0,34,49.4,451,445
2026-09-15,B,AST-003,480,0,0,23,49.4,475,461
2026-09-16,A,AST-003,480,0,0,1,49.4,481,473
2026-09-16,B,AST-003,480,0,0,6,49.4,465,458
2026-09-17,A,AST-003,480,0,0,22,49.4,473,466
2026-09-17,B,AST-003,480,0,0,15,49.4,465,458
2026-09-18,A,AST-003,480,0,0,19,49.4,446,441
2026-09-18,B,AST-003,480,0,0,15,49.4,470,460
2026-09-19,A,AST-003,480,0,0,2,49.4,488,486
2026-09-21,A,AST-003,480,0,0,8,49.4,490,480
2026-09-21,B,AST-003,480,0,0,16,49.4,466,459
2026-09-22,A,AST-003,480,0,0,10,49.4,476,470
2026-09-22,B,AST-003,480,0,0,9,49.4,455,444
2026-09-23,A,AST-003,480,0,0,28,49.4,461,456
2026-09-23,B,AST-003,480,0,0,9,49.4,510,504
2026-09-24,A,AST-003,480,0,0,3,49.4,488,480
2026-09-24,B,AST-003,480,0,0,14,49.4,504,496
2026-09-25,A,AST-003,480,0,0,8,49.4,497,490
2026-09-25,B,AST-003,480,0,0,7,49.4,474,466
2026-09-26,A,AST-003,480,0,0,11,49.4,432,427
2026-09-28,A,AST-003,480,0,0,2,49.4,487,482
2026-09-28,B,AST-003,480,0,0,36,49.4,455,442
2026-06-01,A,AST-004,480,0,0,10,45.1,530,520
2026-06-01,B,AST-004,480,0,0,13,45.1,521,514
2026-06-02,A,AST-004,480,0,0,14,45.1,499,495
2026-06-02,B,AST-004,480,0,0,40,45.1,511,504
2026-06-03,A,AST-004,480,0,0,3,45.1,519,507
2026-06-03,B,AST-004,480,0,0,10,45.1,511,502
2026-06-04,A,AST-004,480,0,0,21,45.1,537,524
2026-06-04,B,AST-004,480,0,0,21,45.1,525,516
2026-06-05,A,AST-004,480,0,0,22,45.1,516,507
2026-06-05,B,AST-004,480,0,0,6,45.1,538,529
2026-06-06,A,AST-004,480,0,0,22,45.1,523,515
2026-06-08,A,AST-004,480,0,0,6,45.1,510,502
2026-06-08,B,AST-004,480,0,0,6,45.1,529,523
2026-06-09,A,AST-004,480,0,0,13,45.1,519,508
2026-06-09,B,AST-004,480,0,0,3,45.1,526,519
2026-06-10,A,AST-004,480,0,0,0,45.1,525,518
2026-06-10,B,AST-004,480,0,0,0,45.1,539,529
2026-06-11,A,AST-004,480,0,0,1,45.1,516,504
2026-06-11,B,AST-004,480,0,0,1,45.1,510,504
2026-06-12,A,AST-004,480,0,0,6,45.1,533,522
2026-06-12,B,AST-004,480,0,0,0,45.1,551,545
2026-06-13,A,AST-004,480,0,0,4,45.1,529,523
2026-06-15,A,AST-004,480,0,0,1,45.1,538,522
2026-06-15,B,AST-004,480,0,0,13,45.1,485,478
2026-06-16,A,AST-004,480,0,0,31,45.1,523,517
2026-06-16,B,AST-004,480,0,0,8,45.1,540,530
2026-06-17,A,AST-004,480,0,0,14,45.1,548,538
2026-06-17,B,AST-004,480,0,0,11,45.1,518,514
2026-06-18,A,AST-004,480,0,0,10,45.1,577,569
2026-06-18,B,AST-004,480,0,0,40,45.1,476,475
2026-06-19,A,AST-004,480,0,0,12,45.1,496,492
2026-06-19,B,AST-004,480,0,0,1,45.1,530,522
2026-06-20,A,AST-004,480,0,0,19,45.1,502,496
2026-06-22,A,AST-004,480,0,120,1,45.1,410,403
2026-06-22,B,AST-004,480,0,0,29,45.1,566,560
2026-06-23,A,AST-004,480,0,0,0,45.1,506,499
2026-06-23,B,AST-004,480,0,0,30,45.1,477,471
2026-06-24,A,AST-004,480,0,0,8,45.1,486,481
2026-06-24,B,AST-004,480,0,0,9,45.1,540,529
2026-06-25,A,AST-004,480,0,0,28,45.1,526,518
2026-06-25,B,AST-004,480,0,0,0,45.1,531,524
2026-06-26,A,AST-004,480,0,0,13,45.1,547,540
2026-06-26,B,AST-004,480,0,0,7,45.1,516,508
2026-06-27,A,AST-004,480,0,0,0,45.1,514,504
2026-06-29,A,AST-004,480,0,0,16,45.1,534,527
2026-06-29,B,AST-004,480,0,0,25,45.1,503,500
2026-06-30,A,AST-004,480,0,0,10,45.1,508,502
2026-06-30,B,AST-004,480,0,0,20,45.1,481,476
2026-07-01,A,AST-004,480,0,0,40,45.1,490,478
2026-07-01,B,AST-004,480,0,0,0,45.1,525,517
2026-07-02,A,AST-004,480,0,0,13,45.1,504,494
2026-07-02,B,AST-004,480,0,0,5,45.1,511,501
2026-07-03,A,AST-004,480,0,0,4,45.1,498,484
2026-07-03,B,AST-004,480,0,0,13,45.1,522,510
2026-07-04,A,AST-004,480,0,0,3,45.1,509,495
2026-07-06,A,AST-004,480,0,0,0,45.1,501,481
2026-07-06,B,AST-004,480,0,0,20,45.1,477,455
2026-07-07,A,AST-004,480,0,0,20,45.1,450,429
2026-07-07,B,AST-004,480,0,0,2,45.1,486,456
2026-07-08,A,AST-004,480,0,0,1,45.1,435,410
2026-07-08,B,AST-004,480,0,0,13,45.1,446,421
2026-07-09,A,AST-004,480,0,0,23,45.1,467,436
2026-07-09,B,AST-004,480,0,0,12,45.1,444,413
2026-07-10,A,AST-004,480,300,0,0,45.1,196,189
2026-07-10,B,AST-004,480,480,0,1,45.1,0,0
2026-07-11,A,AST-004,480,0,0,5,45.1,550,540
2026-07-13,A,AST-004,480,0,0,0,45.1,549,542
2026-07-13,B,AST-004,480,0,0,38,45.1,483,471
2026-07-14,A,AST-004,480,0,0,1,45.1,536,530
2026-07-14,B,AST-004,480,0,0,12,45.1,535,523
2026-07-15,A,AST-004,480,0,0,1,45.1,528,520
2026-07-15,B,AST-004,480,0,0,4,45.1,498,489
2026-07-16,A,AST-004,480,0,0,20,45.1,555,547
2026-07-16,B,AST-004,480,0,0,40,45.1,488,478
2026-07-17,A,AST-004,480,0,0,15,45.1,500,493
2026-07-17,B,AST-004,480,0,0,25,45.1,505,497
2026-07-18,A,AST-004,480,0,0,19,45.1,508,498
2026-07-20,A,AST-004,480,0,0,10,45.1,527,516
2026-07-20,B,AST-004,480,0,0,5,45.1,543,531
2026-07-21,A,AST-004,480,0,0,4,45.1,522,515
2026-07-21,B,AST-004,480,0,0,12,45.1,534,521
2026-07-22,A,AST-004,480,0,120,7,45.1,388,381
2026-07-22,B,AST-004,480,0,0,3,45.1,524,517
2026-07-23,A,AST-004,480,0,0,4,45.1,529,518
2026-07-23,B,AST-004,480,0,0,13,45.1,541,531
2026-07-24,A,AST-004,480,0,0,8,45.1,537,531
2026-07-24,B,AST-004,480,0,0,4,45.1,545,535
2026-07-25,A,AST-004,480,0,0,2,45.1,549,543
2026-07-27,A,AST-004,480,0,0,6,45.1,532,523
2026-07-27,B,AST-004,480,0,0,14,45.1,498,486
2026-07-28,A,AST-004,480,0,0,25,45.1,501,489
2026-07-28,B,AST-004,480,0,0,6,45.1,520,509
2026-07-29,A,AST-004,480,0,0,2,45.1,544,526
2026-07-29,B,AST-004,480,0,0,9,45.1,510,493
2026-07-30,A,AST-004,480,0,0,1,45.1,477,461
2026-07-30,B,AST-004,480,0,0,7,45.1,474,453
2026-07-31,A,AST-004,480,0,0,18,45.1,514,492
2026-07-31,B,AST-004,480,0,0,2,45.1,478,449
2026-08-01,A,AST-004,480,0,0,1,45.1,476,448
2026-08-03,A,AST-004,480,480,0,4,45.1,0,0
2026-08-03,B,AST-004,480,480,0,8,45.1,0,0
2026-08-04,A,AST-004,480,480,0,0,45.1,0,0
2026-08-04,B,AST-004,480,480,0,14,45.1,0,0
2026-08-05,A,AST-004,480,480,0,30,45.1,0,0
2026-08-05,B,AST-004,480,480,0,13,45.1,0,0
2026-08-06,A,AST-004,480,480,0,3,45.1,0,0
2026-08-06,B,AST-004,480,480,0,12,45.1,0,0
2026-08-07,A,AST-004,480,0,0,4,45.1,537,528
2026-08-07,B,AST-004,480,0,0,2,45.1,539,529
2026-08-08,A,AST-004,480,0,0,2,45.1,526,520
2026-08-10,A,AST-004,480,0,0,7,45.1,551,547
2026-08-10,B,AST-004,480,0,0,1,45.1,542,540
2026-08-11,A,AST-004,480,0,0,40,45.1,477,466
2026-08-11,B,AST-004,480,0,0,5,45.1,537,530
2026-08-12,A,AST-004,480,0,0,11,45.1,539,535
2026-08-12,B,AST-004,480,0,0,18,45.1,509,499
2026-08-13,A,AST-004,480,0,0,6,45.1,546,537
2026-08-13,B,AST-004,480,0,0,5,45.1,530,521
2026-08-14,A,AST-004,480,0,0,0,45.1,533,518
2026-08-14,B,AST-004,480,0,0,1,45.1,519,509
2026-08-15,A,AST-004,480,0,0,22,45.1,512,504
2026-08-17,A,AST-004,480,0,0,28,45.1,499,490
2026-08-17,B,AST-004,480,0,0,31,45.1,492,485
2026-08-18,A,AST-004,480,0,0,11,45.1,544,537
2026-08-18,B,AST-004,480,0,0,40,45.1,502,491
2026-08-19,A,AST-004,480,0,0,11,45.1,515,510
2026-08-19,B,AST-004,480,0,0,3,45.1,529,522
2026-08-20,A,AST-004,480,0,0,30,45.1,535,528
2026-08-20,B,AST-004,480,0,0,17,45.1,516,506
2026-08-21,A,AST-004,480,0,120,40,45.1,385,378
2026-08-21,B,AST-004,480,0,0,8,45.1,513,506
2026-08-22,A,AST-004,480,0,0,7,45.1,531,521
2026-08-24,A,AST-004,480,0,0,8,45.1,544,535
2026-08-24,B,AST-004,480,0,0,16,45.1,510,499
2026-08-25,A,AST-004,480,0,0,3,45.1,557,546
2026-08-25,B,AST-004,480,0,0,29,45.1,487,480
2026-08-26,A,AST-004,480,0,0,8,45.1,563,554
2026-08-26,B,AST-004,480,0,0,10,45.1,498,492
2026-08-27,A,AST-004,480,0,0,0,45.1,560,547
2026-08-27,B,AST-004,480,0,0,22,45.1,524,516
2026-08-28,A,AST-004,480,0,0,14,45.1,530,517
2026-08-28,B,AST-004,480,0,0,15,45.1,486,477
2026-08-29,A,AST-004,480,0,0,17,45.1,521,507
2026-08-31,A,AST-004,480,0,0,40,45.1,473,468
2026-08-31,B,AST-004,480,0,0,1,45.1,517,506
2026-09-01,A,AST-004,480,0,0,19,45.1,526,517
2026-09-01,B,AST-004,480,0,0,38,45.1,495,483
2026-09-02,A,AST-004,480,0,0,2,45.1,534,522
2026-09-02,B,AST-004,480,0,0,9,45.1,519,507
2026-09-03,A,AST-004,480,0,0,20,45.1,496,486
2026-09-03,B,AST-004,480,0,0,1,45.1,533,518
2026-09-04,A,AST-004,480,0,0,29,45.1,491,482
2026-09-04,B,AST-004,480,0,0,20,45.1,529,525
2026-09-05,A,AST-004,480,0,0,11,45.1,534,525
2026-09-07,A,AST-004,480,0,0,1,45.1,567,553
2026-09-07,B,AST-004,480,0,0,25,45.1,471,463
2026-09-08,A,AST-004,480,0,0,6,45.1,545,538
2026-09-08,B,AST-004,480,0,0,13,45.1,513,502
2026-09-09,A,AST-004,480,0,0,0,45.1,539,531
2026-09-09,B,AST-004,480,0,0,12,45.1,545,538
2026-09-10,A,AST-004,480,0,0,8,45.1,519,513
2026-09-10,B,AST-004,480,0,0,8,45.1,512,504
2026-09-11,A,AST-004,480,0,0,36,45.1,506,498
2026-09-11,B,AST-004,480,0,0,14,45.1,523,513
2026-09-12,A,AST-004,480,0,0,26,45.1,523,516
2026-09-14,A,AST-004,480,0,0,10,45.1,527,522
2026-09-14,B,AST-004,480,0,0,5,45.1,543,538
2026-09-15,A,AST-004,480,0,0,10,45.1,521,512
2026-09-15,B,AST-004,480,0,0,16,45.1,486,481
2026-09-16,A,AST-004,480,0,0,6,45.1,567,557
2026-09-16,B,AST-004,480,0,0,37,45.1,496,490
2026-09-17,A,AST-004,480,0,0,22,45.1,522,513
2026-09-17,B,AST-004,480,0,0,11,45.1,525,516
2026-09-18,A,AST-004,480,0,0,16,45.1,547,541
2026-09-18,B,AST-004,480,0,0,3,45.1,543,534
2026-09-19,A,AST-004,480,0,0,25,45.1,515,502
2026-09-21,A,AST-004,480,0,0,1,45.1,572,563
2026-09-21,B,AST-004,480,0,0,10,45.1,557,545
2026-09-22,A,AST-004,480,0,0,9,45.1,546,541
2026-09-22,B,AST-004,480,0,0,9,45.1,502,490
2026-09-23,A,AST-004,480,0,0,7,45.1,506,494
2026-09-23,B,AST-004,480,0,0,2,45.1,550,542
2026-09-24,A,AST-004,480,0,0,40,45.1,473,466
2026-09-24,B,AST-004,480,0,0,21,45.1,494,489
2026-09-25,A,AST-004,480,0,0,5,45.1,542,531
2026-09-25,B,AST-004,480,0,0,1,45.1,531,524
2026-09-26,A,AST-004,480,0,0,12,45.1,496,485
2026-09-28,A,AST-004,480,0,0,26,45.1,512,504
2026-09-28,B,AST-004,480,0,0,8,45.1,524,520
2026-06-01,A,AST-005,480,0,0,40,40.6,546,539
2026-06-01,B,AST-005,480,0,0,4,40.6,582,575
2026-06-02,A,AST-005,480,0,0,1,40.6,580,572
2026-06-02,B,AST-005,480,0,0,18,40.6,587,577
2026-06-03,A,AST-005,480,0,0,1,40.6,648,644
2026-06-03,B,AST-005,480,0,0,13,40.6,559,554
2026-06-04,A,AST-005,480,0,0,3,40.6,578,571
2026-06-04,B,AST-005,480,0,0,4,40.6,587,578
2026-06-05,A,AST-005,480,0,0,10,40.6,580,568
2026-06-05,B,AST-005,480,0,0,6,40.6,564,557
2026-06-06,A,AST-005,480,0,0,14,40.6,594,583
2026-06-08,A,AST-005,480,0,0,16,40.6,585,578
2026-06-08,B,AST-005,480,0,0,1,40.6,633,623
2026-06-09,A,AST-005,480,0,0,23,40.6,554,545
2026-06-09,B,AST-005,480,0,0,28,40.6,562,551
2026-06-10,A,AST-005,480,0,0,8,40.6,593,583
2026-06-10,B,AST-005,480,0,0,18,40.6,590,575
2026-06-11,A,AST-005,480,0,0,24,40.6,561,553
2026-06-11,B,AST-005,480,0,0,7,40.6,591,588
2026-06-12,A,AST-005,480,0,0,2,40.6,609,598
2026-06-12,B,AST-005,480,0,0,6,40.6,601,594
2026-06-13,A,AST-005,480,0,120,3,40.6,426,417
2026-06-15,A,AST-005,480,0,0,6,40.6,579,569
2026-06-15,B,AST-005,480,0,0,40,40.6,575,562
2026-06-16,A,AST-005,480,0,0,3,40.6,566,559
2026-06-16,B,AST-005,480,0,0,38,40.6,538,531
2026-06-17,A,AST-005,480,0,0,23,40.6,553,546
2026-06-17,B,AST-005,480,0,0,14,40.6,554,547
2026-06-18,A,AST-005,480,0,0,4,40.6,598,587
2026-06-18,B,AST-005,480,0,0,40,40.6,570,560
2026-06-19,A,AST-005,480,0,0,16,40.6,547,541
2026-06-19,B,AST-005,480,0,0,11,40.6,577,569
2026-06-20,A,AST-005,480,0,0,23,40.6,567,562
2026-06-22,A,AST-005,480,0,0,4,40.6,581,572
2026-06-22,B,AST-005,480,0,0,12,40.6,575,562
2026-06-23,A,AST-005,480,0,0,8,40.6,619,608
2026-06-23,B,AST-005,480,0,0,40,40.6,536,530
2026-06-24,A,AST-005,480,0,0,6,40.6,594,586
2026-06-24,B,AST-005,480,0,0,36,40.6,531,527
2026-06-25,A,AST-005,480,0,0,12,40.6,575,567
2026-06-25,B,AST-005,480,0,0,40,40.6,582,573
2026-06-26,A,AST-005,480,0,0,18,40.6,569,562
2026-06-26,B,AST-005,480,0,0,13,40.6,582,575
2026-06-27,A,AST-005,480,0,0,12,40.6,598,589
2026-06-29,A,AST-005,480,0,0,25,40.6,583,575
2026-06-29,B,AST-005,480,0,0,40,40.6,581,572
2026-06-30,A,AST-005,480,0,0,10,40.6,570,557
2026-06-30,B,AST-005,480,0,0,17,40.6,587,576
2026-07-01,A,AST-005,480,0,0,14,40.6,572,567
2026-07-01,B,AST-005,480,0,0,8,40.6,597,592
2026-07-02,A,AST-005,480,0,0,27,40.6,566,559
2026-07-02,B,AST-005,480,0,0,0,40.6,605,589
2026-07-03,A,AST-005,480,0,0,25,40.6,551,545
2026-07-03,B,AST-005,480,0,0,11,40.6,595,587
2026-07-04,A,AST-005,480,0,0,2,40.6,580,570
2026-07-06,A,AST-005,480,0,0,13,40.6,605,594
2026-07-06,B,AST-005,480,0,0,8,40.6,587,575
2026-07-07,A,AST-005,480,0,0,9,40.6,549,536
2026-07-07,B,AST-005,480,0,0,9,40.6,637,632
2026-07-08,A,AST-005,480,0,0,40,40.6,560,554
2026-07-08,B,AST-005,480,0,0,40,40.6,526,514
2026-07-09,A,AST-005,480,0,0,5,40.6,558,545
2026-07-09,B,AST-005,480,0,0,12,40.6,545,526
2026-07-10,A,AST-005,480,0,0,40,40.6,543,526
2026-07-10,B,AST-005,480,0,0,6,40.6,547,529
2026-07-11,A,AST-005,480,0,0,23,40.6,528,505
2026-07-13,A,AST-005,480,0,120,6,40.6,370,345
2026-07-13,B,AST-005,480,0,0,22,40.6,467,438
2026-07-14,A,AST-005,480,390,0,13,40.6,97,95
2026-07-14,B,AST-005,480,0,0,2,40.6,616,607
2026-07-15,A,AST-005,480,0,0,5,40.6,601,591
2026-07-15,B,AST-005,480,0,0,0,40.6,586,576
2026-07-16,A,AST-005,480,0,0,0,40.6,628,619
2026-07-16,B,AST-005,480,0,0,1,40.6,592,583
2026-07-17,A,AST-005,480,0,0,9,40.6,597,586
2026-07-17,B,AST-005,480,0,0,20,40.6,571,556
2026-07-18,A,AST-005,480,0,0,1,40.6,581,568
2026-07-20,A,AST-005,480,0,0,24,40.6,550,539
2026-07-20,B,AST-005,480,0,0,36,40.6,541,532
2026-07-21,A,AST-005,480,0,0,12,40.6,540,530
2026-07-21,B,AST-005,480,0,0,5,40.6,584,578
2026-07-22,A,AST-005,480,0,0,30,40.6,579,569
2026-07-22,B,AST-005,480,0,0,32,40.6,519,510
2026-07-23,A,AST-005,480,0,0,13,40.6,528,521
2026-07-23,B,AST-005,480,0,0,34,40.6,581,565
2026-07-24,A,AST-005,480,0,0,18,40.6,602,598
2026-07-24,B,AST-005,480,0,0,5,40.6,574,568
2026-07-25,A,AST-005,480,0,0,37,40.6,567,557
2026-07-27,A,AST-005,480,0,0,8,40.6,557,544
2026-07-27,B,AST-005,480,0,0,11,40.6,567,553
2026-07-28,A,AST-005,480,0,0,3,40.6,537,526
2026-07-28,B,AST-005,480,0,0,21,40.6,517,508
2026-07-29,A,AST-005,480,0,0,34,40.6,567,560
2026-07-29,B,AST-005,480,0,0,15,40.6,564,556
2026-07-30,A,AST-005,480,0,0,4,40.6,614,610
2026-07-30,B,AST-005,480,0,0,12,40.6,570,552
2026-07-31,A,AST-005,480,0,0,7,40.6,605,598
2026-07-31,B,AST-005,480,0,0,25,40.6,576,567
2026-08-01,A,AST-005,480,0,0,11,40.6,607,599
2026-08-03,A,AST-005,480,0,0,19,40.6,564,555
2026-08-03,B,AST-005,480,0,0,40,40.6,551,539
2026-08-04,A,AST-005,480,0,0,12,40.6,594,589
2026-08-04,B,AST-005,480,0,0,5,40.6,572,562
2026-08-05,A,AST-005,480,0,0,7,40.6,565,552
2026-08-05,B,AST-005,480,0,0,25,40.6,549,542
2026-08-06,A,AST-005,480,0,0,13,40.6,569,562
2026-08-06,B,AST-005,480,0,0,19,40.6,593,584
2026-08-07,A,AST-005,480,0,0,17,40.6,585,576
2026-08-07,B,AST-005,480,0,0,4,40.6,632,620
2026-08-08,A,AST-005,480,0,0,40,40.6,522,509
2026-08-10,A,AST-005,480,0,0,4,40.6,563,553
2026-08-10,B,AST-005,480,0,0,6,40.6,568,557
2026-08-11,A,AST-005,480,0,0,10,40.6,592,583
2026-08-11,B,AST-005,480,0,0,16,40.6,538,530
2026-08-12,A,AST-005,480,0,120,39,40.6,392,387
2026-08-12,B,AST-005,480,0,0,3,40.6,539,536
2026-08-13,A,AST-005,480,0,0,3,40.6,548,542
2026-08-13,B,AST-005,480,0,0,6,40.6,604,597
2026-08-14,A,AST-005,480,0,0,15,40.6,568,557
2026-08-14,B,AST-005,480,0,0,0,40.6,568,555
2026-08-15,A,AST-005,480,0,0,38,40.6,547,541
2026-08-17,A,AST-005,480,0,0,36,40.6,558,549
2026-08-17,B,AST-005,480,0,0,0,40.6,574,565
2026-08-18,A,AST-005,480,0,0,21,40.6,555,544
2026-08-18,B,AST-005,480,0,0,0,40.6,605,593
2026-08-19,A,AST-005,480,0,0,38,40.6,533,523
2026-08-19,B,AST-005,480,0,0,18,40.6,548,539
2026-08-20,A,AST-005,480,0,0,12,40.6,555,548
2026-08-20,B,AST-005,480,0,0,7,40.6,555,551
2026-08-21,A,AST-005,480,0,0,10,40.6,576,568
2026-08-21,B,AST-005,480,0,0,22,40.6,570,560
2026-08-22,A,AST-005,480,0,0,0,40.6,597,592
2026-08-24,A,AST-005,480,0,0,17,40.6,579,573
2026-08-24,B,AST-005,480,0,0,20,40.6,584,575
2026-08-25,A,AST-005,480,0,0,12,40.6,593,583
2026-08-25,B,AST-005,480,0,0,0,40.6,612,602
2026-08-26,A,AST-005,480,0,0,5,40.6,582,575
2026-08-26,B,AST-005,480,0,0,0,40.6,637,627
2026-08-27,A,AST-005,480,0,0,5,40.6,599,588
2026-08-27,B,AST-005,480,0,0,15,40.6,564,554
2026-08-28,A,AST-005,480,0,0,4,40.6,537,527
2026-08-28,B,AST-005,480,0,0,9,40.6,560,553
2026-08-29,A,AST-005,480,0,0,4,40.6,571,560
2026-08-31,A,AST-005,480,0,0,5,40.6,623,615
2026-08-31,B,AST-005,480,0,0,40,40.6,551,543
2026-09-01,A,AST-005,480,0,0,12,40.6,568,564
2026-09-01,B,AST-005,480,0,0,2,40.6,605,595
2026-09-02,A,AST-005,480,0,0,12,40.6,551,545
2026-09-02,B,AST-005,480,0,0,5,40.6,561,552
2026-09-03,A,AST-005,480,0,0,3,40.6,609,599
2026-09-03,B,AST-005,480,0,0,39,40.6,568,559
2026-09-04,A,AST-005,480,0,0,40,40.6,518,511
2026-09-04,B,AST-005,480,0,0,3,40.6,605,596
2026-09-05,A,AST-005,480,0,0,9,40.6,605,597
2026-09-07,A,AST-005,480,0,0,6,40.6,584,570
2026-09-07,B,AST-005,480,0,0,39,40.6,541,533
2026-09-08,A,AST-005,480,0,0,11,40.6,604,591
2026-09-08,B,AST-005,480,0,0,2,40.6,607,597
2026-09-09,A,AST-005,480,0,0,40,40.6,535,526
2026-09-09,B,AST-005,480,0,0,12,40.6,571,556
2026-09-10,A,AST-005,480,0,0,2,40.6,589,580
2026-09-10,B,AST-005,480,0,0,11,40.6,536,529
2026-09-11,A,AST-005,480,0,120,3,40.6,418,412
2026-09-11,B,AST-005,480,0,0,2,40.6,560,550
2026-09-12,A,AST-005,480,0,0,9,40.6,609,599
2026-09-14,A,AST-005,480,0,0,25,40.6,567,556
2026-09-14,B,AST-005,480,0,0,18,40.6,512,502
2026-09-15,A,AST-005,480,0,0,7,40.6,620,612
2026-09-15,B,AST-005,480,0,0,4,40.6,579,570
2026-09-16,A,AST-005,480,0,0,18,40.6,605,596
2026-09-16,B,AST-005,480,0,0,2,40.6,588,579
2026-09-17,A,AST-005,480,0,0,3,40.6,595,585
2026-09-17,B,AST-005,480,0,0,2,40.6,609,602
2026-09-18,A,AST-005,480,0,0,1,40.6,600,592
2026-09-18,B,AST-005,480,0,0,5,40.6,619,609
2026-09-19,A,AST-005,480,0,0,4,40.6,623,613
2026-09-21,A,AST-005,480,0,0,4,40.6,613,601
2026-09-21,B,AST-005,480,0,0,18,40.6,568,555
2026-09-22,A,AST-005,480,0,0,21,40.6,554,543
2026-09-22,B,AST-005,480,0,0,4,40.6,593,581
2026-09-23,A,AST-005,480,0,0,0,40.6,634,623
2026-09-23,B,AST-005,480,0,0,3,40.6,609,602
2026-09-24,A,AST-005,480,0,0,26,40.6,587,581
2026-09-24,B,AST-005,480,0,0,18,40.6,586,574
2026-09-25,A,AST-005,480,0,0,34,40.6,600,594
2026-09-25,B,AST-005,480,0,0,20,40.6,560,551
2026-09-26,A,AST-005,480,0,0,15,40.6,548,540
2026-09-28,A,AST-005,480,0,0,28,40.6,563,554
2026-09-28,B,AST-005,480,0,0,17,40.6,578,571
2026-06-01,A,AST-006,480,0,0,11,48.0,505,495
2026-06-01,B,AST-006,480,0,0,3,48.0,511,505
2026-06-02,A,AST-006,480,0,0,6,48.0,500,491
2026-06-02,B,AST-006,480,0,0,29,48.0,498,490
2026-06-03,A,AST-006,480,0,0,0,48.0,509,502
2026-06-03,B,AST-006,480,0,0,4,48.0,482,475
2026-06-04,A,AST-006,480,0,0,23,48.0,475,468
2026-06-04,B,AST-006,480,0,0,8,48.0,507,502
2026-06-05,A,AST-006,480,0,0,22,48.0,469,464
2026-06-05,B,AST-006,480,0,0,21,48.0,470,466
2026-06-06,A,AST-006,480,0,0,40,48.0,440,432
2026-06-08,A,AST-006,480,0,0,0,48.0,549,537
2026-06-08,B,AST-006,480,0,0,14,48.0,483,473
2026-06-09,A,AST-006,480,0,120,13,48.0,374,369
2026-06-09,B,AST-006,480,0,0,0,48.0,521,512
2026-06-10,A,AST-006,480,0,0,12,48.0,526,519
2026-06-10,B,AST-006,480,0,0,6,48.0,494,488
2026-06-11,A,AST-006,480,0,0,2,48.0,502,493
2026-06-11,B,AST-006,480,0,0,23,48.0,524,515
2026-06-12,A,AST-006,480,0,0,10,48.0,489,480
2026-06-12,B,AST-006,480,0,0,9,48.0,523,515
2026-06-13,A,AST-006,480,0,0,1,48.0,513,505
2026-06-15,A,AST-006,480,0,0,6,48.0,491,484
2026-06-15,B,AST-006,480,0,0,0,48.0,506,496
2026-06-16,A,AST-006,480,0,0,4,48.0,501,497
2026-06-16,B,AST-006,480,0,0,3,48.0,494,484
2026-06-17,A,AST-006,480,0,0,40,48.0,448,438
2026-06-17,B,AST-006,480,0,0,11,48.0,521,515
2026-06-18,A,AST-006,480,0,0,19,48.0,512,502
2026-06-18,B,AST-006,480,0,0,6,48.0,514,506
2026-06-19,A,AST-006,480,0,0,14,48.0,523,514
2026-06-19,B,AST-006,480,0,0,4,48.0,470,459
2026-06-20,A,AST-006,480,0,0,28,48.0,465,458
2026-06-22,A,AST-006,480,0,0,3,48.0,514,506
2026-06-22,B,AST-006,480,0,0,17,48.0,521,515
2026-06-23,A,AST-006,480,0,0,7,48.0,505,497
2026-06-23,B,AST-006,480,0,0,40,48.0,460,452
2026-06-24,A,AST-006,480,0,0,10,48.0,506,499
2026-06-24,B,AST-006,480,0,0,0,48.0,507,499
2026-06-25,A,AST-006,480,0,0,1,48.0,486,477
2026-06-25,B,AST-006,480,0,0,4,48.0,514,507
2026-06-26,A,AST-006,480,0,0,4,48.0,529,523
2026-06-26,B,AST-006,480,0,0,10,48.0,481,473
2026-06-27,A,AST-006,480,0,0,3,48.0,491,482
2026-06-29,A,AST-006,480,0,0,29,48.0,476,472
2026-06-29,B,AST-006,480,0,0,17,48.0,470,464
2026-06-30,A,AST-006,480,0,0,0,48.0,494,483
2026-06-30,B,AST-006,480,0,0,5,48.0,536,528
2026-07-01,A,AST-006,480,0,0,4,48.0,481,471
2026-07-01,B,AST-006,480,0,0,12,48.0,507,497
2026-07-02,A,AST-006,480,0,0,29,48.0,487,477
2026-07-02,B,AST-006,480,0,0,40,48.0,446,438
2026-07-03,A,AST-006,480,0,0,13,48.0,482,474
2026-07-03,B,AST-006,480,0,0,5,48.0,454,443
2026-07-04,A,AST-006,480,0,0,15,48.0,480,471
2026-07-06,A,AST-006,480,0,0,9,48.0,498,491
2026-07-06,B,AST-006,480,0,0,9,48.0,485,473
2026-07-07,A,AST-006,480,0,0,7,48.0,492,485
2026-07-07,B,AST-006,480,0,0,6,48.0,482,479
2026-07-08,A,AST-006,480,0,0,13,48.0,521,508
2026-07-08,B,AST-006,480,0,0,40,48.0,447,432
2026-07-09,A,AST-006,480,0,120,5,48.0,362,353
2026-07-09,B,AST-006,480,0,0,18,48.0,452,438
2026-07-10,A,AST-006,480,0,0,4,48.0,457,439
2026-07-10,B,AST-006,480,0,0,5,48.0,454,435
2026-07-11,A,AST-006,480,0,0,1,48.0,451,432
2026-07-13,A,AST-006,480,0,0,3,48.0,416,393
2026-07-13,B,AST-006,480,0,0,38,48.0,417,393
2026-07-14,A,AST-006,480,0,0,9,48.0,409,381
2026-07-14,B,AST-006,480,0,0,6,48.0,390,362
2026-07-15,A,AST-006,480,0,0,0,48.0,413,383
2026-07-15,B,AST-006,480,390,0,19,48.0,70,68
2026-07-16,A,AST-006,480,0,0,9,48.0,486,476
2026-07-16,B,AST-006,480,0,0,40,48.0,446,440
2026-07-17,A,AST-006,480,0,0,21,48.0,495,489
2026-07-17,B,AST-006,480,0,0,22,48.0,479,471
2026-07-18,A,AST-006,480,0,0,8,48.0,473,464
2026-07-20,A,AST-006,480,0,0,14,48.0,482,477
2026-07-20,B,AST-006,480,0,0,20,48.0,490,482
2026-07-21,A,AST-006,480,0,0,15,48.0,494,489
2026-07-21,B,AST-006,480,0,0,11,48.0,491,479
2026-07-22,A,AST-006,480,0,0,1,48.0,489,480
2026-07-22,B,AST-006,480,0,0,0,48.0,516,507
2026-07-23,A,AST-006,480,0,0,40,48.0,474,467
2026-07-23,B,AST-006,480,0,0,17,48.0,477,468
2026-07-24,A,AST-006,480,0,0,31,48.0,476,469
2026-07-24,B,AST-006,480,0,0,7,48.0,504,495
2026-07-25,A,AST-006,480,0,0,9,48.0,468,459
2026-07-27,A,AST-006,480,0,0,8,48.0,507,497
2026-07-27,B,AST-006,480,0,0,36,48.0,463,456
2026-07-28,A,AST-006,480,0,0,6,48.0,476,470
2026-07-28,B,AST-006,480,0,0,3,48.0,473,467
2026-07-29,A,AST-006,480,0,0,4,48.0,489,475
2026-07-29,B,AST-006,480,0,0,19,48.0,481,469
2026-07-30,A,AST-006,480,0,0,26,48.0,484,474
2026-07-30,B,AST-006,480,0,0,6,48.0,509,502
2026-07-31,A,AST-006,480,0,0,4,48.0,499,488
2026-07-31,B,AST-006,480,0,0,26,48.0,474,465
2026-08-01,A,AST-006,480,0,0,7,48.0,502,493
2026-08-03,A,AST-006,480,0,0,11,48.0,490,485
2026-08-03,B,AST-006,480,0,0,1,48.0,496,486
2026-08-04,A,AST-006,480,0,0,38,48.0,456,449
2026-08-04,B,AST-006,480,0,0,0,48.0,496,483
2026-08-05,A,AST-006,480,0,0,0,48.0,515,508
2026-08-05,B,AST-006,480,0,0,9,48.0,521,517
2026-08-06,A,AST-006,480,0,0,14,48.0,503,495
2026-08-06,B,AST-006,480,0,0,3,48.0,530,526
2026-08-07,A,AST-006,480,0,0,7,48.0,511,503
2026-08-07,B,AST-006,480,0,0,6,48.0,491,488
2026-08-08,A,AST-006,480,0,120,32,48.0,359,352
2026-08-10,A,AST-006,480,0,0,24,48.0,488,483
2026-08-10,B,AST-006,480,0,0,3,48.0,538,534
2026-08-11,A,AST-006,480,0,0,14,48.0,469,464
2026-08-11,B,AST-006,480,0,0,2,48.0,512,502
2026-08-12,A,AST-006,480,0,0,6,48.0,496,483
2026-08-12,B,AST-006,480,0,0,40,48.0,436,432
2026-08-13,A,AST-006,480,0,0,40,48.0,484,474
2026-08-13,B,AST-006,480,0,0,0,48.0,508,499
2026-08-14,A,AST-006,480,0,0,1,48.0,509,505
2026-08-14,B,AST-006,480,0,0,7,48.0,457,454
2026-08-15,A,AST-006,480,0,0,0,48.0,511,499
2026-08-17,A,AST-006,480,0,0,6,48.0,488,479
2026-08-17,B,AST-006,480,0,0,10,48.0,468,460
2026-08-18,A,AST-006,480,0,0,8,48.0,464,455
2026-08-18,B,AST-006,480,0,0,40,48.0,444,431
2026-08-19,A,AST-006,480,0,0,2,48.0,490,475
2026-08-19,B,AST-006,480,0,0,6,48.0,472,461
2026-08-20,A,AST-006,480,0,0,29,48.0,426,405
2026-08-20,B,AST-006,480,0,0,4,48.0,430,409
2026-08-21,A,AST-006,480,0,0,40,48.0,382,358
2026-08-21,B,AST-006,480,0,0,33,48.0,407,379
2026-08-22,A,AST-006,480,480,0,13,48.0,0,0
2026-08-24,A,AST-006,480,480,0,36,48.0,0,0
2026-08-24,B,AST-006,480,480,0,8,48.0,0,0
2026-08-25,A,AST-006,480,0,0,12,48.0,461,454
2026-08-25,B,AST-006,480,0,0,17,48.0,469,465
2026-08-26,A,AST-006,480,0,0,4,48.0,508,495
2026-08-26,B,AST-006,480,0,0,2,48.0,532,525
2026-08-27,A,AST-006,480,0,0,26,48.0,482,471
2026-08-27,B,AST-006,480,0,0,25,48.0,500,495
2026-08-28,A,AST-006,480,0,0,2,48.0,504,497
2026-08-28,B,AST-006,480,0,0,8,48.0,481,474
2026-08-29,A,AST-006,480,0,0,4,48.0,519,513
2026-08-31,A,AST-006,480,0,0,6,48.0,490,486
2026-08-31,B,AST-006,480,0,0,21,48.0,479,474
2026-09-01,A,AST-006,480,0,0,22,48.0,489,478
2026-09-01,B,AST-006,480,0,0,11,48.0,499,494
2026-09-02,A,AST-006,480,0,0,22,48.0,502,493
2026-09-02,B,AST-006,480,0,0,12,48.0,483,479
2026-09-03,A,AST-006,480,0,0,21,48.0,508,495
2026-09-03,B,AST-006,480,0,0,17,48.0,470,463
2026-09-04,A,AST-006,480,0,0,16,48.0,458,452
2026-09-04,B,AST-006,480,0,0,2,48.0,479,469
2026-09-05,A,AST-006,480,0,0,17,48.0,486,474
2026-09-07,A,AST-006,480,0,120,29,48.0,332,320
2026-09-07,B,AST-006,480,0,0,3,48.0,461,446
2026-09-08,A,AST-006,480,0,0,19,48.0,440,427
2026-09-08,B,AST-006,480,0,0,7,48.0,463,445
2026-09-09,A,AST-006,480,0,0,26,48.0,417,398
2026-09-09,B,AST-006,480,0,0,38,48.0,433,412
2026-09-10,A,AST-006,480,0,0,6,48.0,432,405
2026-09-10,B,AST-006,480,0,0,1,48.0,424,392
2026-09-11,A,AST-006,480,0,0,3,48.0,444,413
2026-09-11,B,AST-006,480,210,0,21,48.0,247,238
2026-09-12,A,AST-006,480,300,0,40,48.0,133,131
2026-09-14,A,AST-006,480,0,0,13,48.0,494,487
2026-09-14,B,AST-006,480,0,0,23,48.0,457,455
2026-09-15,A,AST-006,480,0,0,7,48.0,470,466
2026-09-15,B,AST-006,480,0,0,2,48.0,506,500
2026-09-16,A,AST-006,480,0,0,7,48.0,498,487
2026-09-16,B,AST-006,480,0,0,6,48.0,487,478
2026-09-17,A,AST-006,480,0,0,12,48.0,491,478
2026-09-17,B,AST-006,480,0,0,18,48.0,508,500
2026-09-18,A,AST-006,480,0,0,1,48.0,522,513
2026-09-18,B,AST-006,480,0,0,8,48.0,488,477
2026-09-19,A,AST-006,480,0,0,8,48.0,503,497
2026-09-21,A,AST-006,480,0,0,19,48.0,495,485
2026-09-21,B,AST-006,480,0,0,5,48.0,476,472
2026-09-22,A,AST-006,480,0,0,11,48.0,508,499
2026-09-22,B,AST-006,480,0,0,18,48.0,489,478
2026-09-23,A,AST-006,480,0,0,11,48.0,461,452
2026-09-23,B,AST-006,480,0,0,19,48.0,484,473
2026-09-24,A,AST-006,480,0,0,14,48.0,493,485
2026-09-24,B,AST-006,480,0,0,2,48.0,482,476
2026-09-25,A,AST-006,480,0,0,0,48.0,509,501
2026-09-25,B,AST-006,480,0,0,7,48.0,520,509
2026-09-26,A,AST-006,480,0,0,4,48.0,493,483
2026-09-28,A,AST-006,480,0,0,30,48.0,489,481
2026-09-28,B,AST-006,480,0,0,27,48.0,496,486
2026-06-01,A,AST-007,480,0,0,0,5.2,4745,4667
2026-06-01,B,AST-007,480,0,0,10,5.2,4618,4546
2026-06-01,C,AST-007,480,0,0,8,5.2,4296,4202
2026-06-02,A,AST-007,480,0,0,17,5.2,4312,4256
2026-06-02,B,AST-007,480,0,0,10,5.2,4469,4414
2026-06-02,C,AST-007,480,0,0,40,5.2,4231,4128
2026-06-03,A,AST-007,480,0,0,39,5.2,4045,4004
2026-06-03,B,AST-007,480,0,0,40,5.2,4507,4436
2026-06-03,C,AST-007,480,0,0,23,5.2,4472,4392
2026-06-04,A,AST-007,480,0,0,1,5.2,4500,4436
2026-06-04,B,AST-007,480,0,0,25,5.2,4300,4208
2026-06-04,C,AST-007,480,0,0,14,5.2,4646,4601
2026-06-05,A,AST-007,480,0,0,32,5.2,4369,4299
2026-06-05,B,AST-007,480,0,0,6,5.2,4590,4509
2026-06-05,C,AST-007,480,0,0,21,5.2,4141,4094
2026-06-06,A,AST-007,480,0,0,8,5.2,4502,4445
2026-06-06,B,AST-007,480,0,0,40,5.2,4314,4216
2026-06-06,C,AST-007,480,0,0,40,5.2,4345,4278
2026-06-07,A,AST-007,480,0,0,13,5.2,4406,4352
2026-06-07,B,AST-007,480,0,0,5,5.2,4279,4232
2026-06-07,C,AST-007,480,0,0,29,5.2,4604,4534
2026-06-08,A,AST-007,480,0,0,19,5.2,4451,4388
2026-06-08,B,AST-007,480,0,0,40,5.2,4400,4354
2026-06-08,C,AST-007,480,0,0,11,5.2,4360,4247
2026-06-09,A,AST-007,480,0,0,0,5.2,4444,4372
2026-06-09,B,AST-007,480,0,0,11,5.2,4429,4382
2026-06-09,C,AST-007,480,0,0,5,5.2,4663,4595
2026-06-10,A,AST-007,480,0,0,11,5.2,4508,4424
2026-06-10,B,AST-007,480,0,0,0,5.2,4874,4760
2026-06-10,C,AST-007,480,0,0,27,5.2,4243,4218
2026-06-11,A,AST-007,480,0,0,34,5.2,4295,4184
2026-06-11,B,AST-007,480,0,0,3,5.2,4487,4419
2026-06-11,C,AST-007,480,0,0,14,5.2,4453,4411
2026-06-12,A,AST-007,480,0,120,40,5.2,3047,2976
2026-06-12,B,AST-007,480,0,0,3,5.2,4614,4528
2026-06-12,C,AST-007,480,0,0,9,5.2,4700,4592
2026-06-13,A,AST-007,480,0,0,8,5.2,4527,4468
2026-06-13,B,AST-007,480,0,0,22,5.2,4885,4858
2026-06-13,C,AST-007,480,0,0,38,5.2,3990,3913
2026-06-14,A,AST-007,480,0,0,18,5.2,4621,4550
2026-06-14,B,AST-007,480,0,0,1,5.2,4366,4315
2026-06-14,C,AST-007,480,0,0,16,5.2,4531,4461
2026-06-15,A,AST-007,480,0,0,18,5.2,4273,4210
2026-06-15,B,AST-007,480,0,0,14,5.2,4733,4633
2026-06-15,C,AST-007,480,0,0,25,5.2,4409,4379
2026-06-16,A,AST-007,480,0,0,14,5.2,4516,4459
2026-06-16,B,AST-007,480,0,0,0,5.2,4552,4464
2026-06-16,C,AST-007,480,0,0,8,5.2,4705,4620
2026-06-17,A,AST-007,480,0,0,27,5.2,4498,4453
2026-06-17,B,AST-007,480,0,0,12,5.2,4673,4585
2026-06-17,C,AST-007,480,0,0,40,5.2,4483,4412
2026-06-18,A,AST-007,480,0,0,40,5.2,4102,4015
2026-06-18,B,AST-007,480,0,0,1,5.2,4508,4441
2026-06-18,C,AST-007,480,0,0,1,5.2,4741,4702
2026-06-19,A,AST-007,480,0,0,6,5.2,4582,4495
2026-06-19,B,AST-007,480,0,0,2,5.2,4574,4509
2026-06-19,C,AST-007,480,0,0,2,5.2,4468,4385
2026-06-20,A,AST-007,480,0,0,2,5.2,4147,4048
2026-06-20,B,AST-007,480,0,0,28,5.2,4308,4241
2026-06-20,C,AST-007,480,0,0,19,5.2,4353,4276
2026-06-21,A,AST-007,480,0,0,1,5.2,4621,4499
2026-06-21,B,AST-007,480,0,0,7,5.2,4378,4268
2026-06-21,C,AST-007,480,0,0,4,5.2,4257,4159
2026-06-22,A,AST-007,480,0,0,3,5.2,4486,4365
2026-06-22,B,AST-007,480,0,0,40,5.2,4099,3971
2026-06-22,C,AST-007,480,0,0,17,5.2,4457,4277
2026-06-23,A,AST-007,480,0,0,21,5.2,4198,3967
2026-06-23,B,AST-007,480,0,0,2,5.2,4372,4143
2026-06-23,C,AST-007,480,0,0,10,5.2,4098,3928
2026-06-24,A,AST-007,480,0,0,1,5.2,3865,3689
2026-06-24,B,AST-007,480,0,0,20,5.2,3633,3413
2026-06-24,C,AST-007,480,0,0,0,5.2,3903,3664
2026-06-25,A,AST-007,480,0,0,4,5.2,3668,3408
2026-06-25,B,AST-007,480,210,0,40,5.2,1919,1836
2026-06-25,C,AST-007,480,480,0,12,5.2,0,0
2026-06-26,A,AST-007,480,480,0,16,5.2,0,0
2026-06-26,B,AST-007,480,480,0,8,5.2,0,0
2026-06-26,C,AST-007,480,120,0,6,5.2,3520,3490
2026-06-27,A,AST-007,480,0,0,12,5.2,4412,4322
2026-06-27,B,AST-007,480,0,0,17,5.2,4521,4473
2026-06-27,C,AST-007,480,0,0,1,5.2,4606,4563
2026-06-28,A,AST-007,480,0,0,1,5.2,4624,4563
2026-06-28,B,AST-007,480,0,0,1,5.2,4361,4353
2026-06-28,C,AST-007,480,0,0,15,5.2,4201,4124
2026-06-29,A,AST-007,480,0,0,15,5.2,4619,4589
2026-06-29,B,AST-007,480,0,0,40,5.2,4151,4082
2026-06-29,C,AST-007,480,0,0,7,5.2,4924,4845
2026-06-30,A,AST-007,480,0,0,16,5.2,4477,4448
2026-06-30,B,AST-007,480,0,0,0,5.2,4612,4547
2026-06-30,C,AST-007,480,0,0,24,5.2,4648,4589
2026-07-01,A,AST-007,480,0,0,2,5.2,4652,4595
2026-07-01,B,AST-007,480,0,0,29,5.2,4289,4226
2026-07-01,C,AST-007,480,0,0,10,5.2,4224,4165
2026-07-02,A,AST-007,480,0,0,18,5.2,4433,4361
2026-07-02,B,AST-007,480,0,0,3,5.2,4498,4458
2026-07-02,C,AST-007,480,0,0,7,5.2,4489,4395
2026-07-03,A,AST-007,480,0,0,0,5.2,5074,4987
2026-07-03,B,AST-007,480,0,0,16,5.2,4359,4286
2026-07-03,C,AST-007,480,0,0,1,5.2,4548,4446
2026-07-04,A,AST-007,480,0,0,7,5.2,4343,4283
2026-07-04,B,AST-007,480,0,0,39,5.2,4347,4281
2026-07-04,C,AST-007,480,0,0,3,5.2,4528,4470
2026-07-05,A,AST-007,480,0,0,33,5.2,4570,4519
2026-07-05,B,AST-007,480,0,0,15,5.2,4584,4537
2026-07-05,C,AST-007,480,0,0,20,5.2,4606,4535
2026-07-06,A,AST-007,480,0,0,40,5.2,4549,4489
2026-07-06,B,AST-007,480,0,0,15,5.2,4501,4447
2026-07-06,C,AST-007,480,0,0,5,5.2,4615,4520
2026-07-07,A,AST-007,480,0,0,19,5.2,4603,4532
2026-07-07,B,AST-007,480,0,0,29,5.2,4354,4302
2026-07-07,C,AST-007,480,0,0,40,5.2,4518,4465
2026-07-08,A,AST-007,480,0,0,8,5.2,4821,4718
2026-07-08,B,AST-007,480,0,0,40,5.2,4393,4314
2026-07-08,C,AST-007,480,0,0,31,5.2,4572,4514
2026-07-09,A,AST-007,480,0,0,2,5.2,4286,4184
2026-07-09,B,AST-007,480,0,0,6,5.2,4423,4336
2026-07-09,C,AST-007,480,0,0,10,5.2,4639,4538
2026-07-10,A,AST-007,480,0,0,6,5.2,4571,4506
2026-07-10,B,AST-007,480,0,0,39,5.2,4052,3999
2026-07-10,C,AST-007,480,0,0,40,5.2,4045,3990
2026-07-11,A,AST-007,480,0,0,8,5.2,4655,4586
2026-07-11,B,AST-007,480,0,0,6,5.2,4488,4413
2026-07-11,C,AST-007,480,0,0,17,5.2,4294,4224
2026-07-12,A,AST-007,480,0,120,32,5.2,3212,3141
2026-07-12,B,AST-007,480,0,0,4,5.2,4687,4617
2026-07-12,C,AST-007,480,0,0,19,5.2,4592,4501
2026-07-13,A,AST-007,480,0,0,16,5.2,4355,4309
2026-07-13,B,AST-007,480,0,0,17,5.2,4683,4638
2026-07-13,C,AST-007,480,0,0,23,5.2,4322,4232
2026-07-14,A,AST-007,480,0,0,21,5.2,4390,4328
2026-07-14,B,AST-007,480,0,0,40,5.2,4295,4223
2026-07-14,C,AST-007,480,0,0,3,5.2,4571,4512
2026-07-15,A,AST-007,480,0,0,0,5.2,4933,4862
2026-07-15,B,AST-007,480,0,0,1,5.2,4636,4534
2026-07-15,C,AST-007,480,0,0,2,5.2,4723,4668
2026-07-16,A,AST-007,480,0,0,17,5.2,4471,4387
2026-07-16,B,AST-007,480,0,0,10,5.2,4472,4446
2026-07-16,C,AST-007,480,0,0,25,5.2,4406,4348
2026-07-17,A,AST-007,480,0,0,35,5.2,4256,4220
2026-07-17,B,AST-007,480,0,0,15,5.2,4537,4470
2026-07-17,C,AST-007,480,0,0,1,5.2,4676,4631
2026-07-18,A,AST-007,480,0,0,40,5.2,4428,4360
2026-07-18,B,AST-007,480,0,0,1,5.2,4549,4507
2026-07-18,C,AST-007,480,0,0,10,5.2,4308,4238
2026-07-19,A,AST-007,480,0,0,4,5.2,4690,4614
2026-07-19,B,AST-007,480,0,0,4,5.2,4630,4542
2026-07-19,C,AST-007,480,0,0,15,5.2,4608,4542
2026-07-20,A,AST-007,480,0,0,7,5.2,4826,4727
2026-07-20,B,AST-007,480,0,0,31,5.2,4226,4155
2026-07-20,C,AST-007,480,0,0,12,5.2,4706,4611
2026-07-21,A,AST-007,480,0,0,23,5.2,4275,4207
2026-07-21,B,AST-007,480,0,0,6,5.2,4647,4572
2026-07-21,C,AST-007,480,0,0,7,5.2,4486,4396
2026-07-22,A,AST-007,480,0,0,15,5.2,4410,4338
2026-07-22,B,AST-007,480,0,0,3,5.2,4904,4817
2026-07-22,C,AST-007,480,0,0,7,5.2,4402,4333
2026-07-23,A,AST-007,480,0,0,40,5.2,4357,4289
2026-07-23,B,AST-007,480,0,0,4,5.2,4595,4529
2026-07-23,C,AST-007,480,0,0,23,5.2,4233,4173
2026-07-24,A,AST-007,480,0,0,35,5.2,4607,4511
2026-07-24,B,AST-007,480,0,0,6,5.2,4602,4519
2026-07-24,C,AST-007,480,0,0,3,5.2,4463,4429
2026-07-25,A,AST-007,480,0,0,0,5.2,4633,4594
2026-07-25,B,AST-007,480,0,0,9,5.2,4689,4610
2026-07-25,C,AST-007,480,0,0,26,5.2,4530,4481
2026-07-26,A,AST-007,480,0,0,18,5.2,4497,4426
2026-07-26,B,AST-007,480,0,0,21,5.2,4409,4320
2026-07-26,C,AST-007,480,0,0,40,5.2,4206,4116
2026-07-27,A,AST-007,480,0,0,12,5.2,4295,4249
2026-07-27,B,AST-007,480,0,0,3,5.2,4743,4635
2026-07-27,C,AST-007,480,0,0,10,5.2,4690,4612
2026-07-28,A,AST-007,480,0,0,38,5.2,3999,3935
2026-07-28,B,AST-007,480,0,0,8,5.2,4586,4523
2026-07-28,C,AST-007,480,0,0,17,5.2,4291,4215
2026-07-29,A,AST-007,480,0,0,28,5.2,4319,4214
2026-07-29,B,AST-007,480,0,0,19,5.2,4470,4410
2026-07-29,C,AST-007,480,0,0,15,5.2,4440,4410
2026-07-30,A,AST-007,480,0,0,10,5.2,4557,4493
2026-07-30,B,AST-007,480,0,0,16,5.2,4823,4711
2026-07-30,C,AST-007,480,0,0,12,5.2,4505,4449
2026-07-31,A,AST-007,480,0,0,10,5.2,4496,4447
2026-07-31,B,AST-007,480,0,0,12,5.2,4591,4515
2026-07-31,C,AST-007,480,0,0,10,5.2,4761,4737
2026-08-01,A,AST-007,480,0,0,29,5.2,4446,4393
2026-08-01,B,AST-007,480,0,0,0,5.2,4549,4491
2026-08-01,C,AST-007,480,0,0,40,5.2,4240,4144
2026-08-02,A,AST-007,480,0,0,40,5.2,4141,4073
2026-08-02,B,AST-007,480,0,0,17,5.2,4694,4628
2026-08-02,C,AST-007,480,0,0,10,5.2,4388,4369
2026-08-03,A,AST-007,480,0,0,29,5.2,4452,4373
2026-08-03,B,AST-007,480,0,0,7,5.2,4638,4574
2026-08-03,C,AST-007,480,0,0,40,5.2,4075,4013
2026-08-04,A,AST-007,480,0,0,20,5.2,4509,4437
2026-08-04,B,AST-007,480,0,0,40,5.2,4251,4185
2026-08-04,C,AST-007,480,0,0,4,5.2,4638,4555
2026-08-05,A,AST-007,480,0,0,36,5.2,4394,4333
2026-08-05,B,AST-007,480,0,0,5,5.2,4838,4735
2026-08-05,C,AST-007,480,0,0,20,5.2,4545,4504
2026-08-06,A,AST-007,480,0,0,2,5.2,4831,4751
2026-08-06,B,AST-007,480,0,0,7,5.2,4603,4578
2026-08-06,C,AST-007,480,0,0,12,5.2,4879,4775
2026-08-07,A,AST-007,480,0,0,5,5.2,4528,4457
2026-08-07,B,AST-007,480,0,0,1,5.2,4642,4531
2026-08-07,C,AST-007,480,0,0,2,5.2,4425,4340
2026-08-08,A,AST-007,480,0,0,9,5.2,4389,4308
2026-08-08,B,AST-007,480,0,0,8,5.2,4538,4514
2026-08-08,C,AST-007,480,0,0,20,5.2,4534,4466
2026-08-09,A,AST-007,480,0,0,0,5.2,4662,4564
2026-08-09,B,AST-007,480,0,0,6,5.2,4548,4460
2026-08-09,C,AST-007,480,0,0,40,5.2,3995,3942
2026-08-10,A,AST-007,480,0,0,18,5.2,4618,4528
2026-08-10,B,AST-007,480,0,0,24,5.2,4519,4464
2026-08-10,C,AST-007,480,0,0,1,5.2,4489,4417
2026-08-11,A,AST-007,480,0,120,6,5.2,3476,3410
2026-08-11,B,AST-007,480,0,0,4,5.2,4608,4536
2026-08-11,C,AST-007,480,0,0,17,5.2,4546,4439
2026-08-12,A,AST-007,480,0,0,3,5.2,4615,4571
2026-08-12,B,AST-007,480,0,0,1,5.2,4694,4609
2026-08-12,C,AST-007,480,0,0,21,5.2,4211,4140
2026-08-13,A,AST-007,480,0,0,13,5.2,4459,4426
2026-08-13,B,AST-007,480,0,0,1,5.2,4467,4405
2026-08-13,C,AST-007,480,0,0,12,5.2,4588,4525
2026-08-14,A,AST-007,480,0,0,0,5.2,4537,4460
2026-08-14,B,AST-007,480,0,0,5,5.2,4689,4605
2026-08-14,C,AST-007,480,0,0,2,5.2,4456,4390
2026-08-15,A,AST-007,480,0,0,6,5.2,4857,4787
2026-08-15,B,AST-007,480,0,0,2,5.2,4508,4464
2026-08-15,C,AST-007,480,0,0,10,5.2,4365,4297
2026-08-16,A,AST-007,480,0,0,40,5.2,4587,4522
2026-08-16,B,AST-007,480,0,0,11,5.2,4553,4462
2026-08-16,C,AST-007,480,0,0,13,5.2,4475,4438
2026-08-17,A,AST-007,480,0,0,0,5.2,4803,4746
2026-08-17,B,AST-007,480,0,0,40,5.2,4149,4096
2026-08-17,C,AST-007,480,0,0,3,5.2,4824,4759
2026-08-18,A,AST-007,480,0,0,7,5.2,4643,4590
2026-08-18,B,AST-007,480,0,0,11,5.2,4824,4750
2026-08-18,C,AST-007,480,0,0,9,5.2,4416,4357
2026-08-19,A,AST-007,480,0,0,4,5.2,4586,4573
2026-08-19,B,AST-007,480,0,0,2,5.2,4524,4436
2026-08-19,C,AST-007,480,0,0,13,5.2,4715,4666
2026-08-20,A,AST-007,480,0,0,1,5.2,4425,4416
2026-08-20,B,AST-007,480,0,0,40,5.2,4264,4212
2026-08-20,C,AST-007,480,0,0,3,5.2,4606,4538
2026-08-21,A,AST-007,480,0,0,7,5.2,4756,4733
2026-08-21,B,AST-007,480,0,0,29,5.2,4615,4555
2026-08-21,C,AST-007,480,0,0,40,5.2,4247,4202
2026-08-22,A,AST-007,480,0,0,24,5.2,4211,4158
2026-08-22,B,AST-007,480,0,0,4,5.2,4856,4772
2026-08-22,C,AST-007,480,0,0,23,5.2,4442,4376
2026-08-23,A,AST-007,480,0,0,15,5.2,4562,4508
2026-08-23,B,AST-007,480,0,0,6,5.2,4576,4536
2026-08-23,C,AST-007,480,0,0,10,5.2,4744,4685
2026-08-24,A,AST-007,480,0,0,1,5.2,4794,4712
2026-08-24,B,AST-007,480,0,0,6,5.2,4325,4257
2026-08-24,C,AST-007,480,0,0,8,5.2,4590,4526
2026-08-25,A,AST-007,480,0,0,7,5.2,4572,4515
2026-08-25,B,AST-007,480,0,0,1,5.2,4617,4512
2026-08-25,C,AST-007,480,0,0,6,5.2,4741,4673
2026-08-26,A,AST-007,480,0,0,40,5.2,4095,4046
2026-08-26,B,AST-007,480,0,0,29,5.2,4237,4184
2026-08-26,C,AST-007,480,0,0,3,5.2,4825,4769
2026-08-27,A,AST-007,480,0,0,16,5.2,4450,4379
2026-08-27,B,AST-007,480,0,0,3,5.2,4562,4526
2026-08-27,C,AST-007,480,0,0,8,5.2,4487,4421
2026-08-28,A,AST-007,480,0,0,0,5.2,4866,4797
2026-08-28,B,AST-007,480,0,0,6,5.2,4905,4795
2026-08-28,C,AST-007,480,0,0,32,5.2,4475,4419
2026-08-29,A,AST-007,480,0,0,27,5.2,4216,4190
2026-08-29,B,AST-007,480,0,0,2,5.2,4688,4598
2026-08-29,C,AST-007,480,0,0,1,5.2,4594,4537
2026-08-30,A,AST-007,480,0,0,4,5.2,4711,4642
2026-08-30,B,AST-007,480,0,0,22,5.2,4343,4296
2026-08-30,C,AST-007,480,0,0,0,5.2,4563,4474
2026-08-31,A,AST-007,480,0,0,7,5.2,4590,4524
2026-08-31,B,AST-007,480,0,0,20,5.2,4369,4277
2026-08-31,C,AST-007,480,0,0,4,5.2,4537,4475
2026-09-01,A,AST-007,480,0,0,6,5.2,4348,4286
2026-09-01,B,AST-007,480,0,0,40,5.2,4030,3948
2026-09-01,C,AST-007,480,0,0,4,5.2,4875,4795
2026-09-02,A,AST-007,480,0,0,0,5.2,4632,4582
2026-09-02,B,AST-007,480,0,0,23,5.2,4468,4373
2026-09-02,C,AST-007,480,0,0,10,5.2,4469,4429
2026-09-03,A,AST-007,480,0,0,40,5.2,4408,4324
2026-09-03,B,AST-007,480,0,0,12,5.2,4705,4627
2026-09-03,C,AST-007,480,0,0,16,5.2,4690,4672
2026-09-04,A,AST-007,480,0,0,2,5.2,4505,4432
2026-09-04,B,AST-007,480,0,0,8,5.2,4422,4368
2026-09-04,C,AST-007,480,0,0,6,5.2,4535,4491
2026-09-05,A,AST-007,480,0,0,2,5.2,4711,4655
2026-09-05,B,AST-007,480,0,0,9,5.2,4301,4249
2026-09-05,C,AST-007,480,0,0,3,5.2,4852,4736
2026-09-06,A,AST-007,480,0,0,0,5.2,4691,4588
2026-09-06,B,AST-007,480,0,0,1,5.2,4270,4247
2026-09-06,C,AST-007,480,0,0,22,5.2,4691,4584
2026-09-07,A,AST-007,480,0,0,24,5.2,4373,4312
2026-09-07,B,AST-007,480,0,0,13,5.2,4868,4853
2026-09-07,C,AST-007,480,0,0,1,5.2,4446,4400
2026-09-08,A,AST-007,480,0,0,6,5.2,4326,4279
2026-09-08,B,AST-007,480,0,0,31,5.2,4512,4468
2026-09-08,C,AST-007,480,0,0,2,5.2,4815,4720
2026-09-09,A,AST-007,480,0,0,9,5.2,4416,4338
2026-09-09,B,AST-007,480,0,0,10,5.2,4360,4310
2026-09-09,C,AST-007,480,0,0,5,5.2,4675,4638
2026-09-10,A,AST-007,480,0,120,23,5.2,3278,3214
2026-09-10,B,AST-007,480,0,0,3,5.2,4611,4582
2026-09-10,C,AST-007,480,0,0,22,5.2,4530,4437
2026-09-11,A,AST-007,480,0,0,8,5.2,4600,4514
2026-09-11,B,AST-007,480,0,0,6,5.2,4638,4575
2026-09-11,C,AST-007,480,0,0,14,5.2,4112,4035
2026-09-12,A,AST-007,480,0,0,15,5.2,4120,4026
2026-09-12,B,AST-007,480,0,0,1,5.2,4279,4111
2026-09-12,C,AST-007,480,0,0,1,5.2,4765,4614
2026-09-13,A,AST-007,480,0,0,3,5.2,4284,4126
2026-09-13,B,AST-007,480,0,0,0,5.2,4323,4191
2026-09-13,C,AST-007,480,0,0,19,5.2,4132,3953
2026-09-14,A,AST-007,480,0,0,20,5.2,4028,3874
2026-09-14,B,AST-007,480,0,0,2,5.2,4538,4350
2026-09-14,C,AST-007,480,0,0,9,5.2,4054,3885
2026-09-15,A,AST-007,480,0,0,6,5.2,3626,3430
2026-09-15,B,AST-007,480,0,0,18,5.2,3932,3680
2026-09-15,C,AST-007,480,0,0,0,5.2,4001,3702
2026-09-16,A,AST-007,480,300,0,3,5.2,1593,1531
2026-09-16,B,AST-007,480,480,0,1,5.2,0,0
2026-09-16,C,AST-007,480,480,0,9,5.2,0,0
2026-09-17,A,AST-007,480,480,0,2,5.2,0,0
2026-09-17,B,AST-007,480,480,0,12,5.2,0,0
2026-09-17,C,AST-007,480,180,0,1,5.2,2901,2849
2026-09-18,A,AST-007,480,0,0,0,5.2,4534,4488
2026-09-18,B,AST-007,480,0,0,37,5.2,4293,4232
2026-09-18,C,AST-007,480,0,0,28,5.2,4458,4387
2026-09-19,A,AST-007,480,0,0,16,5.2,4626,4561
2026-09-19,B,AST-007,480,0,0,4,5.2,4464,4402
2026-09-19,C,AST-007,480,0,0,0,5.2,4729,4671
2026-09-20,A,AST-007,480,0,0,11,5.2,4813,4740
2026-09-20,B,AST-007,480,0,0,16,5.2,4485,4433
2026-09-20,C,AST-007,480,0,0,5,5.2,4730,4702
2026-09-21,A,AST-007,480,0,0,19,5.2,4554,4476
2026-09-21,B,AST-007,480,0,0,40,5.2,4287,4226
2026-09-21,C,AST-007,480,0,0,18,5.2,4290,4230
2026-09-22,A,AST-007,480,0,0,11,5.2,4361,4278
2026-09-22,B,AST-007,480,0,0,26,5.2,4322,4272
2026-09-22,C,AST-007,480,0,0,7,5.2,4689,4640
2026-09-23,A,AST-007,480,0,0,8,5.2,4869,4772
2026-09-23,B,AST-007,480,0,0,2,5.2,4869,4792
2026-09-23,C,AST-007,480,0,0,25,5.2,4170,4073
2026-09-24,A,AST-007,480,0,0,6,5.2,4770,4676
2026-09-24,B,AST-007,480,0,0,27,5.2,4279,4221
2026-09-24,C,AST-007,480,0,0,4,5.2,4519,4463
2026-09-25,A,AST-007,480,0,0,29,5.2,4606,4531
2026-09-25,B,AST-007,480,0,0,3,5.2,4455,4370
2026-09-25,C,AST-007,480,0,0,28,5.2,4385,4332
2026-09-26,A,AST-007,480,0,0,9,5.2,4385,4261
2026-09-26,B,AST-007,480,0,0,3,5.2,4263,4164
2026-09-26,C,AST-007,480,0,0,2,5.2,4626,4554
2026-09-27,A,AST-007,480,0,0,40,5.2,4438,4392
2026-09-27,B,AST-007,480,0,0,5,5.2,4540,4465
2026-09-27,C,AST-007,480,0,0,13,5.2,4302,4236
2026-09-28,A,AST-007,480,0,0,9,5.2,4591,4550
2026-09-28,B,AST-007,480,0,0,18,5.2,4833,4753
2026-06-01,A,AST-008,480,0,0,7,5.1,4438,4367
2026-06-01,B,AST-008,480,0,0,1,5.1,4827,4733
2026-06-01,C,AST-008,480,0,0,29,5.1,4525,4445
2026-06-02,A,AST-008,480,0,0,5,5.1,4571,4507
2026-06-02,B,AST-008,480,0,0,9,5.1,4769,4739
2026-06-02,C,AST-008,480,0,0,11,5.1,4466,4442
2026-06-03,A,AST-008,480,0,0,9,5.1,4600,4556
2026-06-03,B,AST-008,480,0,0,13,5.1,4516,4439
2026-06-03,C,AST-008,480,0,0,10,5.1,4603,4490
2026-06-04,A,AST-008,480,0,0,40,5.1,4227,4153
2026-06-04,B,AST-008,480,0,0,13,5.1,4566,4498
2026-06-04,C,AST-008,480,0,0,22,5.1,4528,4520
2026-06-05,A,AST-008,480,0,0,12,5.1,4585,4490
2026-06-05,B,AST-008,480,0,0,10,5.1,4665,4602
2026-06-05,C,AST-008,480,0,0,21,5.1,4646,4592
2026-06-06,A,AST-008,480,0,0,15,5.1,4543,4453
2026-06-06,B,AST-008,480,0,0,5,5.1,4866,4797
2026-06-06,C,AST-008,480,0,0,0,5.1,4832,4793
2026-06-07,A,AST-008,480,0,0,7,5.1,4763,4702
2026-06-07,B,AST-008,480,0,0,9,5.1,4626,4560
2026-06-07,C,AST-008,480,0,0,2,5.1,4866,4763
2026-06-08,A,AST-008,480,0,0,1,5.1,5140,5086
2026-06-08,B,AST-008,480,0,0,4,5.1,4815,4749
2026-06-08,C,AST-008,480,0,0,11,5.1,4500,4437
2026-06-09,A,AST-008,480,0,0,5,5.1,4893,4799
2026-06-09,B,AST-008,480,0,0,40,5.1,4337,4268
2026-06-09,C,AST-008,480,0,0,2,5.1,4424,4362
2026-06-10,A,AST-008,480,0,0,3,5.1,4726,4655
2026-06-10,B,AST-008,480,0,0,4,5.1,4803,4748
2026-06-10,C,AST-008,480,0,0,22,5.1,4485,4413
2026-06-11,A,AST-008,480,0,120,16,5.1,3272,3230
2026-06-11,B,AST-008,480,0,0,16,5.1,4466,4365
2026-06-11,C,AST-008,480,0,0,0,5.1,4922,4827
2026-06-12,A,AST-008,480,0,0,15,5.1,4678,4559
2026-06-12,B,AST-008,480,0,0,40,5.1,4594,4520
2026-06-12,C,AST-008,480,0,0,4,5.1,4646,4610
2026-06-13,A,AST-008,480,0,0,17,5.1,4571,4511
2026-06-13,B,AST-008,480,0,0,22,5.1,4632,4590
2026-06-13,C,AST-008,480,0,0,5,5.1,4352,4323
2026-06-14,A,AST-008,480,0,0,13,5.1,4603,4526
2026-06-14,B,AST-008,480,0,0,40,5.1,4182,4127
2026-06-14,C,AST-008,480,0,0,4,5.1,4646,4577
2026-06-15,A,AST-008,480,0,0,3,5.1,5073,4967
2026-06-15,B,AST-008,480,0,0,3,5.1,4681,4586
2026-06-15,C,AST-008,480,0,0,27,5.1,4456,4393
2026-06-16,A,AST-008,480,0,0,4,5.1,4746,4701
2026-06-16,B,AST-008,480,0,0,9,5.1,4524,4414
2026-06-16,C,AST-008,480,0,0,8,5.1,4925,4867
2026-06-17,A,AST-008,480,0,0,3,5.1,4778,4717
2026-06-17,B,AST-008,480,0,0,13,5.1,4539,4447
2026-06-17,C,AST-008,480,0,0,7,5.1,4643,4560
2026-06-18,A,AST-008,480,0,0,0,5.1,4777,4734
2026-06-18,B,AST-008,480,0,0,39,5.1,4408,4308
2026-06-18,C,AST-008,480,0,0,8,5.1,5040,4924
2026-06-19,A,AST-008,480,0,0,16,5.1,4574,4534
2026-06-19,B,AST-008,480,0,0,14,5.1,4681,4612
2026-06-19,C,AST-008,480,0,0,11,5.1,4741,4672
2026-06-20,A,AST-008,480,0,0,7,5.1,4689,4622
2026-06-20,B,AST-008,480,0,0,10,5.1,4813,4701
2026-06-20,C,AST-008,480,0,0,6,5.1,4738,4675
2026-06-21,A,AST-008,480,0,0,12,5.1,4575,4513
2026-06-21,B,AST-008,480,0,0,9,5.1,4622,4577
2026-06-21,C,AST-008,480,0,0,40,5.1,4521,4412
2026-06-22,A,AST-008,480,0,0,23,5.1,4396,4324
2026-06-22,B,AST-008,480,0,0,20,5.1,4473,4382
2026-06-22,C,AST-008,480,0,0,8,5.1,4975,4877
2026-06-23,A,AST-008,480,0,0,18,5.1,4466,4451
2026-06-23,B,AST-008,480,0,0,39,5.1,4591,4517
2026-06-23,C,AST-008,480,0,0,40,5.1,4245,4126
2026-06-24,A,AST-008,480,0,0,11,5.1,4751,4706
2026-06-24,B,AST-008,480,0,0,4,5.1,4409,4337
2026-06-24,C,AST-008,480,0,0,23,5.1,4621,4542
2026-06-25,A,AST-008,480,0,0,12,5.1,4462,4378
2026-06-25,B,AST-008,480,0,0,5,5.1,4461,4402
2026-06-25,C,AST-008,480,0,0,14,5.1,4414,4320
2026-06-26,A,AST-008,480,0,0,17,5.1,4692,4634
2026-06-26,B,AST-008,480,0,0,40,5.1,4333,4284
2026-06-26,C,AST-008,480,0,0,3,5.1,4842,4758
2026-06-27,A,AST-008,480,0,0,1,5.1,4578,4496
2026-06-27,B,AST-008,480,0,0,11,5.1,4724,4642
2026-06-27,C,AST-008,480,0,0,13,5.1,4607,4535
2026-06-28,A,AST-008,480,0,0,24,5.1,4641,4535
2026-06-28,B,AST-008,480,0,0,0,5.1,4998,4942
2026-06-28,C,AST-008,480,0,0,21,5.1,4462,4372
2026-06-29,A,AST-008,480,0,0,13,5.1,4527,4438
2026-06-29,B,AST-008,480,0,0,4,5.1,4768,4712
2026-06-29,C,AST-008,480,0,0,8,5.1,4501,4462
2026-06-30,A,AST-008,480,0,0,10,5.1,4798,4688
2026-06-30,B,AST-008,480,0,0,2,5.1,4800,4711
2026-06-30,C,AST-008,480,0,0,5,5.1,4903,4799
2026-07-01,A,AST-008,480,0,0,19,5.1,4419,4367
2026-07-01,B,AST-008,480,0,0,18,5.1,4338,4283
2026-07-01,C,AST-008,480,0,0,29,5.1,4295,4237
2026-07-02,A,AST-008,480,0,0,11,5.1,4659,4571
2026-07-02,B,AST-008,480,0,0,11,5.1,4668,4607
2026-07-02,C,AST-008,480,0,0,2,5.1,4491,4390
2026-07-03,A,AST-008,480,0,0,21,5.1,4554,4495
2026-07-03,B,AST-008,480,0,0,7,5.1,4850,4752
2026-07-03,C,AST-008,480,0,0,40,5.1,4303,4259
2026-07-04,A,AST-008,480,0,0,7,5.1,4756,4669
2026-07-04,B,AST-008,480,0,0,4,5.1,4588,4500
2026-07-04,C,AST-008,480,0,0,31,5.1,4391,4311
2026-07-05,A,AST-008,480,0,0,9,5.1,4352,4284
2026-07-05,B,AST-008,480,0,0,1,5.1,4787,4682
2026-07-05,C,AST-008,480,0,0,22,5.1,4493,4410
2026-07-06,A,AST-008,480,0,0,4,5.1,4513,4450
2026-07-06,B,AST-008,480,0,0,1,5.1,4772,4690
2026-07-06,C,AST-008,480,0,0,4,5.1,5008,4919
2026-07-07,A,AST-008,480,0,0,40,5.1,4041,4005
2026-07-07,B,AST-008,480,0,0,8,5.1,4879,4820
2026-07-07,C,AST-008,480,0,0,3,5.1,5046,4929
2026-07-08,A,AST-008,480,0,0,5,5.1,4788,4704
2026-07-08,B,AST-008,480,0,0,1,5.1,4758,4673
2026-07-08,C,AST-008,480,0,0,6,5.1,4748,4633
2026-07-09,A,AST-008,480,0,0,36,5.1,4328,4260
2026-07-09,B,AST-008,480,0,0,2,5.1,4670,4585
2026-07-09,C,AST-008,480,0,0,5,5.1,5045,4966
2026-07-10,A,AST-008,480,0,0,15,5.1,4385,4344
2026-07-10,B,AST-008,480,0,0,11,5.1,4617,4532
2026-07-10,C,AST-008,480,0,0,5,5.1,4571,4490
2026-07-11,A,AST-008,480,0,120,26,5.1,3511,3479
2026-07-11,B,AST-008,480,0,0,4,5.1,4595,4509
2026-07-11,C,AST-008,480,0,0,17,5.1,4733,4678
2026-07-12,A,AST-008,480,0,0,11,5.1,4540,4436
2026-07-12,B,AST-008,480,0,0,12,5.1,4753,4666
2026-07-12,C,AST-008,480,0,0,1,5.1,4482,4422
2026-07-13,A,AST-008,480,0,0,11,5.1,4436,4388
2026-07-13,B,AST-008,480,0,0,6,5.1,4577,4500
2026-07-13,C,AST-008,480,0,0,6,5.1,4822,4705
2026-07-14,A,AST-008,480,0,0,29,5.1,4615,4563
2026-07-14,B,AST-008,480,0,0,1,5.1,4593,4560
2026-07-14,C,AST-008,480,0,0,33,5.1,4365,4307
2026-07-15,A,AST-008,480,0,0,4,5.1,4778,4754
2026-07-15,B,AST-008,480,0,0,19,5.1,4523,4422
2026-07-15,C,AST-008,480,0,0,0,5.1,4911,4879
2026-07-16,A,AST-008,480,0,0,12,5.1,4566,4517
2026-07-16,B,AST-008,480,0,0,3,5.1,4643,4544
2026-07-16,C,AST-008,480,0,0,1,5.1,5033,4973
2026-07-17,A,AST-008,480,0,0,7,5.1,4571,4488
2026-07-17,B,AST-008,480,0,0,13,5.1,4861,4792
2026-07-17,C,AST-008,480,0,0,26,5.1,4652,4597
2026-07-18,A,AST-008,480,0,0,27,5.1,4478,4410
2026-07-18,B,AST-008,480,0,0,3,5.1,4657,4593
2026-07-18,C,AST-008,480,0,0,13,5.1,4556,4462
2026-07-19,A,AST-008,480,0,0,30,5.1,4395,4348
2026-07-19,B,AST-008,480,0,0,4,5.1,4836,4772
2026-07-19,C,AST-008,480,0,0,14,5.1,4483,4376
2026-07-20,A,AST-008,480,0,0,16,5.1,5101,5028
2026-07-20,B,AST-008,480,0,0,2,5.1,4574,4441
2026-07-20,C,AST-008,480,0,0,33,5.1,4187,4074
2026-07-21,A,AST-008,480,0,0,19,5.1,4477,4369
2026-07-21,B,AST-008,480,0,0,16,5.1,4536,4428
2026-07-21,C,AST-008,480,0,0,11,5.1,4522,4415
2026-07-22,A,AST-008,480,0,0,4,5.1,4348,4244
2026-07-22,B,AST-008,480,0,0,2,5.1,4361,4247
2026-07-22,C,AST-008,480,0,0,9,5.1,4553,4383
2026-07-23,A,AST-008,480,0,0,7,5.1,4422,4290
2026-07-23,B,AST-008,480,0,0,12,5.1,4568,4400
2026-07-23,C,AST-008,480,0,0,5,5.1,4381,4209
2026-07-24,A,AST-008,480,0,0,32,5.1,4050,3907
2026-07-24,B,AST-008,480,0,0,11,5.1,4350,4155
2026-07-24,C,AST-008,480,0,0,2,5.1,4395,4199
2026-07-25,A,AST-008,480,0,0,13,5.1,4333,4121
2026-07-25,B,AST-008,480,0,0,3,5.1,4117,3877
2026-07-25,C,AST-008,480,0,0,12,5.1,4056,3831
2026-07-26,A,AST-008,480,0,0,4,5.1,4158,3916
2026-07-26,B,AST-008,480,0,0,2,5.1,3844,3582
2026-07-26,C,AST-008,480,0,0,40,5.1,3552,3306
2026-07-27,A,AST-008,480,0,0,10,5.1,3834,3588
2026-07-27,B,AST-008,480,210,0,12,5.1,2471,2335
2026-07-27,C,AST-008,480,480,0,11,5.1,0,0
2026-07-28,A,AST-008,480,240,0,19,5.1,2411,2365
2026-07-28,B,AST-008,480,0,0,34,5.1,4553,4455
2026-07-28,C,AST-008,480,0,0,30,5.1,4429,4339
2026-07-29,A,AST-008,480,0,0,11,5.1,4768,4672
2026-07-29,B,AST-008,480,0,0,36,5.1,4429,4368
2026-07-29,C,AST-008,480,0,0,14,5.1,4573,4474
2026-07-30,A,AST-008,480,0,0,3,5.1,4680,4631
2026-07-30,B,AST-008,480,0,0,1,5.1,4631,4513
2026-07-30,C,AST-008,480,0,0,29,5.1,4415,4360
2026-07-31,A,AST-008,480,0,0,1,5.1,4641,4595
2026-07-31,B,AST-008,480,0,0,13,5.1,4740,4649
2026-07-31,C,AST-008,480,0,0,40,5.1,4407,4347
2026-08-01,A,AST-008,480,0,0,22,5.1,4539,4480
2026-08-01,B,AST-008,480,0,0,6,5.1,4710,4593
2026-08-01,C,AST-008,480,0,0,0,5.1,4797,4781
2026-08-02,A,AST-008,480,0,0,8,5.1,4495,4418
2026-08-02,B,AST-008,480,0,0,13,5.1,4558,4508
2026-08-02,C,AST-008,480,0,0,11,5.1,4610,4523
2026-08-03,A,AST-008,480,0,0,5,5.1,4830,4746
2026-08-03,B,AST-008,480,0,0,33,5.1,4497,4431
2026-08-03,C,AST-008,480,0,0,4,5.1,4905,4830
2026-08-04,A,AST-008,480,0,0,8,5.1,4724,4612
2026-08-04,B,AST-008,480,0,0,6,5.1,4679,4610
2026-08-04,C,AST-008,480,0,0,0,5.1,4648,4606
2026-08-05,A,AST-008,480,0,0,17,5.1,4762,4698
2026-08-05,B,AST-008,480,0,0,3,5.1,4390,4330
2026-08-05,C,AST-008,480,0,0,9,5.1,4347,4279
2026-08-06,A,AST-008,480,0,0,3,5.1,4539,4463
2026-08-06,B,AST-008,480,0,0,4,5.1,4802,4751
2026-08-06,C,AST-008,480,0,0,29,5.1,4214,4172
2026-08-07,A,AST-008,480,0,0,6,5.1,4781,4745
2026-08-07,B,AST-008,480,0,0,16,5.1,4825,4726
2026-08-07,C,AST-008,480,0,0,30,5.1,4319,4248
2026-08-08,A,AST-008,480,0,0,8,5.1,4777,4733
2026-08-08,B,AST-008,480,0,0,1,5.1,4842,4736
2026-08-08,C,AST-008,480,0,0,13,5.1,4560,4498
2026-08-09,A,AST-008,480,0,0,7,5.1,4431,4375
2026-08-09,B,AST-008,480,0,0,17,5.1,4374,4275
2026-08-09,C,AST-008,480,0,0,0,5.1,4598,4501
2026-08-10,A,AST-008,480,0,120,34,5.1,3172,3119
2026-08-10,B,AST-008,480,0,0,33,5.1,4343,4269
2026-08-10,C,AST-008,480,0,0,6,5.1,4823,4720
2026-08-11,A,AST-008,480,0,0,9,5.1,4704,4574
2026-08-11,B,AST-008,480,0,0,12,5.1,4467,4388
2026-08-11,C,AST-008,480,0,0,24,5.1,4638,4550
2026-08-12,A,AST-008,480,0,0,26,5.1,4604,4503
2026-08-12,B,AST-008,480,0,0,21,5.1,4600,4567
2026-08-12,C,AST-008,480,0,0,2,5.1,4725,4649
2026-08-13,A,AST-008,480,0,0,40,5.1,4501,4416
2026-08-13,B,AST-008,480,0,0,0,5.1,4480,4410
2026-08-13,C,AST-008,480,0,0,0,5.1,4660,4572
2026-08-14,A,AST-008,480,0,0,25,5.1,4493,4419
2026-08-14,B,AST-008,480,0,0,0,5.1,4731,4663
2026-08-14,C,AST-008,480,0,0,8,5.1,4418,4378
2026-08-15,A,AST-008,480,0,0,15,5.1,4242,4143
2026-08-15,B,AST-008,480,0,0,10,5.1,4902,4854
2026-08-15,C,AST-008,480,0,0,10,5.1,4359,4290
2026-08-16,A,AST-008,480,0,0,4,5.1,4751,4685
2026-08-16,B,AST-008,480,0,0,6,5.1,4731,4623
2026-08-16,C,AST-008,480,0,0,3,5.1,4643,4574
2026-08-17,A,AST-008,480,0,0,18,5.1,4544,4429
2026-08-17,B,AST-008,480,0,0,13,5.1,4952,4864
2026-08-17,C,AST-008,480,0,0,12,5.1,4553,4484
2026-08-18,A,AST-008,480,0,0,40,5.1,4568,4512
2026-08-18,B,AST-008,480,0,0,4,5.1,4829,4754
2026-08-18,C,AST-008,480,0,0,16,5.1,4711,4622
2026-08-19,A,AST-008,480,0,0,36,5.1,4360,4257
2026-08-19,B,AST-008,480,0,0,17,5.1,4260,4163
2026-08-19,C,AST-008,480,0,0,3,5.1,4827,4766
2026-08-20,A,AST-008,480,0,0,15,5.1,4477,4376
2026-08-20,B,AST-008,480,0,0,22,5.1,4645,4580
2026-08-20,C,AST-008,480,0,0,4,5.1,4690,4660
2026-08-21,A,AST-008,480,0,0,5,5.1,4433,4394
2026-08-21,B,AST-008,480,0,0,0,5.1,4662,4574
2026-08-21,C,AST-008,480,0,0,2,5.1,4688,4603
2026-08-22,A,AST-008,480,0,0,14,5.1,4570,4494
2026-08-22,B,AST-008,480,0,0,9,5.1,4614,4565
2026-08-22,C,AST-008,480,0,0,27,5.1,4464,4383
2026-08-23,A,AST-008,480,0,0,0,5.1,5007,4936
2026-08-23,B,AST-008,480,0,0,23,5.1,4359,4256
2026-08-23,C,AST-008,480,0,0,5,5.1,4368,4216
2026-08-24,A,AST-008,480,0,0,5,5.1,4335,4146
2026-08-24,B,AST-008,480,0,0,6,5.1,4139,3961
2026-08-24,C,AST-008,480,0,0,1,5.1,4488,4296
2026-08-25,A,AST-008,480,0,0,2,5.1,4250,4065
2026-08-25,B,AST-008,480,0,0,8,5.1,4308,4128
2026-08-25,C,AST-008,480,0,0,40,5.1,4117,3902
2026-08-26,A,AST-008,480,0,0,1,5.1,4181,3928
2026-08-26,B,AST-008,480,0,0,2,5.1,3848,3547
2026-08-26,C,AST-008,480,0,0,1,5.1,4108,3820
2026-08-27,A,AST-008,480,90,0,21,5.1,3254,3051
2026-08-27,B,AST-008,480,480,0,2,5.1,0,0
2026-08-27,C,AST-008,480,300,0,6,5.1,1714,1684
2026-08-28,A,AST-008,480,0,0,2,5.1,4773,4690
2026-08-28,B,AST-008,480,0,0,29,5.1,4193,4134
2026-08-28,C,AST-008,480,0,0,1,5.1,4962,4885
2026-08-29,A,AST-008,480,0,0,28,5.1,4375,4323
2026-08-29,B,AST-008,480,0,0,17,5.1,4512,4408
2026-08-29,C,AST-008,480,0,0,3,5.1,4480,4428
2026-08-30,A,AST-008,480,0,0,2,5.1,4604,4527
2026-08-30,B,AST-008,480,0,0,1,5.1,4899,4820
2026-08-30,C,AST-008,480,0,0,4,5.1,4846,4805
2026-08-31,A,AST-008,480,0,0,1,5.1,4766,4726
2026-08-31,B,AST-008,480,0,0,1,5.1,4525,4442
2026-08-31,C,AST-008,480,0,0,12,5.1,4723,4658
2026-09-01,A,AST-008,480,0,0,1,5.1,4876,4798
2026-09-01,B,AST-008,480,0,0,11,5.1,4838,4783
2026-09-01,C,AST-008,480,0,0,0,5.1,5124,5001
2026-09-02,A,AST-008,480,0,0,18,5.1,4407,4361
2026-09-02,B,AST-008,480,0,0,2,5.1,4600,4540
2026-09-02,C,AST-008,480,0,0,4,5.1,4490,4450
2026-09-03,A,AST-008,480,0,0,13,5.1,5146,5049
2026-09-03,B,AST-008,480,0,0,10,5.1,4844,4801
2026-09-03,C,AST-008,480,0,0,10,5.1,4623,4586
2026-09-04,A,AST-008,480,0,0,35,5.1,4449,4406
2026-09-04,B,AST-008,480,0,0,0,5.1,4624,4550
2026-09-04,C,AST-008,480,0,0,25,5.1,4760,4696
2026-09-05,A,AST-008,480,0,0,16,5.1,4487,4406
2026-09-05,B,AST-008,480,0,0,24,5.1,4303,4261
2026-09-05,C,AST-008,480,0,0,7,5.1,4866,4832
2026-09-06,A,AST-008,480,0,0,2,5.1,4468,4359
2026-09-06,B,AST-008,480,0,0,18,5.1,4450,4382
2026-09-06,C,AST-008,480,0,0,27,5.1,4151,4087
2026-09-07,A,AST-008,480,0,0,2,5.1,4851,4747
2026-09-07,B,AST-008,480,0,0,11,5.1,4533,4424
2026-09-07,C,AST-008,480,0,0,11,5.1,4697,4596
2026-09-08,A,AST-008,480,0,0,11,5.1,4647,4567
2026-09-08,B,AST-008,480,0,0,16,5.1,4525,4426
2026-09-08,C,AST-008,480,0,0,2,5.1,4758,4664
2026-09-09,A,AST-008,480,0,120,6,5.1,3405,3320
2026-09-09,B,AST-008,480,0,0,21,5.1,4552,4460
2026-09-09,C,AST-008,480,0,0,38,5.1,4279,4121
2026-09-10,A,AST-008,480,0,0,0,5.1,4321,4172
2026-09-10,B,AST-008,480,0,0,20,5.1,4155,4024
2026-09-10,C,AST-008,480,0,0,11,5.1,4558,4404
2026-09-11,A,AST-008,480,0,0,31,5.1,4360,4182
2026-09-11,B,AST-008,480,0,0,5,5.1,4021,3867
2026-09-11,C,AST-008,480,0,0,1,5.1,4116,3933
2026-09-12,A,AST-008,480,0,0,24,5.1,4068,3887
2026-09-12,B,AST-008,480,0,0,16,5.1,3862,3682
2026-09-12,C,AST-008,480,0,0,11,5.1,3988,3755
2026-09-13,A,AST-008,480,0,0,16,5.1,4357,4204
2026-09-13,B,AST-008,480,0,0,40,5.1,3957,3745
2026-09-13,C,AST-008,480,0,0,1,5.1,3974,3804
2026-09-14,A,AST-008,480,0,0,2,5.1,4317,4042
2026-09-14,B,AST-008,480,0,0,31,5.1,3446,3207
2026-09-14,C,AST-008,480,0,0,9,5.1,3628,3369
2026-09-15,A,AST-008,480,360,0,1,5.1,1129,1090
2026-09-15,B,AST-008,480,480,0,11,5.1,0,0
2026-09-15,C,AST-008,480,240,0,40,5.1,1930,1895
2026-09-16,A,AST-008,480,0,0,2,5.1,4732,4689
2026-09-16,B,AST-008,480,0,0,1,5.1,4870,4850
2026-09-16,C,AST-008,480,0,0,3,5.1,4666,4569
2026-09-17,A,AST-008,480,0,0,9,5.1,4626,4534
2026-09-17,B,AST-008,480,0,0,5,5.1,4897,4819
2026-09-17,C,AST-008,480,0,0,14,5.1,4569,4537
2026-09-18,A,AST-008,480,0,0,1,5.1,4749,4680
2026-09-18,B,AST-008,480,0,0,20,5.1,4344,4289
2026-09-18,C,AST-008,480,0,0,24,5.1,4507,4455
2026-09-19,A,AST-008,480,0,0,8,5.1,4764,4720
2026-09-19,B,AST-008,480,0,0,5,5.1,4665,4573
2026-09-19,C,AST-008,480,0,0,15,5.1,4874,4793
2026-09-20,A,AST-008,480,0,0,1,5.1,4816,4755
2026-09-20,B,AST-008,480,0,0,5,5.1,4815,4757
2026-09-20,C,AST-008,480,0,0,2,5.1,5029,4913
2026-09-21,A,AST-008,480,0,0,1,5.1,4758,4650
2026-09-21,B,AST-008,480,0,0,16,5.1,4462,4397
2026-09-21,C,AST-008,480,0,0,40,5.1,4416,4369
2026-09-22,A,AST-008,480,0,0,36,5.1,4523,4456
2026-09-22,B,AST-008,480,0,0,22,5.1,4619,4545
2026-09-22,C,AST-008,480,0,0,25,5.1,4486,4416
2026-09-23,A,AST-008,480,0,0,36,5.1,4513,4421
2026-09-23,B,AST-008,480,0,0,25,5.1,4289,4235
2026-09-23,C,AST-008,480,0,0,10,5.1,4713,4634
2026-09-24,A,AST-008,480,0,0,40,5.1,4443,4353
2026-09-24,B,AST-008,480,0,0,4,5.1,4632,4586
2026-09-24,C,AST-008,480,0,0,2,5.1,4946,4879
2026-09-25,A,AST-008,480,0,0,9,5.1,4309,4267
2026-09-25,B,AST-008,480,0,0,26,5.1,4575,4480
2026-09-25,C,AST-008,480,0,0,35,5.1,4463,4394
2026-09-26,A,AST-008,480,0,0,5,5.1,4605,4544
2026-09-26,B,AST-008,480,0,0,10,5.1,4528,4423
2026-09-26,C,AST-008,480,0,0,17,5.1,4688,4634
2026-09-27,A,AST-008,480,0,0,15,5.1,4584,4540
2026-09-27,B,AST-008,480,0,0,1,5.1,4676,4593
2026-09-27,C,AST-008,480,0,0,3,5.1,4756,4695
2026-09-28,A,AST-008,480,0,0,40,5.1,4465,4427
2026-09-28,B,AST-008,480,0,0,13,5.1,4243,4179
2026-06-01,A,AST-009,480,0,0,4,5.5,4298,4270
2026-06-01,B,AST-009,480,0,0,14,5.5,4475,4409
2026-06-01,C,AST-009,480,0,0,5,5.5,4392,4325
2026-06-02,A,AST-009,480,0,0,1,5.5,4460,4371
2026-06-02,B,AST-009,480,0,0,1,5.5,4381,4324
2026-06-02,C,AST-009,480,0,0,7,5.5,4541,4470
2026-06-03,A,AST-009,480,0,0,3,5.5,4519,4428
2026-06-03,B,AST-009,480,0,0,4,5.5,4402,4305
2026-06-03,C,AST-009,480,0,0,15,5.5,4098,4086
2026-06-04,A,AST-009,480,0,0,32,5.5,4061,3975
2026-06-04,B,AST-009,480,0,0,15,5.5,4389,4294
2026-06-04,C,AST-009,480,0,0,32,5.5,3987,3936
2026-06-05,A,AST-009,480,0,0,31,5.5,4197,4117
2026-06-05,B,AST-009,480,0,0,14,5.5,4222,4189
2026-06-05,C,AST-009,480,0,0,12,5.5,4311,4230
2026-06-06,A,AST-009,480,0,0,8,5.5,4455,4396
2026-06-06,B,AST-009,480,0,0,1,5.5,4336,4270
2026-06-06,C,AST-009,480,0,0,8,5.5,4215,4207
2026-06-07,A,AST-009,480,0,0,1,5.5,4433,4379
2026-06-07,B,AST-009,480,0,0,25,5.5,4362,4282
2026-06-07,C,AST-009,480,0,0,6,5.5,4356,4295
2026-06-08,A,AST-009,480,0,0,40,5.5,4006,3917
2026-06-08,B,AST-009,480,0,0,0,5.5,4668,4567
2026-06-08,C,AST-009,480,0,0,0,5.5,4337,4287
2026-06-09,A,AST-009,480,0,0,10,5.5,4378,4329
2026-06-09,B,AST-009,480,0,0,30,5.5,4346,4283
2026-06-09,C,AST-009,480,0,0,24,5.5,3924,3859
2026-06-10,A,AST-009,480,0,0,5,5.5,4178,4139
2026-06-10,B,AST-009,480,0,0,6,5.5,4135,4062
2026-06-10,C,AST-009,480,0,0,1,5.5,4434,4411
2026-06-11,A,AST-009,480,0,0,1,5.5,4116,4063
2026-06-11,B,AST-009,480,0,0,27,5.5,4003,3942
2026-06-11,C,AST-009,480,0,0,2,5.5,3919,3869
2026-06-12,A,AST-009,480,0,0,2,5.5,4411,4346
2026-06-12,B,AST-009,480,0,0,40,5.5,3610,3536
2026-06-12,C,AST-009,480,0,0,3,5.5,4093,4021
2026-06-13,A,AST-009,480,0,0,7,5.5,4378,4293
2026-06-13,B,AST-009,480,0,0,1,5.5,4474,4416
2026-06-13,C,AST-009,480,0,0,22,5.5,4231,4155
2026-06-14,A,AST-009,480,0,0,13,5.5,4263,4207
2026-06-14,B,AST-009,480,0,0,7,5.5,4384,4310
2026-06-14,C,AST-009,480,0,0,29,5.5,4115,4079
2026-06-15,A,AST-009,480,0,0,2,5.5,4459,4376
2026-06-15,B,AST-009,480,0,0,6,5.5,4331,4298
2026-06-15,C,AST-009,480,0,0,8,5.5,4371,4320
2026-06-16,A,AST-009,480,0,0,20,5.5,4171,4149
2026-06-16,B,AST-009,480,0,0,17,5.5,4194,4157
2026-06-16,C,AST-009,480,0,0,8,5.5,4496,4424
2026-06-17,A,AST-009,480,0,0,37,5.5,4127,4023
2026-06-17,B,AST-009,480,0,0,12,5.5,4675,4566
2026-06-17,C,AST-009,480,0,0,3,5.5,4214,4148
2026-06-18,A,AST-009,480,0,0,5,5.5,4455,4400
2026-06-18,B,AST-009,480,0,0,12,5.5,4002,3950
2026-06-18,C,AST-009,480,0,0,2,5.5,4441,4382
2026-06-19,A,AST-009,480,0,0,22,5.5,4057,4017
2026-06-19,B,AST-009,480,0,0,40,5.5,3867,3782
2026-06-19,C,AST-009,480,0,0,12,5.5,4433,4385
2026-06-20,A,AST-009,480,0,0,12,5.5,4379,4326
2026-06-20,B,AST-009,480,0,0,9,5.5,4248,4200
2026-06-20,C,AST-009,480,0,0,6,5.5,4348,4345
2026-06-21,A,AST-009,480,0,120,1,5.5,3450,3387
2026-06-21,B,AST-009,480,0,0,1,5.5,4491,4443
2026-06-21,C,AST-009,480,0,0,4,5.5,4206,4129
2026-06-22,A,AST-009,480,0,0,5,5.5,4598,4565
2026-06-22,B,AST-009,480,0,0,1,5.5,4379,4356
2026-06-22,C,AST-009,480,0,0,22,5.5,4373,4301
2026-06-23,A,AST-009,480,0,0,1,5.5,4687,4622
2026-06-23,B,AST-009,480,0,0,9,5.5,4453,4397
2026-06-23,C,AST-009,480,0,0,10,5.5,4382,4310
2026-06-24,A,AST-009,480,0,0,12,5.5,4363,4320
2026-06-24,B,AST-009,480,0,0,22,5.5,4476,4418
2026-06-24,C,AST-009,480,0,0,33,5.5,4130,4099
2026-06-25,A,AST-009,480,0,0,8,5.5,4196,4091
2026-06-25,B,AST-009,480,0,0,38,5.5,3871,3806
2026-06-25,C,AST-009,480,0,0,0,5.5,4633,4574
2026-06-26,A,AST-009,480,0,0,12,5.5,4144,4080
2026-06-26,B,AST-009,480,0,0,24,5.5,4199,4175
2026-06-26,C,AST-009,480,0,0,15,5.5,4437,4388
2026-06-27,A,AST-009,480,0,0,19,5.5,4212,4130
2026-06-27,B,AST-009,480,0,0,12,5.5,4557,4465
2026-06-27,C,AST-009,480,0,0,40,5.5,3961,3911
2026-06-28,A,AST-009,480,0,0,0,5.5,4280,4211
2026-06-28,B,AST-009,480,0,0,2,5.5,4393,4320
2026-06-28,C,AST-009,480,0,0,36,5.5,4127,4050
2026-06-29,A,AST-009,480,0,0,14,5.5,4454,4432
2026-06-29,B,AST-009,480,0,0,6,5.5,4428,4360
2026-06-29,C,AST-009,480,0,0,20,5.5,4194,4142
2026-06-30,A,AST-009,480,0,0,5,5.5,4394,4335
2026-06-30,B,AST-009,480,0,0,39,5.5,3951,3910
2026-06-30,C,AST-009,480,0,0,5,5.5,4476,4401
2026-07-01,A,AST-009,480,0,0,6,5.5,4364,4292
2026-07-01,B,AST-009,480,0,0,1,5.5,4114,4047
2026-07-01,C,AST-009,480,0,0,7,5.5,4491,4425
2026-07-02,A,AST-009,480,0,0,22,5.5,4238,4139
2026-07-02,B,AST-009,480,0,0,1,5.5,4481,4450
2026-07-02,C,AST-009,480,0,0,10,5.5,4468,4435
2026-07-03,A,AST-009,480,0,0,6,5.5,4052,4007
2026-07-03,B,AST-009,480,0,0,1,5.5,4296,4265
2026-07-03,C,AST-009,480,0,0,9,5.5,4367,4282
2026-07-04,A,AST-009,480,0,0,6,5.5,4296,4244
2026-07-04,B,AST-009,480,0,0,40,5.5,4294,4242
2026-07-04,C,AST-009,480,0,0,3,5.5,4186,4124
2026-07-05,A,AST-009,480,0,0,12,5.5,4061,4052
2026-07-05,B,AST-009,480,0,0,0,5.5,4550,4474
2026-07-05,C,AST-009,480,0,0,0,5.5,4254,4203
2026-07-06,A,AST-009,480,0,0,1,5.5,4397,4308
2026-07-06,B,AST-009,480,0,0,28,5.5,4254,4138
2026-07-06,C,AST-009,480,0,0,1,5.5,4502,4428
2026-07-07,A,AST-009,480,0,0,10,5.5,4121,4057
2026-07-07,B,AST-009,480,0,0,29,5.5,4218,4163
2026-07-07,C,AST-009,480,0,0,15,5.5,4371,4288
2026-07-08,A,AST-009,480,0,0,10,5.5,4493,4432
2026-07-08,B,AST-009,480,0,0,5,5.5,4490,4435
2026-07-08,C,AST-009,480,0,0,4,5.5,4327,4248
2026-07-09,A,AST-009,480,0,0,40,5.5,3882,3829
2026-07-09,B,AST-009,480,0,0,25,5.5,3989,3948
2026-07-09,C,AST-009,480,0,0,0,5.5,4204,4127
2026-07-10,A,AST-009,480,0,0,4,5.5,4493,4460
2026-07-10,B,AST-009,480,0,0,0,5.5,4123,4084
2026-07-10,C,AST-009,480,0,0,5,5.5,4768,4713
2026-07-11,A,AST-009,480,0,0,40,5.5,3957,3944
2026-07-11,B,AST-009,480,0,0,40,5.5,3823,3745
2026-07-11,C,AST-009,480,0,0,36,5.5,4106,4068
2026-07-12,A,AST-009,480,0,0,3,5.5,4043,3971
2026-07-12,B,AST-009,480,0,0,3,5.5,4191,4121
2026-07-12,C,AST-009,480,0,0,16,5.5,4394,4317
2026-07-13,A,AST-009,480,0,0,3,5.5,4412,4329
2026-07-13,B,AST-009,480,0,0,1,5.5,4417,4332
2026-07-13,C,AST-009,480,0,0,9,5.5,4064,3979
2026-07-14,A,AST-009,480,0,0,0,5.5,4314,4270
2026-07-14,B,AST-009,480,0,0,40,5.5,3997,3939
2026-07-14,C,AST-009,480,0,0,17,5.5,4481,4457
2026-07-15,A,AST-009,480,0,0,10,5.5,4302,4267
2026-07-15,B,AST-009,480,0,0,27,5.5,4253,4179
2026-07-15,C,AST-009,480,0,0,0,5.5,4612,4549
2026-07-16,A,AST-009,480,0,0,22,5.5,3766,3714
2026-07-16,B,AST-009,480,0,0,36,5.5,4224,4119
2026-07-16,C,AST-009,480,0,0,9,5.5,4323,4225
2026-07-17,A,AST-009,480,0,0,7,5.5,4320,4235
2026-07-17,B,AST-009,480,0,0,11,5.5,4347,4262
2026-07-17,C,AST-009,480,0,0,1,5.5,4193,4157
2026-07-18,A,AST-009,480,0,0,11,5.5,4312,4291
2026-07-18,B,AST-009,480,0,0,7,5.5,4246,4208
2026-07-18,C,AST-009,480,0,0,37,5.5,4122,4062
2026-07-19,A,AST-009,480,0,0,16,5.5,4410,4370
2026-07-19,B,AST-009,480,0,0,15,5.5,4497,4451
2026-07-19,C,AST-009,480,0,0,13,5.5,4331,4254
2026-07-20,A,AST-009,480,0,0,10,5.5,4417,4371
2026-07-20,B,AST-009,480,0,0,21,5.5,4136,4095
2026-07-20,C,AST-009,480,0,0,4,5.5,4385,4323
2026-07-21,A,AST-009,480,0,120,5,5.5,3347,3296
2026-07-21,B,AST-009,480,0,0,20,5.5,4231,4147
2026-07-21,C,AST-009,480,0,0,5,5.5,4429,4383
2026-07-22,A,AST-009,480,0,0,2,5.5,4399,4312
2026-07-22,B,AST-009,480,0,0,0,5.5,4332,4291
2026-07-22,C,AST-009,480,0,0,8,5.5,4140,4078
2026-07-23,A,AST-009,480,0,0,3,5.5,4319,4257
2026-07-23,B,AST-009,480,0,0,34,5.5,4224,4183
2026-07-23,C,AST-009,480,0,0,27,5.5,4174,4100
2026-07-24,A,AST-009,480,0,0,8,5.5,4153,4094
2026-07-24,B,AST-009,480,0,0,40,5.5,4246,4177
2026-07-24,C,AST-009,480,0,0,38,5.5,3880,3794
2026-07-25,A,AST-009,480,0,0,40,5.5,4137,4062
2026-07-25,B,AST-009,480,0,0,23,5.5,4160,4097
2026-07-25,C,AST-009,480,0,0,2,5.5,4261,4214
2026-07-26,A,AST-009,480,0,0,40,5.5,3980,3910
2026-07-26,B,AST-009,480,0,0,11,5.5,4251,4208
2026-07-26,C,AST-009,480,0,0,6,5.5,4493,4421
2026-07-27,A,AST-009,480,0,0,25,5.5,4004,3931
2026-07-27,B,AST-009,480,0,0,15,5.5,4168,4091
2026-07-27,C,AST-009,480,0,0,25,5.5,4178,4101
2026-07-28,A,AST-009,480,0,0,24,5.5,4150,4116
2026-07-28,B,AST-009,480,0,0,12,5.5,4572,4479
2026-07-28,C,AST-009,480,0,0,6,5.5,4384,4306
2026-07-29,A,AST-009,480,0,0,7,5.5,4727,4683
2026-07-29,B,AST-009,480,0,0,12,5.5,4123,4037
2026-07-29,C,AST-009,480,0,0,17,5.5,4272,4235
2026-07-30,A,AST-009,480,0,0,4,5.5,4389,4338
2026-07-30,B,AST-009,480,0,0,5,5.5,4516,4484
2026-07-30,C,AST-009,480,0,0,40,5.5,4035,3982
2026-07-31,A,AST-009,480,0,0,22,5.5,4079,4041
2026-07-31,B,AST-009,480,0,0,40,5.5,4160,4115
2026-07-31,C,AST-009,480,0,0,11,5.5,4179,4059
2026-08-01,A,AST-009,480,0,0,11,5.5,4241,4159
2026-08-01,B,AST-009,480,0,0,2,5.5,4248,4164
2026-08-01,C,AST-009,480,0,0,40,5.5,4211,4165
2026-08-02,A,AST-009,480,0,0,10,5.5,4308,4237
2026-08-02,B,AST-009,480,0,0,2,5.5,4818,4742
2026-08-02,C,AST-009,480,0,0,24,5.5,4137,4097
2026-08-03,A,AST-009,480,0,0,34,5.5,4036,4010
2026-08-03,B,AST-009,480,0,0,11,5.5,4463,4378
2026-08-03,C,AST-009,480,0,0,6,5.5,4539,4478
2026-08-04,A,AST-009,480,0,0,10,5.5,4484,4398
2026-08-04,B,AST-009,480,0,0,9,5.5,4437,4337
2026-08-04,C,AST-009,480,0,0,13,5.5,4210,4140
2026-08-05,A,AST-009,480,0,0,22,5.5,4133,4065
2026-08-05,B,AST-009,480,0,0,40,5.5,3727,3683
2026-08-05,C,AST-009,480,0,0,16,5.5,4528,4439
2026-08-06,A,AST-009,480,0,0,10,5.5,4195,4101
2026-08-06,B,AST-009,480,0,0,3,5.5,4156,4081
2026-08-06,C,AST-009,480,0,0,12,5.5,4397,4341
2026-08-07,A,AST-009,480,0,0,0,5.5,4737,4726
2026-08-07,B,AST-009,480,0,0,5,5.5,4342,4289
2026-08-07,C,AST-009,480,0,0,0,5.5,4525,4466
2026-08-08,A,AST-009,480,0,0,29,5.5,4226,4156
2026-08-08,B,AST-009,480,0,0,11,5.5,4114,4061
2026-08-08,C,AST-009,480,0,0,2,5.5,4201,4140
2026-08-09,A,AST-009,480,0,0,9,5.5,4544,4494
2026-08-09,B,AST-009,480,0,0,0,5.5,4285,4233
2026-08-09,C,AST-009,480,0,0,8,5.5,4367,4308
2026-08-10,A,AST-009,480,0,0,35,5.5,4007,3972
2026-08-10,B,AST-009,480,0,0,4,5.5,4473,4423
2026-08-10,C,AST-009,480,0,0,1,5.5,4288,4242
2026-08-11,A,AST-009,480,0,0,40,5.5,3999,3958
2026-08-11,B,AST-009,480,0,0,7,5.5,4505,4442
2026-08-11,C,AST-009,480,0,0,18,5.5,4139,4085
2026-08-12,A,AST-009,480,0,0,40,5.5,3749,3705
2026-08-12,B,AST-009,480,0,0,17,5.5,4421,4363
2026-08-12,C,AST-009,480,0,0,0,5.5,4642,4594
2026-08-13,A,AST-009,480,0,0,2,5.5,4407,4333
2026-08-13,B,AST-009,480,0,0,30,5.5,4268,4165
2026-08-13,C,AST-009,480,0,0,16,5.5,4066,4021
2026-08-14,A,AST-009,480,0,0,0,5.5,4655,4588
2026-08-14,B,AST-009,480,0,0,26,5.5,4267,4142
2026-08-14,C,AST-009,480,0,0,1,5.5,4338,4312
2026-08-15,A,AST-009,480,0,0,4,5.5,4300,4237
2026-08-15,B,AST-009,480,0,0,10,5.5,4054,3978
2026-08-15,C,AST-009,480,0,0,8,5.5,4142,4060
2026-08-16,A,AST-009,480,0,0,10,5.5,4096,3988
2026-08-16,B,AST-009,480,0,0,20,5.5,4205,4132
2026-08-16,C,AST-009,480,0,0,9,5.5,4342,4290
2026-08-17,A,AST-009,480,0,0,1,5.5,4282,4245
2026-08-17,B,AST-009,480,0,0,5,5.5,4264,4214
2026-08-17,C,AST-009,480,0,0,13,5.5,4197,4153
2026-08-18,A,AST-009,480,0,0,10,5.5,4169,4067
2026-08-18,B,AST-009,480,0,0,6,5.5,4208,4095
2026-08-18,C,AST-009,480,0,0,15,5.5,4152,4086
2026-08-19,A,AST-009,480,0,0,5,5.5,4532,4450
2026-08-19,B,AST-009,480,0,0,6,5.5,4304,4250
2026-08-19,C,AST-009,480,0,0,5,5.5,4449,4407
2026-08-20,A,AST-009,480,0,120,35,5.5,2846,2799
2026-08-20,B,AST-009,480,0,0,17,5.5,4494,4455
2026-08-20,C,AST-009,480,0,0,33,5.5,4217,4166
2026-08-21,A,AST-009,480,0,0,6,5.5,4189,4106
2026-08-21,B,AST-009,480,0,0,11,5.5,4384,4321
2026-08-21,C,AST-009,480,0,0,23,5.5,4022,3947
2026-08-22,A,AST-009,480,0,0,3,5.5,4478,4427
2026-08-22,B,AST-009,480,0,0,23,5.5,4169,4111
2026-08-22,C,AST-009,480,0,0,18,5.5,4152,4092
2026-08-23,A,AST-009,480,0,0,32,5.5,3992,3905
2026-08-23,B,AST-009,480,0,0,0,5.5,4096,4015
2026-08-23,C,AST-009,480,0,0,3,5.5,4498,4401
2026-08-24,A,AST-009,480,0,0,5,5.5,4361,4273
2026-08-24,B,AST-009,480,0,0,0,5.5,4393,4331
2026-08-24,C,AST-009,480,0,0,19,5.5,4078,4009
2026-08-25,A,AST-009,480,0,0,0,5.5,4381,4363
2026-08-25,B,AST-009,480,0,0,8,5.5,4250,4209
2026-08-25,C,AST-009,480,0,0,15,5.5,4039,3938
2026-08-26,A,AST-009,480,0,0,4,5.5,4445,4360
2026-08-26,B,AST-009,480,0,0,15,5.5,4270,4146
2026-08-26,C,AST-009,480,0,0,35,5.5,4127,4083
2026-08-27,A,AST-009,480,0,0,2,5.5,4819,4744
2026-08-27,B,AST-009,480,0,0,9,5.5,4427,4370
2026-08-27,C,AST-009,480,0,0,7,5.5,4283,4257
2026-08-28,A,AST-009,480,0,0,0,5.5,4495,4404
2026-08-28,B,AST-009,480,0,0,6,5.5,4220,4144
2026-08-28,C,AST-009,480,0,0,8,5.5,4628,4543
2026-08-29,A,AST-009,480,0,0,0,5.5,4486,4409
2026-08-29,B,AST-009,480,0,0,21,5.5,4151,4105
2026-08-29,C,AST-009,480,0,0,4,5.5,4276,4251
2026-08-30,A,AST-009,480,0,0,13,5.5,4212,4157
2026-08-30,B,AST-009,480,0,0,12,5.5,4225,4171
2026-08-30,C,AST-009,480,0,0,4,5.5,4221,4168
2026-08-31,A,AST-009,480,0,0,29,5.5,4078,3997
2026-08-31,B,AST-009,480,0,0,3,5.5,4350,4281
2026-08-31,C,AST-009,480,0,0,25,5.5,4047,4032
2026-09-01,A,AST-009,480,0,0,3,5.5,4137,4079
2026-09-01,B,AST-009,480,0,0,9,5.5,4249,4168
2026-09-01,C,AST-009,480,0,0,12,5.5,4148,4085
2026-09-02,A,AST-009,480,0,0,23,5.5,4505,4447
2026-09-02,B,AST-009,480,0,0,39,5.5,3926,3856
2026-09-02,C,AST-009,480,0,0,15,5.5,4284,4234
2026-09-03,A,AST-009,480,0,0,7,5.5,4496,4422
2026-09-03,B,AST-009,480,0,0,36,5.5,4181,4108
2026-09-03,C,AST-009,480,0,0,13,5.5,4143,4085
2026-09-04,A,AST-009,480,0,0,4,5.5,4393,4379
2026-09-04,B,AST-009,480,0,0,5,5.5,4258,4189
2026-09-04,C,AST-009,480,0,0,3,5.5,4308,4210
2026-09-05,A,AST-009,480,0,0,34,5.5,4139,4075
2026-09-05,B,AST-009,480,0,0,32,5.5,4118,4031
2026-09-05,C,AST-009,480,0,0,10,5.5,3919,3862
2026-09-06,A,AST-009,480,0,0,30,5.5,4271,4199
2026-09-06,B,AST-009,480,0,0,15,5.5,4166,4104
2026-09-06,C,AST-009,480,0,0,12,5.5,4255,4167
2026-09-07,A,AST-009,480,0,0,4,5.5,4242,4172
2026-09-07,B,AST-009,480,0,0,1,5.5,4330,4259
2026-09-07,C,AST-009,480,0,0,2,5.5,4360,4285
2026-09-08,A,AST-009,480,0,0,24,5.5,4035,3972
2026-09-08,B,AST-009,480,0,0,2,5.5,4443,4363
2026-09-08,C,AST-009,480,0,0,19,5.5,4218,4172
2026-09-09,A,AST-009,480,0,0,16,5.5,4347,4291
2026-09-09,B,AST-009,480,0,0,7,5.5,4314,4255
2026-09-09,C,AST-009,480,0,0,1,5.5,4270,4205
2026-09-10,A,AST-009,480,0,0,15,5.5,4348,4276
2026-09-10,B,AST-009,480,0,0,0,5.5,4298,4243
2026-09-10,C,AST-009,480,0,0,17,5.5,4142,4027
2026-09-11,A,AST-009,480,0,0,2,5.5,4193,4140
2026-09-11,B,AST-009,480,0,0,4,5.5,4231,4148
2026-09-11,C,AST-009,480,0,0,22,5.5,4231,4225
2026-09-12,A,AST-009,480,0,0,1,5.5,4447,4351
2026-09-12,B,AST-009,480,0,0,20,5.5,4224,4158
2026-09-12,C,AST-009,480,0,0,19,5.5,4202,4146
2026-09-13,A,AST-009,480,0,0,29,5.5,4049,4016
2026-09-13,B,AST-009,480,0,0,5,5.5,4140,4089
2026-09-13,C,AST-009,480,0,0,2,5.5,4162,4079
2026-09-14,A,AST-009,480,0,0,30,5.5,4086,4018
2026-09-14,B,AST-009,480,0,0,2,5.5,4183,4124
2026-09-14,C,AST-009,480,0,0,5,5.5,4373,4324
2026-09-15,A,AST-009,480,0,0,0,5.5,4195,4118
2026-09-15,B,AST-009,480,0,0,2,5.5,4770,4720
2026-09-15,C,AST-009,480,0,0,1,5.5,4375,4280
2026-09-16,A,AST-009,480,0,0,12,5.5,4436,4336
2026-09-16,B,AST-009,480,0,0,1,5.5,4565,4496
2026-09-16,C,AST-009,480,0,0,5,5.5,4664,4589
2026-09-17,A,AST-009,480,0,0,22,5.5,4062,3995
2026-09-17,B,AST-009,480,0,0,2,5.5,4512,4469
2026-09-17,C,AST-009,480,0,0,31,5.5,3911,3834
2026-09-18,A,AST-009,480,0,0,14,5.5,4170,4108
2026-09-18,B,AST-009,480,0,0,2,5.5,4586,4585
2026-09-18,C,AST-009,480,0,0,2,5.5,4613,4536
2026-09-19,A,AST-009,480,0,120,40,5.5,2811,2752
2026-09-19,B,AST-009,480,0,0,3,5.5,4356,4288
2026-09-19,C,AST-009,480,0,0,7,5.5,4533,4435
2026-09-20,A,AST-009,480,0,0,28,5.5,4290,4231
2026-09-20,B,AST-009,480,0,0,17,5.5,4362,4300
2026-09-20,C,AST-009,480,0,0,12,5.5,4385,4356
2026-09-21,A,AST-009,480,0,0,2,5.5,4260,4172
2026-09-21,B,AST-009,480,0,0,1,5.5,4370,4316
2026-09-21,C,AST-009,480,0,0,0,5.5,4424,4308
2026-09-22,A,AST-009,480,0,0,40,5.5,3977,3887
2026-09-22,B,AST-009,480,0,0,24,5.5,4270,4268
2026-09-22,C,AST-009,480,0,0,27,5.5,4310,4266
2026-09-23,A,AST-009,480,0,0,32,5.5,3865,3821
2026-09-23,B,AST-009,480,0,0,6,5.5,4397,4311
2026-09-23,C,AST-009,480,0,0,14,5.5,4394,4331
2026-09-24,A,AST-009,480,0,0,10,5.5,4264,4200
2026-09-24,B,AST-009,480,0,0,40,5.5,4011,3930
2026-09-24,C,AST-009,480,0,0,23,5.5,4303,4247
2026-09-25,A,AST-009,480,0,0,11,5.5,4530,4438
2026-09-25,B,AST-009,480,0,0,40,5.5,3985,3955
2026-09-25,C,AST-009,480,0,0,0,5.5,4702,4657
2026-09-26,A,AST-009,480,0,0,10,5.5,4287,4193
2026-09-26,B,AST-009,480,0,0,12,5.5,4412,4338
2026-09-26,C,AST-009,480,0,0,21,5.5,4059,4018
2026-09-27,A,AST-009,480,0,0,0,5.5,4325,4266
2026-09-27,B,AST-009,480,0,0,6,5.5,4408,4315
2026-09-27,C,AST-009,480,0,0,3,5.5,4421,4379
2026-09-28,A,AST-009,480,0,0,40,5.5,3924,3849
2026-09-28,B,AST-009,480,0,0,6,5.5,4289,4236
2026-06-01,A,AST-010,480,0,0,0,4.9,5029,4952
2026-06-01,B,AST-010,480,0,0,5,4.9,5165,5088
2026-06-01,C,AST-010,480,0,0,4,4.9,4710,4620
2026-06-02,A,AST-010,480,0,0,13,4.9,4488,4410
2026-06-02,B,AST-010,480,0,0,0,4.9,4812,4745
2026-06-02,C,AST-010,480,0,0,7,4.9,4655,4591
2026-06-03,A,AST-010,480,0,0,19,4.9,4814,4762
2026-06-03,B,AST-010,480,0,0,0,4.9,4889,4784
2026-06-03,C,AST-010,480,0,0,12,4.9,4938,4841
2026-06-04,A,AST-010,480,0,0,2,4.9,4510,4458
2026-06-04,B,AST-010,480,0,0,2,4.9,4928,4847
2026-06-04,C,AST-010,480,0,0,13,4.9,4689,4630
2026-06-05,A,AST-010,480,0,0,2,4.9,4783,4726
2026-06-05,B,AST-010,480,0,0,1,4.9,5146,5113
2026-06-05,C,AST-010,480,0,0,3,4.9,4747,4708
2026-06-06,A,AST-010,480,0,0,0,4.9,5014,4976
2026-06-06,B,AST-010,480,0,0,21,4.9,4853,4785
2026-06-06,C,AST-010,480,0,0,9,4.9,4754,4668
2026-06-07,A,AST-010,480,0,0,8,4.9,4919,4822
2026-06-07,B,AST-010,480,0,0,7,4.9,4573,4474
2026-06-07,C,AST-010,480,0,0,2,4.9,4618,4567
2026-06-08,A,AST-010,480,0,120,0,4.9,3695,3599
2026-06-08,B,AST-010,480,0,0,3,4.9,4529,4449
2026-06-08,C,AST-010,480,0,0,40,4.9,4517,4416
2026-06-09,A,AST-010,480,0,0,3,4.9,4982,4902
2026-06-09,B,AST-010,480,0,0,18,4.9,4584,4472
2026-06-09,C,AST-010,480,0,0,19,4.9,4680,4572
2026-06-10,A,AST-010,480,0,0,5,4.9,4870,4771
2026-06-10,B,AST-010,480,0,0,0,4.9,4592,4473
2026-06-10,C,AST-010,480,0,0,16,4.9,4620,4483
2026-06-11,A,AST-010,480,0,0,0,4.9,4705,4563
2026-06-11,B,AST-010,480,0,0,12,4.9,4748,4630
2026-06-11,C,AST-010,480,0,0,20,4.9,4703,4581
2026-06-12,A,AST-010,480,0,0,11,4.9,4393,4261
2026-06-12,B,AST-010,480,0,0,4,4.9,4829,4614
2026-06-12,C,AST-010,480,0,0,26,4.9,4205,4009
2026-06-13,A,AST-010,480,0,0,40,4.9,3836,3686
2026-06-13,B,AST-010,480,0,0,2,4.9,4581,4386
2026-06-13,C,AST-010,480,0,0,6,4.9,4455,4255
2026-06-14,A,AST-010,480,0,0,4,4.9,4328,4086
2026-06-14,B,AST-010,480,0,0,10,4.9,4238,3979
2026-06-14,C,AST-010,480,0,0,1,4.9,4260,4017
2026-06-15,A,AST-010,480,0,0,13,4.9,4013,3757
2026-06-15,B,AST-010,480,0,0,4,4.9,4104,3875
2026-06-15,C,AST-010,480,0,0,7,4.9,4195,3905
2026-06-16,A,AST-010,480,0,0,36,4.9,3952,3650
2026-06-16,B,AST-010,480,450,0,5,4.9,255,249
2026-06-16,C,AST-010,480,480,0,0,4.9,0,0
2026-06-17,A,AST-010,480,480,0,0,4.9,0,0
2026-06-17,B,AST-010,480,480,0,6,4.9,0,0
2026-06-17,C,AST-010,480,480,0,27,4.9,0,0
2026-06-18,A,AST-010,480,30,0,19,4.9,4467,4415
2026-06-18,B,AST-010,480,0,0,1,4.9,4689,4587
2026-06-18,C,AST-010,480,0,0,27,4.9,4706,4622
2026-06-19,A,AST-010,480,0,0,2,4.9,5057,4981
2026-06-19,B,AST-010,480,0,0,3,4.9,4824,4726
2026-06-19,C,AST-010,480,0,0,13,4.9,4822,4774
2026-06-20,A,AST-010,480,0,0,31,4.9,4406,4323
2026-06-20,B,AST-010,480,0,0,7,4.9,4902,4850
2026-06-20,C,AST-010,480,0,0,15,4.9,4833,4792
2026-06-21,A,AST-010,480,0,0,9,4.9,4571,4516
2026-06-21,B,AST-010,480,0,0,4,4.9,4753,4703
2026-06-21,C,AST-010,480,0,0,5,4.9,4985,4904
2026-06-22,A,AST-010,480,0,0,12,4.9,5084,5003
2026-06-22,B,AST-010,480,0,0,17,4.9,4793,4674
2026-06-22,C,AST-010,480,0,0,8,4.9,4687,4617
2026-06-23,A,AST-010,480,0,0,27,4.9,4889,4843
2026-06-23,B,AST-010,480,0,0,22,4.9,4703,4632
2026-06-23,C,AST-010,480,0,0,17,4.9,4406,4326
2026-06-24,A,AST-010,480,0,0,14,4.9,4947,4848
2026-06-24,B,AST-010,480,0,0,14,4.9,5039,4929
2026-06-24,C,AST-010,480,0,0,2,4.9,5000,4991
2026-06-25,A,AST-010,480,0,0,16,4.9,4772,4670
2026-06-25,B,AST-010,480,0,0,14,4.9,4970,4893
2026-06-25,C,AST-010,480,0,0,3,4.9,4904,4804
2026-06-26,A,AST-010,480,0,0,4,4.9,5044,4929
2026-06-26,B,AST-010,480,0,0,40,4.9,4483,4405
2026-06-26,C,AST-010,480,0,0,4,4.9,4764,4612
2026-06-27,A,AST-010,480,0,0,36,4.9,4451,4346
2026-06-27,B,AST-010,480,0,0,37,4.9,4499,4442
2026-06-27,C,AST-010,480,0,0,6,4.9,4696,4642
2026-06-28,A,AST-010,480,0,0,13,4.9,4893,4782
2026-06-28,B,AST-010,480,0,0,22,4.9,4942,4875
2026-06-28,C,AST-010,480,0,0,9,4.9,4357,4311
2026-06-29,A,AST-010,480,0,0,2,4.9,5045,4969
2026-06-29,B,AST-010,480,0,0,8,4.9,4569,4482
2026-06-29,C,AST-010,480,0,0,16,4.9,4763,4688
2026-06-30,A,AST-010,480,0,0,22,4.9,4593,4540
2026-06-30,B,AST-010,480,0,0,0,4.9,4839,4779
2026-06-30,C,AST-010,480,0,0,3,4.9,4372,4323
2026-07-01,A,AST-010,480,0,0,0,4.9,4790,4735
2026-07-01,B,AST-010,480,0,0,20,4.9,4505,4470
2026-07-01,C,AST-010,480,0,0,13,4.9,4612,4542
2026-07-02,A,AST-010,480,0,0,8,4.9,4945,4833
2026-07-02,B,AST-010,480,0,0,27,4.9,4787,4708
2026-07-02,C,AST-010,480,0,0,15,4.9,5302,5234
2026-07-03,A,AST-010,480,0,0,3,4.9,4901,4812
2026-07-03,B,AST-010,480,0,0,8,4.9,4865,4773
2026-07-03,C,AST-010,480,0,0,9,4.9,5011,4920
2026-07-04,A,AST-010,480,0,0,2,4.9,4875,4793
2026-07-04,B,AST-010,480,0,0,40,4.9,4617,4572
2026-07-04,C,AST-010,480,0,0,2,4.9,4858,4789
2026-07-05,A,AST-010,480,0,0,28,4.9,4436,4347
2026-07-05,B,AST-010,480,0,0,5,4.9,4901,4858
2026-07-05,C,AST-010,480,0,0,19,4.9,4799,4741
2026-07-06,A,AST-010,480,0,0,32,4.9,4423,4340
2026-07-06,B,AST-010,480,0,0,14,4.9,4633,4580
2026-07-06,C,AST-010,480,0,0,15,4.9,4982,4891
2026-07-07,A,AST-010,480,0,0,6,4.9,4864,4855
2026-07-07,B,AST-010,480,0,0,4,4.9,4527,4464
2026-07-07,C,AST-010,480,0,0,10,4.9,4763,4678
2026-07-08,A,AST-010,480,0,120,40,4.9,3066,3004
2026-07-08,B,AST-010,480,0,0,1,4.9,4550,4467
2026-07-08,C,AST-010,480,0,0,4,4.9,5014,4913
2026-07-09,A,AST-010,480,0,0,20,4.9,4538,4451
2026-07-09,B,AST-010,480,0,0,10,4.9,4711,4654
2026-07-09,C,AST-010,480,0,0,33,4.9,4475,4436
2026-07-10,A,AST-010,480,0,0,6,4.9,4903,4839
2026-07-10,B,AST-010,480,0,0,0,4.9,5010,4950
2026-07-10,C,AST-010,480,0,0,4,4.9,4783,4701
2026-07-11,A,AST-010,480,0,0,40,4.9,4364,4329
2026-07-11,B,AST-010,480,0,0,16,4.9,4793,4708
2026-07-11,C,AST-010,480,0,0,14,4.9,4830,4741
2026-07-12,A,AST-010,480,0,0,11,4.9,4714,4682
2026-07-12,B,AST-010,480,0,0,15,4.9,5051,4949
2026-07-12,C,AST-010,480,0,0,40,4.9,4626,4573
2026-07-13,A,AST-010,480,0,0,1,4.9,4996,4902
2026-07-13,B,AST-010,480,0,0,3,4.9,4811,4746
2026-07-13,C,AST-010,480,0,0,1,4.9,4994,4893
2026-07-14,A,AST-010,480,0,0,10,4.9,4539,4479
2026-07-14,B,AST-010,480,0,0,4,4.9,5104,5009
2026-07-14,C,AST-010,480,0,0,23,4.9,4863,4836
2026-07-15,A,AST-010,480,0,0,3,4.9,4925,4869
2026-07-15,B,AST-010,480,0,0,1,4.9,4714,4635
2026-07-15,C,AST-010,480,0,0,35,4.9,4518,4437
2026-07-16,A,AST-010,480,0,0,14,4.9,4543,4500
2026-07-16,B,AST-010,480,0,0,16,4.9,4754,4673
2026-07-16,C,AST-010,480,0,0,34,4.9,4567,4506
2026-07-17,A,AST-010,480,0,0,0,4.9,4850,4815
2026-07-17,B,AST-010,480,0,0,26,4.9,4533,4460
2026-07-17,C,AST-010,480,0,0,14,4.9,4604,4513
2026-07-18,A,AST-010,480,0,0,11,4.9,4898,4826
2026-07-18,B,AST-010,480,0,0,9,4.9,4731,4676
2026-07-18,C,AST-010,480,0,0,23,4.9,4986,4885
2026-07-19,A,AST-010,480,0,0,3,4.9,5019,4927
2026-07-19,B,AST-010,480,0,0,4,4.9,4949,4879
2026-07-19,C,AST-010,480,0,0,3,4.9,5124,4993
2026-07-20,A,AST-010,480,0,0,2,4.9,4910,4872
2026-07-20,B,AST-010,480,0,0,5,4.9,4845,4729
2026-07-20,C,AST-010,480,0,0,11,4.9,4824,4739
2026-07-21,A,AST-010,480,0,0,1,4.9,4995,4937
2026-07-21,B,AST-010,480,0,0,34,4.9,4615,4591
2026-07-21,C,AST-010,480,0,0,32,4.9,4542,4464
2026-07-22,A,AST-010,480,0,0,34,4.9,4107,4035
2026-07-22,B,AST-010,480,0,0,10,4.9,4915,4836
2026-07-22,C,AST-010,480,0,0,40,4.9,4598,4535
2026-07-23,A,AST-010,480,0,0,5,4.9,4988,4904
2026-07-23,B,AST-010,480,0,0,8,4.9,4746,4635
2026-07-23,C,AST-010,480,0,0,3,4.9,4856,4812
2026-07-24,A,AST-010,480,0,0,11,4.9,5152,5060
2026-07-24,B,AST-010,480,0,0,2,4.9,4897,4858
2026-07-24,C,AST-010,480,0,0,21,4.9,4816,4726
2026-07-25,A,AST-010,480,0,0,7,4.9,4655,4558
2026-07-25,B,AST-010,480,0,0,1,4.9,4576,4503
2026-07-25,C,AST-010,480,0,0,2,4.9,4481,4435
2026-07-26,A,AST-010,480,0,0,6,4.9,4861,4813
2026-07-26,B,AST-010,480,0,0,7,4.9,4755,4659
2026-07-26,C,AST-010,480,0,0,0,4.9,4686,4594
2026-07-27,A,AST-010,480,0,0,15,4.9,5195,5146
2026-07-27,B,AST-010,480,0,0,12,4.9,4731,4653
2026-07-27,C,AST-010,480,0,0,0,4.9,4929,4868
2026-07-28,A,AST-010,480,0,0,5,4.9,4913,4862
2026-07-28,B,AST-010,480,0,0,21,4.9,4598,4545
2026-07-28,C,AST-010,480,0,0,0,4.9,4803,4693
2026-07-29,A,AST-010,480,0,0,14,4.9,4410,4358
2026-07-29,B,AST-010,480,0,0,13,4.9,5050,4992
2026-07-29,C,AST-010,480,0,0,14,4.9,4874,4788
2026-07-30,A,AST-010,480,0,0,6,4.9,4746,4672
2026-07-30,B,AST-010,480,0,0,5,4.9,4630,4595
2026-07-30,C,AST-010,480,0,0,38,4.9,4332,4284
2026-07-31,A,AST-010,480,0,0,5,4.9,4696,4602
2026-07-31,B,AST-010,480,0,0,0,4.9,5029,4914
2026-07-31,C,AST-010,480,0,0,6,4.9,4565,4509
2026-08-01,A,AST-010,480,0,0,1,4.9,5140,5021
2026-08-01,B,AST-010,480,0,0,14,4.9,4505,4421
2026-08-01,C,AST-010,480,0,0,0,4.9,5098,5004
2026-08-02,A,AST-010,480,0,0,12,4.9,5017,4939
2026-08-02,B,AST-010,480,0,0,10,4.9,4600,4465
2026-08-02,C,AST-010,480,0,0,1,4.9,4907,4838
2026-08-03,A,AST-010,480,0,0,6,4.9,4794,4747
2026-08-03,B,AST-010,480,0,0,13,4.9,4489,4434
2026-08-03,C,AST-010,480,0,0,8,4.9,5066,4982
2026-08-04,A,AST-010,480,0,0,40,4.9,4581,4471
2026-08-04,B,AST-010,480,0,0,10,4.9,4937,4834
2026-08-04,C,AST-010,480,0,0,1,4.9,4922,4840
2026-08-05,A,AST-010,480,0,0,32,4.9,4552,4462
2026-08-05,B,AST-010,480,0,0,4,4.9,4705,4614
2026-08-05,C,AST-010,480,0,0,10,4.9,4756,4633
2026-08-06,A,AST-010,480,0,0,7,4.9,4889,4773
2026-08-06,B,AST-010,480,0,0,0,4.9,4609,4453
2026-08-06,C,AST-010,480,0,0,14,4.9,4583,4421
2026-08-07,A,AST-010,480,0,120,4,4.9,3313,3188
2026-08-07,B,AST-010,480,0,0,0,4.9,4732,4521
2026-08-07,C,AST-010,480,0,0,0,4.9,4364,4168
2026-08-08,A,AST-010,480,0,0,0,4.9,4385,4158
2026-08-08,B,AST-010,480,0,0,1,4.9,4513,4234
2026-08-08,C,AST-010,480,0,0,10,4.9,4080,3822
2026-08-09,A,AST-010,480,0,0,3,4.9,3921,3655
2026-08-09,B,AST-010,480,360,0,23,4.9,991,968
2026-08-09,C,AST-010,480,480,0,40,4.9,0,0
2026-08-10,A,AST-010,480,480,0,36,4.9,0,0
2026-08-10,B,AST-010,480,480,0,12,4.9,0,0
2026-08-10,C,AST-010,480,480,0,18,4.9,0,0
2026-08-11,A,AST-010,480,480,0,6,4.9,0,0
2026-08-11,B,AST-010,480,480,0,19,4.9,0,0
2026-08-11,C,AST-010,480,480,0,21,4.9,0,0
2026-08-12,A,AST-010,480,480,0,11,4.9,0,0
2026-08-12,B,AST-010,480,480,0,6,4.9,0,0
2026-08-12,C,AST-010,480,480,0,1,4.9,0,0
2026-08-13,A,AST-010,480,480,0,5,4.9,0,0
2026-08-13,B,AST-010,480,90,0,18,4.9,3874,3796
2026-08-13,C,AST-010,480,0,0,37,4.9,4821,4734
2026-08-14,A,AST-010,480,0,0,28,4.9,4667,4621
2026-08-14,B,AST-010,480,0,0,4,4.9,4920,4833
2026-08-14,C,AST-010,480,0,0,27,4.9,4722,4635
2026-08-15,A,AST-010,480,0,0,23,4.9,4650,4555
2026-08-15,B,AST-010,480,0,0,14,4.9,4919,4813
2026-08-15,C,AST-010,480,0,0,22,4.9,4803,4722
2026-08-16,A,AST-010,480,0,0,25,4.9,4693,4572
2026-08-16,B,AST-010,480,0,0,8,4.9,4713,4642
2026-08-16,C,AST-010,480,0,0,11,4.9,4798,4744
2026-08-17,A,AST-010,480,0,0,34,4.9,4863,4791
2026-08-17,B,AST-010,480,0,0,40,4.9,4546,4478
2026-08-17,C,AST-010,480,0,0,40,4.9,4470,4428
2026-08-18,A,AST-010,480,0,0,40,4.9,4373,4311
2026-08-18,B,AST-010,480,0,0,26,4.9,4620,4549
2026-08-18,C,AST-010,480,0,0,3,4.9,5252,5220
2026-08-19,A,AST-010,480,0,0,16,4.9,4827,4728
2026-08-19,B,AST-010,480,0,0,10,4.9,4528,4472
2026-08-19,C,AST-010,480,0,0,40,4.9,4030,3984
2026-08-20,A,AST-010,480,0,0,19,4.9,4821,4745
2026-08-20,B,AST-010,480,0,0,40,4.9,4461,4383
2026-08-20,C,AST-010,480,0,0,8,4.9,4633,4570
2026-08-21,A,AST-010,480,0,0,22,4.9,4773,4739
2026-08-21,B,AST-010,480,0,0,6,4.9,4938,4847
2026-08-21,C,AST-010,480,0,0,38,4.9,4564,4521
2026-08-22,A,AST-010,480,0,0,8,4.9,4885,4774
2026-08-22,B,AST-010,480,0,0,14,4.9,4578,4493
2026-08-22,C,AST-010,480,0,0,28,4.9,4315,4242
2026-08-23,A,AST-010,480,0,0,9,4.9,4850,4785
2026-08-23,B,AST-010,480,0,0,10,4.9,4963,4879
2026-08-23,C,AST-010,480,0,0,15,4.9,4764,4683
2026-08-24,A,AST-010,480,0,0,10,4.9,4846,4746
2026-08-24,B,AST-010,480,0,0,2,4.9,4526,4410
2026-08-24,C,AST-010,480,0,0,17,4.9,4605,4547
2026-08-25,A,AST-010,480,0,0,3,4.9,4878,4828
2026-08-25,B,AST-010,480,0,0,2,4.9,4830,4760
2026-08-25,C,AST-010,480,0,0,1,4.9,4883,4783
2026-08-26,A,AST-010,480,0,0,40,4.9,4957,4901
2026-08-26,B,AST-010,480,0,0,12,4.9,4895,4841
2026-08-26,C,AST-010,480,0,0,7,4.9,5046,4915
2026-08-27,A,AST-010,480,0,0,3,4.9,4529,4463
2026-08-27,B,AST-010,480,0,0,18,4.9,4950,4910
2026-08-27,C,AST-010,480,0,0,8,4.9,4693,4638
2026-08-28,A,AST-010,480,0,0,5,4.9,4824,4759
2026-08-28,B,AST-010,480,0,0,34,4.9,4444,4389
2026-08-28,C,AST-010,480,0,0,39,4.9,4532,4466
2026-08-29,A,AST-010,480,0,0,4,4.9,4946,4860
2026-08-29,B,AST-010,480,0,0,9,4.9,5013,4966
2026-08-29,C,AST-010,480,0,0,2,4.9,5050,4931
2026-08-30,A,AST-010,480,0,0,40,4.9,4646,4589
2026-08-30,B,AST-010,480,0,0,14,4.9,4724,4690
2026-08-30,C,AST-010,480,0,0,8,4.9,5119,5107
2026-08-31,A,AST-010,480,0,0,6,4.9,4856,4800
2026-08-31,B,AST-010,480,0,0,8,4.9,5184,5111
2026-08-31,C,AST-010,480,0,0,6,4.9,5071,5007
2026-09-01,A,AST-010,480,0,0,19,4.9,4416,4390
2026-09-01,B,AST-010,480,0,0,1,4.9,4725,4651
2026-09-01,C,AST-010,480,0,0,5,4.9,4851,4782
2026-09-02,A,AST-010,480,0,0,9,4.9,4896,4801
2026-09-02,B,AST-010,480,0,0,1,4.9,5098,5037
2026-09-02,C,AST-010,480,0,0,9,4.9,4775,4725
2026-09-03,A,AST-010,480,0,0,6,4.9,4783,4698
2026-09-03,B,AST-010,480,0,0,9,4.9,4593,4544
2026-09-03,C,AST-010,480,0,0,2,4.9,4603,4492
2026-09-04,A,AST-010,480,0,0,6,4.9,5181,5110
2026-09-04,B,AST-010,480,0,0,40,4.9,4712,4628
2026-09-04,C,AST-010,480,0,0,2,4.9,4575,4507
2026-09-05,A,AST-010,480,0,0,20,4.9,4605,4566
2026-09-05,B,AST-010,480,0,0,18,4.9,4992,4930
2026-09-05,C,AST-010,480,0,0,40,4.9,4443,4362
2026-09-06,A,AST-010,480,0,120,3,4.9,3607,3547
2026-09-06,B,AST-010,480,0,0,5,4.9,4824,4695
2026-09-06,C,AST-010,480,0,0,14,4.9,4678,4594
2026-09-07,A,AST-010,480,0,0,40,4.9,4292,4210
2026-09-07,B,AST-010,480,0,0,5,4.9,4601,4461
2026-09-07,C,AST-010,480,0,0,4,4.9,4738,4575
2026-09-08,A,AST-010,480,0,0,12,4.9,4879,4725
2026-09-08,B,AST-010,480,0,0,1,4.9,4721,4565
2026-09-08,C,AST-010,480,0,0,2,4.9,4828,4699
2026-09-09,A,AST-010,480,0,0,16,4.9,4643,4425
2026-09-09,B,AST-010,480,0,0,4,4.9,4672,4524
2026-09-09,C,AST-010,480,0,0,40,4.9,4108,3961
2026-09-10,A,AST-010,480,0,0,6,4.9,4749,4509
2026-09-10,B,AST-010,480,0,0,2,4.9,3918,3732
2026-09-10,C,AST-010,480,0,0,13,4.9,4274,4080
2026-09-11,A,AST-010,480,0,0,0,4.9,4335,4151
2026-09-11,B,AST-010,480,0,0,20,4.9,4043,3810
2026-09-11,C,AST-010,480,0,0,27,4.9,4094,3854
2026-09-12,A,AST-010,480,0,0,4,4.9,4165,3909
2026-09-12,B,AST-010,480,0,0,40,4.9,4038,3751
2026-09-12,C,AST-010,480,0,0,9,4.9,4074,3738
2026-09-13,A,AST-010,480,90,0,25,4.9,3042,2834
2026-09-13,B,AST-010,480,480,0,26,4.9,0,0
2026-09-13,C,AST-010,480,330,0,25,4.9,1313,1289
2026-09-14,A,AST-010,480,0,0,32,4.9,4734,4643
2026-09-14,B,AST-010,480,0,0,18,4.9,5015,4919
2026-09-14,C,AST-010,480,0,0,3,4.9,5100,5069
2026-09-15,A,AST-010,480,0,0,25,4.9,5140,5060
2026-09-15,B,AST-010,480,0,0,12,4.9,5002,4912
2026-09-15,C,AST-010,480,0,0,0,4.9,4797,4761
2026-09-16,A,AST-010,480,0,0,18,4.9,4904,4817
2026-09-16,B,AST-010,480,0,0,11,4.9,4818,4780
2026-09-16,C,AST-010,480,0,0,9,4.9,5244,5174
2026-09-17,A,AST-010,480,0,0,3,4.9,4673,4611
2026-09-17,B,AST-010,480,0,0,3,4.9,4877,4783
2026-09-17,C,AST-010,480,0,0,6,4.9,4809,4739
2026-09-18,A,AST-010,480,0,0,4,4.9,4876,4800
2026-09-18,B,AST-010,480,0,0,8,4.9,4986,4938
2026-09-18,C,AST-010,480,0,0,5,4.9,4696,4617
2026-09-19,A,AST-010,480,0,0,14,4.9,4606,4537
2026-09-19,B,AST-010,480,0,0,2,4.9,5028,4943
2026-09-19,C,AST-010,480,0,0,40,4.9,4594,4537
2026-09-20,A,AST-010,480,0,0,5,4.9,4879,4753
2026-09-20,B,AST-010,480,0,0,8,4.9,4618,4585
2026-09-20,C,AST-010,480,0,0,13,4.9,4751,4659
2026-09-21,A,AST-010,480,0,0,12,4.9,4391,4341
2026-09-21,B,AST-010,480,0,0,30,4.9,4566,4508
2026-09-21,C,AST-010,480,0,0,16,4.9,4852,4764
2026-09-22,A,AST-010,480,0,0,4,4.9,5037,4972
2026-09-22,B,AST-010,480,0,0,31,4.9,4549,4450
2026-09-22,C,AST-010,480,0,0,8,4.9,4714,4626
2026-09-23,A,AST-010,480,0,0,0,4.9,4703,4625
2026-09-23,B,AST-010,480,0,0,2,4.9,4854,4761
2026-09-23,C,AST-010,480,0,0,4,4.9,5020,4946
2026-09-24,A,AST-010,480,0,0,8,4.9,4904,4803
2026-09-24,B,AST-010,480,0,0,12,4.9,4820,4756
2026-09-24,C,AST-010,480,0,0,0,4.9,4809,4761
2026-09-25,A,AST-010,480,0,0,33,4.9,4309,4226
2026-09-25,B,AST-010,480,0,0,1,4.9,4942,4845
2026-09-25,C,AST-010,480,0,0,11,4.9,4899,4829
2026-09-26,A,AST-010,480,0,0,19,4.9,4556,4504
2026-09-26,B,AST-010,480,0,0,1,4.9,5202,5113
2026-09-26,C,AST-010,480,0,0,5,4.9,4756,4690
2026-09-27,A,AST-010,480,0,0,7,4.9,4910,4831
2026-09-27,B,AST-010,480,0,0,15,4.9,4834,4754
2026-09-27,C,AST-010,480,0,0,4,4.9,5004,4949
2026-09-28,A,AST-010,480,0,0,4,4.9,4693,4613
2026-09-28,B,AST-010,480,0,0,16,4.9,4866,4825
2026-06-01,A,AST-011,480,0,0,7,4.8,5007,4928
2026-06-01,B,AST-011,480,0,0,18,4.8,4781,4734
2026-06-01,C,AST-011,480,0,0,5,4.8,5129,5027
2026-06-02,A,AST-011,480,0,0,0,4.8,4996,4913
2026-06-02,B,AST-011,480,0,0,1,4.8,5149,5032
2026-06-02,C,AST-011,480,0,0,2,4.8,5019,4923
2026-06-03,A,AST-011,480,0,0,30,4.8,4670,4575
2026-06-03,B,AST-011,480,0,0,2,4.8,5085,5034
2026-06-03,C,AST-011,480,0,0,2,4.8,5205,5189
2026-06-04,A,AST-011,480,0,0,2,4.8,5241,5145
2026-06-04,B,AST-011,480,0,0,4,4.8,5117,5021
2026-06-04,C,AST-011,480,0,0,6,4.8,4898,4849
2026-06-05,A,AST-011,480,0,0,8,4.8,4932,4847
2026-06-05,B,AST-011,480,0,0,14,4.8,4966,4908
2026-06-05,C,AST-011,480,0,0,2,4.8,4953,4886
2026-06-06,A,AST-011,480,0,0,4,4.8,5148,5051
2026-06-06,B,AST-011,480,0,0,7,4.8,4543,4465
2026-06-06,C,AST-011,480,0,0,40,4.8,4696,4623
2026-06-07,A,AST-011,480,0,0,7,4.8,5264,5171
2026-06-07,B,AST-011,480,0,0,3,4.8,4955,4864
2026-06-07,C,AST-011,480,0,0,40,4.8,4651,4601
2026-06-08,A,AST-011,480,0,0,27,4.8,4900,4823
2026-06-08,B,AST-011,480,0,0,0,4.8,5077,5015
2026-06-08,C,AST-011,480,0,0,1,4.8,4902,4843
2026-06-09,A,AST-011,480,0,120,17,4.8,3512,3455
2026-06-09,B,AST-011,480,0,0,3,4.8,4910,4815
2026-06-09,C,AST-011,480,0,0,15,4.8,4919,4830
2026-06-10,A,AST-011,480,0,0,1,4.8,5191,5117
2026-06-10,B,AST-011,480,0,0,0,4.8,4810,4751
2026-06-10,C,AST-011,480,0,0,6,4.8,4994,4885
2026-06-11,A,AST-011,480,0,0,30,4.8,4869,4782
2026-06-11,B,AST-011,480,0,0,1,4.8,4950,4841
2026-06-11,C,AST-011,480,0,0,2,4.8,4951,4894
2026-06-12,A,AST-011,480,0,0,30,4.8,4829,4697
2026-06-12,B,AST-011,480,0,0,0,4.8,5015,4947
2026-06-12,C,AST-011,480,0,0,32,4.8,4819,4791
2026-06-13,A,AST-011,480,0,0,21,4.8,4827,4745
2026-06-13,B,AST-011,480,0,0,4,4.8,4972,4917
2026-06-13,C,AST-011,480,0,0,4,4.8,4750,4661
2026-06-14,A,AST-011,480,0,0,22,4.8,5121,5065
2026-06-14,B,AST-011,480,0,0,0,4.8,4909,4858
2026-06-14,C,AST-011,480,0,0,0,4.8,4792,4725
2026-06-15,A,AST-011,480,0,0,14,4.8,4803,4694
2026-06-15,B,AST-011,480,0,0,19,4.8,4915,4846
2026-06-15,C,AST-011,480,0,0,15,4.8,4708,4660
2026-06-16,A,AST-011,480,0,0,13,4.8,5102,5020
2026-06-16,B,AST-011,480,0,0,6,4.8,4917,4839
2026-06-16,C,AST-011,480,0,0,14,4.8,4659,4574
2026-06-17,A,AST-011,480,0,0,8,4.8,4688,4614
2026-06-17,B,AST-011,480,0,0,40,4.8,4716,4659
2026-06-17,C,AST-011,480,0,0,28,4.8,4583,4524
2026-06-18,A,AST-011,480,0,0,4,4.8,4977,4931
2026-06-18,B,AST-011,480,0,0,6,4.8,4895,4795
2026-06-18,C,AST-011,480,0,0,9,4.8,5102,5085
2026-06-19,A,AST-011,480,0,0,13,4.8,4703,4632
2026-06-19,B,AST-011,480,0,0,19,4.8,4709,4618
2026-06-19,C,AST-011,480,0,0,10,4.8,4633,4587
2026-06-20,A,AST-011,480,0,0,17,4.8,4824,4729
2026-06-20,B,AST-011,480,0,0,3,4.8,5163,5078
2026-06-20,C,AST-011,480,0,0,8,4.8,5054,4964
2026-06-21,A,AST-011,480,0,0,8,4.8,5010,4878
2026-06-21,B,AST-011,480,0,0,10,4.8,4560,4505
2026-06-21,C,AST-011,480,0,0,10,4.8,4853,4764
2026-06-22,A,AST-011,480,0,0,1,4.8,5061,4962
2026-06-22,B,AST-011,480,0,0,16,4.8,5161,5072
2026-06-22,C,AST-011,480,0,0,10,4.8,4959,4854
2026-06-23,A,AST-011,480,0,0,25,4.8,4750,4646
2026-06-23,B,AST-011,480,0,0,2,4.8,4769,4729
2026-06-23,C,AST-011,480,0,0,13,4.8,4987,4938
2026-06-24,A,AST-011,480,0,0,25,4.8,4585,4512
2026-06-24,B,AST-011,480,0,0,21,4.8,4780,4731
2026-06-24,C,AST-011,480,0,0,33,4.8,4466,4438
2026-06-25,A,AST-011,480,0,0,24,4.8,4916,4810
2026-06-25,B,AST-011,480,0,0,9,4.8,4809,4763
2026-06-25,C,AST-011,480,0,0,23,4.8,4837,4805
2026-06-26,A,AST-011,480,0,0,5,4.8,5378,5295
2026-06-26,B,AST-011,480,0,0,21,4.8,4564,4477
2026-06-26,C,AST-011,480,0,0,21,4.8,4565,4483
2026-06-27,A,AST-011,480,0,0,16,4.8,4785,4735
2026-06-27,B,AST-011,480,0,0,1,4.8,5059,4957
2026-06-27,C,AST-011,480,0,0,24,4.8,4658,4632
2026-06-28,A,AST-011,480,0,0,34,4.8,4556,4488
2026-06-28,B,AST-011,480,0,0,3,4.8,5024,4961
2026-06-28,C,AST-011,480,0,0,10,4.8,4995,4915
2026-06-29,A,AST-011,480,0,0,6,4.8,5142,5105
2026-06-29,B,AST-011,480,0,0,8,4.8,5185,5120
2026-06-29,C,AST-011,480,0,0,2,4.8,5169,5060
2026-06-30,A,AST-011,480,0,0,6,4.8,5055,4981
2026-06-30,B,AST-011,480,0,0,14,4.8,4710,4632
2026-06-30,C,AST-011,480,0,0,5,4.8,4899,4834
2026-07-01,A,AST-011,480,0,0,0,4.8,5246,5117
2026-07-01,B,AST-011,480,0,0,3,4.8,5104,5056
2026-07-01,C,AST-011,480,0,0,27,4.8,4983,4894
2026-07-02,A,AST-011,480,0,0,40,4.8,4340,4314
2026-07-02,B,AST-011,480,0,0,0,4.8,5093,5030
2026-07-02,C,AST-011,480,0,0,40,4.8,4521,4431
2026-07-03,A,AST-011,480,0,0,12,4.8,5024,4876
2026-07-03,B,AST-011,480,0,0,20,4.8,4649,4577
2026-07-03,C,AST-011,480,0,0,40,4.8,4319,4290
2026-07-04,A,AST-011,480,0,0,4,4.8,5056,4949
2026-07-04,B,AST-011,480,0,0,17,4.8,4860,4813
2026-07-04,C,AST-011,480,0,0,15,4.8,4819,4752
2026-07-05,A,AST-011,480,0,0,40,4.8,4550,4433
2026-07-05,B,AST-011,480,0,0,3,4.8,4737,4623
2026-07-05,C,AST-011,480,0,0,33,4.8,4301,4168
2026-07-06,A,AST-011,480,0,0,18,4.8,4610,4511
2026-07-06,B,AST-011,480,0,0,24,4.8,4611,4496
2026-07-06,C,AST-011,480,0,0,7,4.8,4483,4337
2026-07-07,A,AST-011,480,0,0,8,4.8,4620,4436
2026-07-07,B,AST-011,480,0,0,2,4.8,4799,4602
2026-07-07,C,AST-011,480,0,0,1,4.8,4560,4374
2026-07-08,A,AST-011,480,0,0,12,4.8,4417,4245
2026-07-08,B,AST-011,480,0,0,27,4.8,4304,4115
2026-07-08,C,AST-011,480,0,0,4,4.8,4542,4322
2026-07-09,A,AST-011,480,0,120,5,4.8,3346,3209
2026-07-09,B,AST-011,480,0,0,4,4.8,4303,4076
2026-07-09,C,AST-011,480,0,0,12,4.8,4508,4276
2026-07-10,A,AST-011,480,0,0,16,4.8,4299,4039
2026-07-10,B,AST-011,480,0,0,2,4.8,4431,4165
2026-07-10,C,AST-011,480,0,0,6,4.8,4230,3945
2026-07-11,A,AST-011,480,0,0,26,4.8,3988,3751
2026-07-11,B,AST-011,480,120,0,3,4.8,3183,2986
2026-07-11,C,AST-011,480,480,0,0,4.8,0,0
2026-07-12,A,AST-011,480,480,0,5,4.8,0,0
2026-07-12,B,AST-011,480,120,0,32,4.8,3417,3367
2026-07-12,C,AST-011,480,0,0,17,4.8,4839,4771
2026-07-13,A,AST-011,480,0,0,17,4.8,4878,4797
2026-07-13,B,AST-011,480,0,0,1,4.8,5109,5038
2026-07-13,C,AST-011,480,0,0,8,4.8,5010,4954
2026-07-14,A,AST-011,480,0,0,15,4.8,4953,4906
2026-07-14,B,AST-011,480,0,0,10,4.8,4982,4945
2026-07-14,C,AST-011,480,0,0,0,4.8,4824,4732
2026-07-15,A,AST-011,480,0,0,17,4.8,4791,4712
2026-07-15,B,AST-011,480,0,0,15,4.8,4784,4693
2026-07-15,C,AST-011,480,0,0,21,4.8,4954,4935
2026-07-16,A,AST-011,480,0,0,13,4.8,4554,4539
2026-07-16,B,AST-011,480,0,0,33,4.8,4503,4453
2026-07-16,C,AST-011,480,0,0,3,4.8,4812,4736
2026-07-17,A,AST-011,480,0,0,0,4.8,4958,4879
2026-07-17,B,AST-011,480,0,0,5,4.8,5099,5039
2026-07-17,C,AST-011,480,0,0,33,4.8,4666,4568
2026-07-18,A,AST-011,480,0,0,6,4.8,5051,4966
2026-07-18,B,AST-011,480,0,0,13,4.8,4800,4707
2026-07-18,C,AST-011,480,0,0,40,4.8,4815,4748
2026-07-19,A,AST-011,480,0,0,4,4.8,5218,5168
2026-07-19,B,AST-011,480,0,0,7,4.8,5035,4939
2026-07-19,C,AST-011,480,0,0,9,4.8,4985,4941
2026-07-20,A,AST-011,480,0,0,2,4.8,4857,4788
2026-07-20,B,AST-011,480,0,0,32,4.8,4839,4727
2026-07-20,C,AST-011,480,0,0,2,4.8,4910,4850
2026-07-21,A,AST-011,480,0,0,40,4.8,4922,4833
2026-07-21,B,AST-011,480,0,0,2,4.8,4940,4881
2026-07-21,C,AST-011,480,0,0,2,4.8,5101,5009
2026-07-22,A,AST-011,480,0,0,7,4.8,5086,5006
2026-07-22,B,AST-011,480,0,0,10,4.8,4764,4709
2026-07-22,C,AST-011,480,0,0,9,4.8,4989,4908
2026-07-23,A,AST-011,480,0,0,0,4.8,4977,4907
2026-07-23,B,AST-011,480,0,0,1,4.8,5152,5113
2026-07-23,C,AST-011,480,0,0,1,4.8,4791,4686
2026-07-24,A,AST-011,480,0,0,4,4.8,4860,4786
2026-07-24,B,AST-011,480,0,0,16,4.8,4586,4513
2026-07-24,C,AST-011,480,0,0,17,4.8,4861,4762
2026-07-25,A,AST-011,480,0,0,16,4.8,5096,5027
2026-07-25,B,AST-011,480,0,0,4,4.8,4992,4914
2026-07-25,C,AST-011,480,0,0,4,4.8,5293,5177
2026-07-26,A,AST-011,480,0,0,17,4.8,4722,4633
2026-07-26,B,AST-011,480,0,0,40,4.8,4526,4417
2026-07-26,C,AST-011,480,0,0,19,4.8,4711,4612
2026-07-27,A,AST-011,480,0,0,2,4.8,5294,5221
2026-07-27,B,AST-011,480,0,0,9,4.8,5093,5016
2026-07-27,C,AST-011,480,0,0,0,4.8,5167,5142
2026-07-28,A,AST-011,480,0,0,7,4.8,4795,4719
2026-07-28,B,AST-011,480,0,0,18,4.8,4986,4944
2026-07-28,C,AST-011,480,0,0,37,4.8,4697,4603
2026-07-29,A,AST-011,480,0,0,10,4.8,5103,5038
2026-07-29,B,AST-011,480,0,0,3,4.8,5243,5212
2026-07-29,C,AST-011,480,0,0,3,4.8,4817,4721
2026-07-30,A,AST-011,480,0,0,1,4.8,5035,4974
2026-07-30,B,AST-011,480,0,0,24,4.8,4657,4607
2026-07-30,C,AST-011,480,0,0,9,4.8,5041,4941
2026-07-31,A,AST-011,480,0,0,3,4.8,5321,5214
2026-07-31,B,AST-011,480,0,0,0,4.8,5017,4914
2026-07-31,C,AST-011,480,0,0,3,4.8,4882,4770
2026-08-01,A,AST-011,480,0,0,40,4.8,4574,4467
2026-08-01,B,AST-011,480,0,0,15,4.8,5078,4985
2026-08-01,C,AST-011,480,0,0,40,4.8,4588,4494
2026-08-02,A,AST-011,480,0,0,4,4.8,4765,4675
2026-08-02,B,AST-011,480,0,0,13,4.8,4905,4827
2026-08-02,C,AST-011,480,0,0,7,4.8,5002,4902
2026-08-03,A,AST-011,480,0,0,2,4.8,4748,4673
2026-08-03,B,AST-011,480,0,0,16,4.8,4951,4881
2026-08-03,C,AST-011,480,0,0,5,4.8,4875,4817
2026-08-04,A,AST-011,480,0,0,10,4.8,4870,4796
2026-08-04,B,AST-011,480,0,0,2,4.8,5000,4918
2026-08-04,C,AST-011,480,0,0,0,4.8,4765,4678
2026-08-05,A,AST-011,480,0,0,3,4.8,4864,4772
2026-08-05,B,AST-011,480,0,0,8,4.8,4812,4754
2026-08-05,C,AST-011,480,0,0,10,4.8,4835,4750
2026-08-06,A,AST-011,480,0,0,32,4.8,5117,5035
2026-08-06,B,AST-011,480,0,0,14,4.8,4818,4697
2026-08-06,C,AST-011,480,0,0,16,4.8,4804,4761
2026-08-07,A,AST-011,480,0,0,9,4.8,5069,4999
2026-08-07,B,AST-011,480,0,0,4,4.8,5160,5028
2026-08-07,C,AST-011,480,0,0,1,4.8,5283,5147
2026-08-08,A,AST-011,480,0,120,24,4.8,3465,3431
2026-08-08,B,AST-011,480,0,0,16,4.8,5023,4949
2026-08-08,C,AST-011,480,0,0,8,4.8,4706,4631
2026-08-09,A,AST-011,480,0,0,0,4.8,5105,5047
2026-08-09,B,AST-011,480,0,0,7,4.8,5011,4930
2026-08-09,C,AST-011,480,0,0,5,4.8,5210,5064
2026-08-10,A,AST-011,480,0,0,6,4.8,4933,4865
2026-08-10,B,AST-011,480,0,0,1,4.8,4714,4654
2026-08-10,C,AST-011,480,0,0,23,4.8,4884,4772
2026-08-11,A,AST-011,480,0,0,15,4.8,4584,4495
2026-08-11,B,AST-011,480,0,0,21,4.8,4965,4900
2026-08-11,C,AST-011,480,0,0,14,4.8,4855,4797
2026-08-12,A,AST-011,480,0,0,4,4.8,4669,4610
2026-08-12,B,AST-011,480,0,0,12,4.8,4922,4828
2026-08-12,C,AST-011,480,0,0,22,4.8,5036,4997
2026-08-13,A,AST-011,480,0,0,16,4.8,4726,4671
2026-08-13,B,AST-011,480,0,0,12,4.8,4836,4751
2026-08-13,C,AST-011,480,0,0,29,4.8,4864,4777
2026-08-14,A,AST-011,480,0,0,24,4.8,4831,4759
2026-08-14,B,AST-011,480,0,0,12,4.8,4968,4875
2026-08-14,C,AST-011,480,0,0,31,4.8,4608,4528
2026-08-15,A,AST-011,480,0,0,10,4.8,4919,4820
2026-08-15,B,AST-011,480,0,0,15,4.8,4933,4861
2026-08-15,C,AST-011,480,0,0,11,4.8,4853,4794
2026-08-16,A,AST-011,480,0,0,4,4.8,4904,4832
2026-08-16,B,AST-011,480,0,0,4,4.8,5098,5053
2026-08-16,C,AST-011,480,0,0,11,4.8,4918,4854
2026-08-17,A,AST-011,480,0,0,12,4.8,4983,4921
2026-08-17,B,AST-011,480,0,0,3,4.8,5143,5121
2026-08-17,C,AST-011,480,0,0,4,4.8,4661,4594
2026-08-18,A,AST-011,480,0,0,12,4.8,4951,4863
2026-08-18,B,AST-011,480,0,0,18,4.8,4627,4564
2026-08-18,C,AST-011,480,0,0,26,4.8,4639,4568
2026-08-19,A,AST-011,480,0,0,1,4.8,4962,4876
2026-08-19,B,AST-011,480,0,0,11,4.8,4844,4779
2026-08-19,C,AST-011,480,0,0,18,4.8,4555,4519
2026-08-20,A,AST-011,480,0,0,19,4.8,4660,4589
2026-08-20,B,AST-011,480,0,0,3,4.8,4983,4918
2026-08-20,C,AST-011,480,0,0,5,4.8,5117,5049
2026-08-21,A,AST-011,480,0,0,5,4.8,5052,5040
2026-08-21,B,AST-011,480,0,0,12,4.8,4719,4663
2026-08-21,C,AST-011,480,0,0,2,4.8,4938,4880
2026-08-22,A,AST-011,480,0,0,8,4.8,5002,4919
2026-08-22,B,AST-011,480,0,0,0,4.8,4968,4899
2026-08-22,C,AST-011,480,0,0,19,4.8,4728,4675
2026-08-23,A,AST-011,480,0,0,12,4.8,4707,4608
2026-08-23,B,AST-011,480,0,0,4,4.8,5006,4920
2026-08-23,C,AST-011,480,0,0,8,4.8,4611,4504
2026-08-24,A,AST-011,480,0,0,4,4.8,4712,4629
2026-08-24,B,AST-011,480,0,0,10,4.8,4960,4840
2026-08-24,C,AST-011,480,0,0,3,4.8,4979,4913
2026-08-25,A,AST-011,480,0,0,38,4.8,4720,4627
2026-08-25,B,AST-011,480,0,0,14,4.8,4906,4828
2026-08-25,C,AST-011,480,0,0,2,4.8,5184,5092
2026-08-26,A,AST-011,480,0,0,3,4.8,4964,4835
2026-08-26,B,AST-011,480,0,0,11,4.8,4719,4623
2026-08-26,C,AST-011,480,0,0,0,4.8,4578,4437
2026-08-27,A,AST-011,480,0,0,4,4.8,4882,4735
2026-08-27,B,AST-011,480,0,0,5,4.8,4859,4726
2026-08-27,C,AST-011,480,0,0,8,4.8,4993,4829
2026-08-28,A,AST-011,480,0,0,3,4.8,4693,4602
2026-08-28,B,AST-011,480,0,0,40,4.8,4362,4232
2026-08-28,C,AST-011,480,0,0,16,4.8,4461,4292
2026-08-29,A,AST-011,480,0,0,4,4.8,4666,4486
2026-08-29,B,AST-011,480,0,0,3,4.8,4895,4709
2026-08-29,C,AST-011,480,0,0,9,4.8,4614,4472
2026-08-30,A,AST-011,480,0,0,9,4.8,4356,4172
2026-08-30,B,AST-011,480,0,0,15,4.8,4371,4172
2026-08-30,C,AST-011,480,0,0,20,4.8,4110,3895
2026-08-31,A,AST-011,480,0,0,4,4.8,4528,4324
2026-08-31,B,AST-011,480,0,0,2,4.8,4443,4209
2026-08-31,C,AST-011,480,0,0,8,4.8,4106,3889
2026-09-01,A,AST-011,480,0,0,6,4.8,4470,4230
2026-09-01,B,AST-011,480,0,0,2,4.8,4320,4075
2026-09-01,C,AST-011,480,0,0,9,4.8,4092,3811
2026-09-02,A,AST-011,480,0,0,40,4.8,3792,3567
2026-09-02,B,AST-011,480,0,0,3,4.8,4323,4003
2026-09-02,C,AST-011,480,0,0,10,4.8,4147,3845
2026-09-03,A,AST-011,480,0,0,16,4.8,4107,3847
2026-09-03,B,AST-011,480,60,0,1,4.8,3641,3406
2026-09-03,C,AST-011,480,480,0,6,4.8,0,0
2026-09-04,A,AST-011,480,300,0,25,4.8,1643,1625
2026-09-04,B,AST-011,480,0,0,13,4.8,4890,4848
2026-09-04,C,AST-011,480,0,0,33,4.8,4846,4735
2026-09-05,A,AST-011,480,0,0,40,4.8,4640,4598
2026-09-05,B,AST-011,480,0,0,8,4.8,5077,4988
2026-09-05,C,AST-011,480,0,0,21,4.8,5109,5010
2026-09-06,A,AST-011,480,0,0,16,4.8,5014,4930
2026-09-06,B,AST-011,480,0,0,40,4.8,4632,4555
2026-09-06,C,AST-011,480,0,0,4,4.8,5171,5096
2026-09-07,A,AST-011,480,0,120,2,4.8,3738,3669
2026-09-07,B,AST-011,480,0,0,40,4.8,4597,4544
2026-09-07,C,AST-011,480,0,0,7,4.8,4586,4541
2026-09-08,A,AST-011,480,0,0,16,4.8,4917,4861
2026-09-08,B,AST-011,480,0,0,4,4.8,5144,5032
2026-09-08,C,AST-011,480,0,0,14,4.8,4898,4851
2026-09-09,A,AST-011,480,0,0,1,4.8,4750,4666
2026-09-09,B,AST-011,480,0,0,25,4.8,4545,4519
2026-09-09,C,AST-011,480,0,0,3,4.8,4891,4842
2026-09-10,A,AST-011,480,0,0,2,4.8,4634,4576
2026-09-10,B,AST-011,480,0,0,22,4.8,4640,4553
2026-09-10,C,AST-011,480,0,0,7,4.8,5133,5086
2026-09-11,A,AST-011,480,0,0,2,4.8,4970,4870
2026-09-11,B,AST-011,480,0,0,5,4.8,5330,5261
2026-09-11,C,AST-011,480,0,0,13,4.8,4538,4477
2026-09-12,A,AST-011,480,0,0,25,4.8,4873,4813
2026-09-12,B,AST-011,480,0,0,0,4.8,4927,4841
2026-09-12,C,AST-011,480,0,0,40,4.8,4483,4398
2026-09-13,A,AST-011,480,0,0,9,4.8,4716,4662
2026-09-13,B,AST-011,480,0,0,19,4.8,4741,4702
2026-09-13,C,AST-011,480,0,0,6,4.8,5025,4930
2026-09-14,A,AST-011,480,0,0,15,4.8,5043,4972
2026-09-14,B,AST-011,480,0,0,10,4.8,4838,4764
2026-09-14,C,AST-011,480,0,0,20,4.8,4844,4816
2026-09-15,A,AST-011,480,0,0,6,4.8,5073,5001
2026-09-15,B,AST-011,480,0,0,10,4.8,4530,4446
2026-09-15,C,AST-011,480,0,0,10,4.8,4404,4312
2026-09-16,A,AST-011,480,0,0,17,4.8,4680,4634
2026-09-16,B,AST-011,480,0,0,12,4.8,4913,4812
2026-09-16,C,AST-011,480,0,0,6,4.8,4947,4922
2026-09-17,A,AST-011,480,0,0,40,4.8,4866,4823
2026-09-17,B,AST-011,480,0,0,8,4.8,4838,4763
2026-09-17,C,AST-011,480,0,0,3,4.8,4667,4582
2026-09-18,A,AST-011,480,0,0,3,4.8,4809,4689
2026-09-18,B,AST-011,480,0,0,14,4.8,4778,4714
2026-09-18,C,AST-011,480,0,0,19,4.8,4956,4876
2026-09-19,A,AST-011,480,0,0,11,4.8,5125,5045
2026-09-19,B,AST-011,480,0,0,11,4.8,4808,4700
2026-09-19,C,AST-011,480,0,0,15,4.8,4953,4898
2026-09-20,A,AST-011,480,0,0,5,4.8,4964,4838
2026-09-20,B,AST-011,480,0,0,7,4.8,5019,4945
2026-09-20,C,AST-011,480,0,0,27,4.8,4756,4662
2026-09-21,A,AST-011,480,0,0,2,4.8,5118,5038
2026-09-21,B,AST-011,480,0,0,0,4.8,4924,4827
2026-09-21,C,AST-011,480,0,0,8,4.8,4974,4911
2026-09-22,A,AST-011,480,0,0,13,4.8,4966,4891
2026-09-22,B,AST-011,480,0,0,15,4.8,4723,4658
2026-09-22,C,AST-011,480,0,0,18,4.8,4537,4466
2026-09-23,A,AST-011,480,0,0,4,4.8,4863,4803
2026-09-23,B,AST-011,480,0,0,17,4.8,4807,4710
2026-09-23,C,AST-011,480,0,0,40,4.8,4264,4214
2026-09-24,A,AST-011,480,0,0,28,4.8,4350,4271
2026-09-24,B,AST-011,480,0,0,40,4.8,4771,4708
2026-09-24,C,AST-011,480,0,0,18,4.8,4660,4501
2026-09-25,A,AST-011,480,0,0,10,4.8,4752,4677
2026-09-25,B,AST-011,480,0,0,11,4.8,4813,4760
2026-09-25,C,AST-011,480,0,0,2,4.8,5062,4992
2026-09-26,A,AST-011,480,0,0,6,4.8,4770,4642
2026-09-26,B,AST-011,480,0,0,6,4.8,4761,4616
2026-09-26,C,AST-011,480,0,0,12,4.8,4552,4428
2026-09-27,A,AST-011,480,0,0,0,4.8,4926,4756
2026-09-27,B,AST-011,480,0,0,5,4.8,4585,4420
2026-09-27,C,AST-011,480,0,0,2,4.8,4593,4395
2026-09-28,A,AST-011,480,0,0,6,4.8,4449,4210
2026-09-28,B,AST-011,480,0,0,4,4.8,4546,4341
2026-06-01,A,AST-012,480,0,0,2,5.4,4148,4074
2026-06-01,B,AST-012,480,0,0,19,5.4,4387,4338
2026-06-01,C,AST-012,480,0,0,0,5.4,4427,4366
2026-06-02,A,AST-012,480,0,0,12,5.4,4545,4516
2026-06-02,B,AST-012,480,0,0,40,5.4,4308,4237
2026-06-02,C,AST-012,480,0,0,2,5.4,4493,4413
2026-06-03,A,AST-012,480,0,0,5,5.4,4449,4377
2026-06-03,B,AST-012,480,0,0,10,5.4,4362,4278
2026-06-03,C,AST-012,480,0,0,11,5.4,4293,4208
2026-06-04,A,AST-012,480,0,0,10,5.4,4419,4337
2026-06-04,B,AST-012,480,0,0,17,5.4,4272,4207
2026-06-04,C,AST-012,480,0,0,3,5.4,4172,4099
2026-06-05,A,AST-012,480,0,0,1,5.4,4304,4204
2026-06-05,B,AST-012,480,0,0,5,5.4,4292,4245
2026-06-05,C,AST-012,480,0,0,19,5.4,4434,4350
2026-06-06,A,AST-012,480,0,0,1,5.4,4677,4597
2026-06-06,B,AST-012,480,0,0,25,5.4,4034,3958
2026-06-06,C,AST-012,480,0,0,7,5.4,4150,4069
2026-06-07,A,AST-012,480,0,0,10,5.4,4316,4248
2026-06-07,B,AST-012,480,0,0,2,5.4,4686,4615
2026-06-07,C,AST-012,480,0,0,40,5.4,4051,3987
2026-06-08,A,AST-012,480,0,0,2,5.4,4643,4572
2026-06-08,B,AST-012,480,0,0,7,5.4,4538,4458
2026-06-08,C,AST-012,480,0,0,12,5.4,4127,4067
2026-06-09,A,AST-012,480,0,0,34,5.4,4166,4083
2026-06-09,B,AST-012,480,0,0,1,5.4,4737,4654
2026-06-09,C,AST-012,480,0,0,14,5.4,4615,4502
2026-06-10,A,AST-012,480,0,0,40,5.4,4230,4193
2026-06-10,B,AST-012,480,0,0,7,5.4,4290,4208
2026-06-10,C,AST-012,480,0,0,6,5.4,4705,4643
2026-06-11,A,AST-012,480,0,0,12,5.4,4463,4393
2026-06-11,B,AST-012,480,0,0,2,5.4,4444,4372
2026-06-11,C,AST-012,480,0,0,7,5.4,4474,4395
2026-06-12,A,AST-012,480,0,0,0,5.4,4374,4328
2026-06-12,B,AST-012,480,0,0,8,5.4,4647,4587
2026-06-12,C,AST-012,480,0,0,7,5.4,4586,4533
2026-06-13,A,AST-012,480,0,0,14,5.4,4373,4334
2026-06-13,B,AST-012,480,0,0,16,5.4,4371,4325
2026-06-13,C,AST-012,480,0,0,14,5.4,4463,4410
2026-06-14,A,AST-012,480,0,0,40,5.4,4470,4384
2026-06-14,B,AST-012,480,0,0,24,5.4,4265,4213
2026-06-14,C,AST-012,480,0,0,2,5.4,4166,4135
2026-06-15,A,AST-012,480,0,0,4,5.4,4392,4357
2026-06-15,B,AST-012,480,0,0,24,5.4,4441,4386
2026-06-15,C,AST-012,480,0,0,1,5.4,4548,4476
2026-06-16,A,AST-012,480,0,0,30,5.4,4110,4018
2026-06-16,B,AST-012,480,0,0,0,5.4,4575,4533
2026-06-16,C,AST-012,480,0,0,15,5.4,4217,4153
2026-06-17,A,AST-012,480,0,0,3,5.4,4509,4405
2026-06-17,B,AST-012,480,0,0,6,5.4,4790,4708
2026-06-17,C,AST-012,480,0,0,8,5.4,4505,4451
2026-06-18,A,AST-012,480,0,0,18,5.4,4074,3983
2026-06-18,B,AST-012,480,0,0,2,5.4,4536,4498
2026-06-18,C,AST-012,480,0,0,0,5.4,4417,4338
2026-06-19,A,AST-012,480,0,0,2,5.4,4492,4388
2026-06-19,B,AST-012,480,0,0,4,5.4,4216,4136
2026-06-19,C,AST-012,480,0,0,0,5.4,4469,4428
2026-06-20,A,AST-012,480,0,0,2,5.4,4272,4208
2026-06-20,B,AST-012,480,0,0,2,5.4,4263,4185
2026-06-20,C,AST-012,480,0,0,3,5.4,4629,4582
2026-06-21,A,AST-012,480,0,0,9,5.4,4604,4565
2026-06-21,B,AST-012,480,0,0,5,5.4,4427,4397
2026-06-21,C,AST-012,480,0,0,22,5.4,4265,4203
2026-06-22,A,AST-012,480,0,0,40,5.4,3961,3903
2026-06-22,B,AST-012,480,0,0,15,5.4,4390,4332
2026-06-22,C,AST-012,480,0,0,4,5.4,4383,4304
2026-06-23,A,AST-012,480,0,0,5,5.4,4518,4484
2026-06-23,B,AST-012,480,0,0,4,5.4,4640,4532
2026-06-23,C,AST-012,480,0,0,9,5.4,4404,4279
2026-06-24,A,AST-012,480,0,0,4,5.4,4335,4265
2026-06-24,B,AST-012,480,0,0,3,5.4,4282,4201
2026-06-24,C,AST-012,480,0,0,19,5.4,4450,4368
2026-06-25,A,AST-012,480,0,0,4,5.4,4510,4425
2026-06-25,B,AST-012,480,0,0,15,5.4,4428,4302
2026-06-25,C,AST-012,480,0,0,1,5.4,4387,4328
2026-06-26,A,AST-012,480,0,120,3,5.4,3050,3011
2026-06-26,B,AST-012,480,0,0,11,5.4,4271,4194
2026-06-26,C,AST-012,480,0,0,18,5.4,4182,4126
2026-06-27,A,AST-012,480,0,0,8,5.4,4066,3998
2026-06-27,B,AST-012,480,0,0,5,5.4,4299,4234
2026-06-27,C,AST-012,480,0,0,19,5.4,4372,4327
2026-06-28,A,AST-012,480,0,0,1,5.4,4262,4182
2026-06-28,B,AST-012,480,0,0,4,5.4,4376,4330
2026-06-28,C,AST-012,480,0,0,5,5.4,4245,4193
2026-06-29,A,AST-012,480,0,0,14,5.4,4458,4377
2026-06-29,B,AST-012,480,0,0,30,5.4,4306,4216
2026-06-29,C,AST-012,480,0,0,0,5.4,4446,4378
2026-06-30,A,AST-012,480,0,0,16,5.4,4466,4395
2026-06-30,B,AST-012,480,0,0,16,5.4,4301,4212
2026-06-30,C,AST-012,480,0,0,2,5.4,4432,4351
2026-07-01,A,AST-012,480,0,0,8,5.4,4394,4374
2026-07-01,B,AST-012,480,0,0,1,5.4,4586,4515
2026-07-01,C,AST-012,480,0,0,12,5.4,4151,4087
2026-07-02,A,AST-012,480,0,0,10,5.4,4074,3994
2026-07-02,B,AST-012,480,0,0,18,5.4,4139,4081
2026-07-02,C,AST-012,480,0,0,7,5.4,4438,4366
2026-07-03,A,AST-012,480,0,0,11,5.4,4162,4063
2026-07-03,B,AST-012,480,0,0,16,5.4,4615,4558
2026-07-03,C,AST-012,480,0,0,36,5.4,4238,4201
2026-07-04,A,AST-012,480,0,0,1,5.4,4678,4630
2026-07-04,B,AST-012,480,0,0,0,5.4,4227,4158
2026-07-04,C,AST-012,480,0,0,8,5.4,4160,4098
2026-07-05,A,AST-012,480,0,0,21,5.4,4500,4419
2026-07-05,B,AST-012,480,0,0,11,5.4,4279,4200
2026-07-05,C,AST-012,480,0,0,8,5.4,4283,4232
2026-07-06,A,AST-012,480,0,0,7,5.4,4346,4295
2026-07-06,B,AST-012,480,0,0,16,5.4,4630,4580
2026-07-06,C,AST-012,480,0,0,18,5.4,4334,4284
2026-07-07,A,AST-012,480,0,0,10,5.4,4510,4435
2026-07-07,B,AST-012,480,0,0,0,5.4,4468,4380
2026-07-07,C,AST-012,480,0,0,0,5.4,4454,4404
2026-07-08,A,AST-012,480,0,0,17,5.4,4431,4347
2026-07-08,B,AST-012,480,0,0,1,5.4,4565,4498
2026-07-08,C,AST-012,480,0,0,6,5.4,4409,4374
2026-07-09,A,AST-012,480,0,0,1,5.4,4525,4474
2026-07-09,B,AST-012,480,0,0,12,5.4,4266,4188
2026-07-09,C,AST-012,480,0,0,8,5.4,4523,4488
2026-07-10,A,AST-012,480,0,0,18,5.4,4215,4099
2026-07-10,B,AST-012,480,0,0,26,5.4,4286,4238
2026-07-10,C,AST-012,480,0,0,17,5.4,4214,4192
2026-07-11,A,AST-012,480,0,0,4,5.4,4642,4582
2026-07-11,B,AST-012,480,0,0,7,5.4,4306,4186
2026-07-11,C,AST-012,480,0,0,8,5.4,4255,4172
2026-07-12,A,AST-012,480,0,0,9,5.4,4626,4579
2026-07-12,B,AST-012,480,0,0,5,5.4,4470,4414
2026-07-12,C,AST-012,480,0,0,8,5.4,4325,4287
2026-07-13,A,AST-012,480,0,0,36,5.4,4109,4069
2026-07-13,B,AST-012,480,0,0,35,5.4,4081,4008
2026-07-13,C,AST-012,480,0,0,14,5.4,4388,4312
2026-07-14,A,AST-012,480,0,0,0,5.4,4631,4565
2026-07-14,B,AST-012,480,0,0,8,5.4,4542,4474
2026-07-14,C,AST-012,480,0,0,40,5.4,4378,4277
2026-07-15,A,AST-012,480,0,0,25,5.4,4392,4324
2026-07-15,B,AST-012,480,0,0,1,5.4,4377,4293
2026-07-15,C,AST-012,480,0,0,17,5.4,4138,4056
2026-07-16,A,AST-012,480,0,0,1,5.4,4216,4134
2026-07-16,B,AST-012,480,0,0,3,5.4,4174,4066
2026-07-16,C,AST-012,480,0,0,4,5.4,4450,4351
2026-07-17,A,AST-012,480,0,0,11,5.4,4579,4468
2026-07-17,B,AST-012,480,0,0,22,5.4,3900,3829
2026-07-17,C,AST-012,480,0,0,8,5.4,4236,4140
2026-07-18,A,AST-012,480,0,0,5,5.4,4181,4035
2026-07-18,B,AST-012,480,0,0,15,5.4,4101,3966
2026-07-18,C,AST-012,480,0,0,3,5.4,4291,4134
2026-07-19,A,AST-012,480,0,0,3,5.4,4184,4042
2026-07-19,B,AST-012,480,0,0,9,5.4,3994,3834
2026-07-19,C,AST-012,480,0,0,12,5.4,3991,3832
2026-07-20,A,AST-012,480,0,0,4,5.4,4045,3896
2026-07-20,B,AST-012,480,0,0,8,5.4,4015,3854
2026-07-20,C,AST-012,480,0,0,21,5.4,3616,3454
2026-07-21,A,AST-012,480,0,0,1,5.4,4101,3929
2026-07-21,B,AST-012,480,0,0,40,5.4,3560,3368
2026-07-21,C,AST-012,480,0,0,12,5.4,3903,3705
2026-07-22,A,AST-012,480,0,0,0,5.4,4060,3862
2026-07-22,B,AST-012,480,0,0,19,5.4,3662,3486
2026-07-22,C,AST-012,480,0,0,4,5.4,3827,3565
2026-07-23,A,AST-012,480,0,0,19,5.4,3669,3436
2026-07-23,B,AST-012,480,0,0,2,5.4,3769,3506
2026-07-23,C,AST-012,480,0,0,40,5.4,3652,3378
2026-07-24,A,AST-012,480,0,0,10,5.4,3674,3401
2026-07-24,B,AST-012,480,150,0,11,5.4,2554,2433
2026-07-24,C,AST-012,480,480,0,12,5.4,0,0
2026-07-25,A,AST-012,480,180,0,11,5.4,2710,2682
2026-07-25,B,AST-012,480,0,0,3,5.4,4571,4526
2026-07-25,C,AST-012,480,0,0,10,5.4,4510,4413
2026-07-26,A,AST-012,480,0,120,31,5.4,3106,3042
2026-07-26,B,AST-012,480,0,0,7,5.4,4306,4229
2026-07-26,C,AST-012,480,0,0,7,5.4,4418,4356
2026-07-27,A,AST-012,480,0,0,1,5.4,4355,4307
2026-07-27,B,AST-012,480,0,0,26,5.4,4289,4216
2026-07-27,C,AST-012,480,0,0,3,5.4,4174,4084
2026-07-28,A,AST-012,480,0,0,2,5.4,4547,4460
2026-07-28,B,AST-012,480,0,0,14,5.4,4359,4269
2026-07-28,C,AST-012,480,0,0,8,5.4,4300,4245
2026-07-29,A,AST-012,480,0,0,15,5.4,4587,4539
2026-07-29,B,AST-012,480,0,0,15,5.4,4330,4245
2026-07-29,C,AST-012,480,0,0,3,5.4,4269,4247
2026-07-30,A,AST-012,480,0,0,7,5.4,4607,4550
2026-07-30,B,AST-012,480,0,0,0,5.4,4552,4478
2026-07-30,C,AST-012,480,0,0,26,5.4,4248,4200
2026-07-31,A,AST-012,480,0,0,15,5.4,4283,4221
2026-07-31,B,AST-012,480,0,0,5,5.4,4447,4380
2026-07-31,C,AST-012,480,0,0,26,5.4,4446,4401
2026-08-01,A,AST-012,480,0,0,9,5.4,4359,4290
2026-08-01,B,AST-012,480,0,0,9,5.4,4557,4492
2026-08-01,C,AST-012,480,0,0,10,5.4,4349,4235
2026-08-02,A,AST-012,480,0,0,1,5.4,4433,4348
2026-08-02,B,AST-012,480,0,0,0,5.4,4280,4178
2026-08-02,C,AST-012,480,0,0,0,5.4,4310,4213
2026-08-03,A,AST-012,480,0,0,4,5.4,4374,4268
2026-08-03,B,AST-012,480,0,0,0,5.4,4376,4310
2026-08-03,C,AST-012,480,0,0,3,5.4,4480,4363
2026-08-04,A,AST-012,480,0,0,12,5.4,4218,4050
2026-08-04,B,AST-012,480,0,0,7,5.4,4126,3981
2026-08-04,C,AST-012,480,0,0,23,5.4,4105,3979
2026-08-05,A,AST-012,480,0,0,32,5.4,3934,3751
2026-08-05,B,AST-012,480,0,0,26,5.4,3993,3844
2026-08-05,C,AST-012,480,0,0,11,5.4,4004,3839
2026-08-06,A,AST-012,480,0,0,10,5.4,4113,3889
2026-08-06,B,AST-012,480,0,0,7,5.4,3983,3798
2026-08-06,C,AST-012,480,0,0,0,5.4,3851,3622
2026-08-07,A,AST-012,480,0,0,9,5.4,3927,3694
2026-08-07,B,AST-012,480,0,0,32,5.4,3652,3415
2026-08-07,C,AST-012,480,0,0,29,5.4,3518,3295
2026-08-08,A,AST-012,480,0,0,16,5.4,3369,3133
2026-08-08,B,AST-012,480,180,0,9,5.4,2536,2421
2026-08-08,C,AST-012,480,480,0,22,5.4,0,0
2026-08-09,A,AST-012,480,480,0,16,5.4,0,0
2026-08-09,B,AST-012,480,120,0,10,5.4,3041,2988
2026-08-09,C,AST-012,480,0,0,14,5.4,4236,4159
2026-08-10,A,AST-012,480,0,0,8,5.4,4405,4366
2026-08-10,B,AST-012,480,0,0,3,5.4,4836,4758
2026-08-10,C,AST-012,480,0,0,2,5.4,4455,4371
2026-08-11,A,AST-012,480,0,0,12,5.4,4212,4125
2026-08-11,B,AST-012,480,0,0,10,5.4,4347,4253
2026-08-11,C,AST-012,480,0,0,2,5.4,4296,4217
2026-08-12,A,AST-012,480,0,0,1,5.4,4433,4380
2026-08-12,B,AST-012,480,0,0,0,5.4,4507,4432
2026-08-12,C,AST-012,480,0,0,35,5.4,4059,4017
2026-08-13,A,AST-012,480,0,0,0,5.4,4413,4341
2026-08-13,B,AST-012,480,0,0,22,5.4,4194,4098
2026-08-13,C,AST-012,480,0,0,6,5.4,4504,4425
2026-08-14,A,AST-012,480,0,0,2,5.4,4523,4435
2026-08-14,B,AST-012,480,0,0,0,5.4,4408,4383
2026-08-14,C,AST-012,480,0,0,13,5.4,4415,4367
2026-08-15,A,AST-012,480,0,0,6,5.4,4157,4139
2026-08-15,B,AST-012,480,0,0,13,5.4,4493,4425
2026-08-15,C,AST-012,480,0,0,23,5.4,4083,4030
2026-08-16,A,AST-012,480,0,0,1,5.4,4345,4306
2026-08-16,B,AST-012,480,0,0,40,5.4,4224,4157
2026-08-16,C,AST-012,480,0,0,0,5.4,4567,4526
2026-08-17,A,AST-012,480,0,0,0,5.4,4486,4417
2026-08-17,B,AST-012,480,0,0,3,5.4,4491,4397
2026-08-17,C,AST-012,480,0,0,10,5.4,4555,4491
2026-08-18,A,AST-012,480,0,0,17,5.4,4383,4295
2026-08-18,B,AST-012,480,0,0,40,5.4,4271,4225
2026-08-18,C,AST-012,480,0,0,6,5.4,4310,4200
2026-08-19,A,AST-012,480,0,0,2,5.4,4515,4440
2026-08-19,B,AST-012,480,0,0,0,5.4,4519,4450
2026-08-19,C,AST-012,480,0,0,15,5.4,4356,4319
2026-08-20,A,AST-012,480,0,0,22,5.4,4349,4257
2026-08-20,B,AST-012,480,0,0,5,5.4,4486,4404
2026-08-20,C,AST-012,480,0,0,12,5.4,4317,4262
2026-08-21,A,AST-012,480,0,0,8,5.4,4453,4431
2026-08-21,B,AST-012,480,0,0,5,5.4,4249,4170
2026-08-21,C,AST-012,480,0,0,38,5.4,4182,4147
2026-08-22,A,AST-012,480,0,0,33,5.4,4514,4456
2026-08-22,B,AST-012,480,0,0,21,5.4,4327,4289
2026-08-22,C,AST-012,480,0,0,1,5.4,4247,4201
2026-08-23,A,AST-012,480,0,0,26,5.4,4387,4337
2026-08-23,B,AST-012,480,0,0,25,5.4,4412,4395
2026-08-23,C,AST-012,480,0,0,8,5.4,4114,4076
2026-08-24,A,AST-012,480,0,0,9,5.4,4435,4362
2026-08-24,B,AST-012,480,0,0,10,5.4,4626,4559
2026-08-24,C,AST-012,480,0,0,37,5.4,3935,3875
2026-08-25,A,AST-012,480,0,120,35,5.4,3045,3015
2026-08-25,B,AST-012,480,0,0,14,5.4,4701,4625
2026-08-25,C,AST-012,480,0,0,7,5.4,4267,4236
2026-08-26,A,AST-012,480,0,0,23,5.4,4195,4144
2026-08-26,B,AST-012,480,0,0,15,5.4,4452,4395
2026-08-26,C,AST-012,480,0,0,2,5.4,4336,4238
2026-08-27,A,AST-012,480,0,0,4,5.4,4350,4279
2026-08-27,B,AST-012,480,0,0,11,5.4,4371,4309
2026-08-27,C,AST-012,480,0,0,5,5.4,4446,4394
2026-08-28,A,AST-012,480,0,0,12,5.4,4205,4151
2026-08-28,B,AST-012,480,0,0,33,5.4,4274,4255
2026-08-28,C,AST-012,480,0,0,11,5.4,4418,4341
2026-08-29,A,AST-012,480,0,0,4,5.4,4606,4535
2026-08-29,B,AST-012,480,0,0,0,5.4,4581,4493
2026-08-29,C,AST-012,480,0,0,7,5.4,4560,4466
2026-08-30,A,AST-012,480,0,0,14,5.4,4219,4143
2026-08-30,B,AST-012,480,0,0,2,5.4,4419,4367
2026-08-30,C,AST-012,480,0,0,27,5.4,3877,3802
2026-08-31,A,AST-012,480,0,0,7,5.4,4536,4466
2026-08-31,B,AST-012,480,0,0,40,5.4,4113,4045
2026-08-31,C,AST-012,480,0,0,30,5.4,4362,4283
2026-09-01,A,AST-012,480,0,0,1,5.4,4287,4212
2026-09-01,B,AST-012,480,0,0,3,5.4,4609,4561
2026-09-01,C,AST-012,480,0,0,20,5.4,4242,4158
2026-09-02,A,AST-012,480,0,0,19,5.4,4079,4036
2026-09-02,B,AST-012,480,0,0,0,5.4,4499,4430
2026-09-02,C,AST-012,480,0,0,3,5.4,4609,4549
2026-09-03,A,AST-012,480,0,0,7,5.4,4271,4195
2026-09-03,B,AST-012,480,0,0,12,5.4,4394,4333
2026-09-03,C,AST-012,480,0,0,1,5.4,4450,4376
2026-09-04,A,AST-012,480,0,0,4,5.4,4234,4119
2026-09-04,B,AST-012,480,0,0,11,5.4,4336,4276
2026-09-04,C,AST-012,480,0,0,1,5.4,4589,4519
2026-09-05,A,AST-012,480,0,0,5,5.4,4572,4538
2026-09-05,B,AST-012,480,0,0,0,5.4,4676,4583
2026-09-05,C,AST-012,480,0,0,11,5.4,4328,4219
2026-09-06,A,AST-012,480,0,0,12,5.4,4337,4286
2026-09-06,B,AST-012,480,0,0,7,5.4,4636,4558
2026-09-06,C,AST-012,480,0,0,10,5.4,4273,4211
2026-09-07,A,AST-012,480,0,0,12,5.4,4275,4216
2026-09-07,B,AST-012,480,0,0,5,5.4,4420,4349
2026-09-07,C,AST-012,480,0,0,14,5.4,4449,4362
2026-09-08,A,AST-012,480,0,0,5,5.4,4328,4268
2026-09-08,B,AST-012,480,0,0,1,5.4,4628,4520
2026-09-08,C,AST-012,480,0,0,2,5.4,4457,4363
2026-09-09,A,AST-012,480,0,0,6,5.4,4391,4287
2026-09-09,B,AST-012,480,0,0,36,5.4,4468,4417
2026-09-09,C,AST-012,480,0,0,1,5.4,4157,4103
2026-09-10,A,AST-012,480,0,0,4,5.4,4392,4317
2026-09-10,B,AST-012,480,0,0,2,5.4,4651,4609
2026-09-10,C,AST-012,480,0,0,40,5.4,4037,3971
2026-09-11,A,AST-012,480,0,0,40,5.4,3923,3846
2026-09-11,B,AST-012,480,0,0,4,5.4,4322,4258
2026-09-11,C,AST-012,480,0,0,11,5.4,4295,4234
2026-09-12,A,AST-012,480,0,0,0,5.4,4429,4346
2026-09-12,B,AST-012,480,0,0,10,5.4,4556,4504
2026-09-12,C,AST-012,480,0,0,1,5.4,4693,4634
2026-09-13,A,AST-012,480,0,0,2,5.4,4735,4635
2026-09-13,B,AST-012,480,0,0,0,5.4,4308,4222
2026-09-13,C,AST-012,480,0,0,10,5.4,4531,4442
2026-09-14,A,AST-012,480,0,0,14,5.4,4031,3964
2026-09-14,B,AST-012,480,0,0,34,5.4,4413,4340
2026-09-14,C,AST-012,480,0,0,0,5.4,4331,4250
2026-09-15,A,AST-012,480,0,0,12,5.4,4422,4320
2026-09-15,B,AST-012,480,0,0,3,5.4,4732,4664
2026-09-15,C,AST-012,480,0,0,28,5.4,4236,4191
2026-09-16,A,AST-012,480,0,0,25,5.4,4321,4243
2026-09-16,B,AST-012,480,0,0,9,5.4,4622,4562
2026-09-16,C,AST-012,480,0,0,6,5.4,4507,4445
2026-09-17,A,AST-012,480,0,0,23,5.4,4115,4050
2026-09-17,B,AST-012,480,0,0,2,5.4,4403,4356
2026-09-17,C,AST-012,480,0,0,0,5.4,4743,4671
2026-09-18,A,AST-012,480,0,0,1,5.4,4569,4516
2026-09-18,B,AST-012,480,0,0,10,5.4,4287,4237
2026-09-18,C,AST-012,480,0,0,5,5.4,4358,4304
2026-09-19,A,AST-012,480,0,0,1,5.4,4418,4363
2026-09-19,B,AST-012,480,0,0,11,5.4,4663,4583
2026-09-19,C,AST-012,480,0,0,7,5.4,4426,4359
2026-09-20,A,AST-012,480,0,0,18,5.4,4287,4215
2026-09-20,B,AST-012,480,0,0,34,5.4,3941,3892
2026-09-20,C,AST-012,480,0,0,1,5.4,4472,4410
2026-09-21,A,AST-012,480,0,0,18,5.4,4009,3929
2026-09-21,B,AST-012,480,0,0,15,5.4,4518,4440
2026-09-21,C,AST-012,480,0,0,35,5.4,4264,4210
2026-09-22,A,AST-012,480,0,0,3,5.4,4303,4248
2026-09-22,B,AST-012,480,0,0,25,5.4,4181,4144
2026-09-22,C,AST-012,480,0,0,3,5.4,4367,4294
2026-09-23,A,AST-012,480,0,0,40,5.4,4132,4092
2026-09-23,B,AST-012,480,0,0,8,5.4,4198,4157
2026-09-23,C,AST-012,480,0,0,25,5.4,4233,4158
2026-09-24,A,AST-012,480,0,120,9,5.4,3466,3395
2026-09-24,B,AST-012,480,0,0,17,5.4,4384,4335
2026-09-24,C,AST-012,480,0,0,4,5.4,4467,4360
2026-09-25,A,AST-012,480,0,0,16,5.4,4356,4288
2026-09-25,B,AST-012,480,0,0,15,5.4,4299,4197
2026-09-25,C,AST-012,480,0,0,3,5.4,4452,4350
2026-09-26,A,AST-012,480,0,0,2,5.4,4680,4596
2026-09-26,B,AST-012,480,0,0,1,5.4,4470,4427
2026-09-26,C,AST-012,480,0,0,9,5.4,4477,4453
2026-09-27,A,AST-012,480,0,0,1,5.4,4374,4286
2026-09-27,B,AST-012,480,0,0,25,5.4,4385,4302
2026-09-27,C,AST-012,480,0,0,29,5.4,4333,4249
2026-09-28,A,AST-012,480,0,0,9,5.4,4100,4027
2026-09-28,B,AST-012,480,0,0,26,5.4,3962,3910
2026-06-01,A,AST-013,480,0,0,2,10.8,2187,2151
2026-06-01,B,AST-013,480,0,0,7,10.8,2118,2078
2026-06-01,C,AST-013,480,0,0,13,10.8,2388,2357
2026-06-02,A,AST-013,480,0,0,5,10.8,2355,2318
2026-06-02,B,AST-013,480,0,0,2,10.8,2134,2086
2026-06-02,C,AST-013,480,0,0,35,10.8,2041,2014
2026-06-03,A,AST-013,480,0,0,38,10.8,2003,1956
2026-06-03,B,AST-013,480,0,0,9,10.8,2294,2256
2026-06-03,C,AST-013,480,0,0,39,10.8,2066,2046
2026-06-04,A,AST-013,480,0,0,31,10.8,1971,1946
2026-06-04,B,AST-013,480,0,0,15,10.8,2202,2143
2026-06-04,C,AST-013,480,0,0,15,10.8,2117,2085
2026-06-05,A,AST-013,480,0,0,2,10.8,2388,2330
2026-06-05,B,AST-013,480,0,0,3,10.8,2144,2097
2026-06-05,C,AST-013,480,0,0,14,10.8,2208,2175
2026-06-06,A,AST-013,480,0,0,7,10.8,2250,2203
2026-06-06,B,AST-013,480,0,0,10,10.8,2196,2160
2026-06-06,C,AST-013,480,0,0,3,10.8,2266,2241
2026-06-07,A,AST-013,480,0,0,15,10.8,2191,2156
2026-06-07,B,AST-013,480,0,0,7,10.8,2202,2157
2026-06-07,C,AST-013,480,0,0,28,10.8,2138,2108
2026-06-08,A,AST-013,480,0,0,40,10.8,2189,2155
2026-06-08,B,AST-013,480,0,0,0,10.8,2307,2256
2026-06-08,C,AST-013,480,0,0,13,10.8,2062,2033
2026-06-09,A,AST-013,480,0,0,15,10.8,2066,2037
2026-06-09,B,AST-013,480,0,0,5,10.8,2236,2198
2026-06-09,C,AST-013,480,0,0,10,10.8,2302,2262
2026-06-10,A,AST-013,480,0,0,20,10.8,2082,2045
2026-06-10,B,AST-013,480,0,0,11,10.8,2203,2189
2026-06-10,C,AST-013,480,0,0,5,10.8,2250,2224
2026-06-11,A,AST-013,480,0,0,24,10.8,2004,1988
2026-06-11,B,AST-013,480,0,0,2,10.8,2341,2293
2026-06-11,C,AST-013,480,0,0,0,10.8,2224,2176
2026-06-12,A,AST-013,480,0,0,31,10.8,2124,2103
2026-06-12,B,AST-013,480,0,0,15,10.8,2115,2059
2026-06-12,C,AST-013,480,0,0,32,10.8,2146,2105
2026-06-13,A,AST-013,480,0,0,17,10.8,2293,2260
2026-06-13,B,AST-013,480,0,0,1,10.8,2134,2102
2026-06-13,C,AST-013,480,0,0,5,10.8,2284,2250
2026-06-14,A,AST-013,480,0,0,3,10.8,2238,2211
2026-06-14,B,AST-013,480,0,0,14,10.8,1991,1953
2026-06-14,C,AST-013,480,0,0,40,10.8,1934,1899
2026-06-15,A,AST-013,480,0,0,5,10.8,2280,2242
2026-06-15,B,AST-013,480,0,0,11,10.8,2150,2107
2026-06-15,C,AST-013,480,0,0,10,10.8,2120,2083
2026-06-16,A,AST-013,480,0,0,11,10.8,2110,2075
2026-06-16,B,AST-013,480,0,0,33,10.8,2197,2165
2026-06-16,C,AST-013,480,0,0,7,10.8,2211,2161
2026-06-17,A,AST-013,480,0,0,6,10.8,2314,2253
2026-06-17,B,AST-013,480,0,0,12,10.8,2137,2106
2026-06-17,C,AST-013,480,0,0,3,10.8,2215,2184
2026-06-18,A,AST-013,480,0,0,33,10.8,2198,2145
2026-06-18,B,AST-013,480,0,0,1,10.8,2101,2077
2026-06-18,C,AST-013,480,0,0,11,10.8,2106,2026
2026-06-19,A,AST-013,480,0,0,0,10.8,2083,2011
2026-06-19,B,AST-013,480,0,0,10,10.8,2180,2095
2026-06-19,C,AST-013,480,0,0,1,10.8,2098,2015
2026-06-20,A,AST-013,480,0,0,5,10.8,1914,1839
2026-06-20,B,AST-013,480,0,0,7,10.8,2090,1994
2026-06-20,C,AST-013,480,0,0,2,10.8,2090,1992
2026-06-21,A,AST-013,480,0,0,17,10.8,1854,1758
2026-06-21,B,AST-013,480,0,0,4,10.8,1969,1859
2026-06-21,C,AST-013,480,0,0,1,10.8,1914,1811
2026-06-22,A,AST-013,480,0,0,27,10.8,1821,1720
2026-06-22,B,AST-013,480,0,0,3,10.8,1834,1723
2026-06-22,C,AST-013,480,0,0,1,10.8,1779,1661
2026-06-23,A,AST-013,480,330,0,8,10.8,629,607
2026-06-23,B,AST-013,480,480,0,1,10.8,0,0
2026-06-23,C,AST-013,480,120,0,39,10.8,1511,1477
2026-06-24,A,AST-013,480,0,120,30,10.8,1669,1648
2026-06-24,B,AST-013,480,0,0,15,10.8,2230,2201
2026-06-24,C,AST-013,480,0,0,29,10.8,2213,2165
2026-06-25,A,AST-013,480,0,0,1,10.8,2149,2124
2026-06-25,B,AST-013,480,0,0,0,10.8,2159,2136
2026-06-25,C,AST-013,480,0,0,7,10.8,2158,2124
2026-06-26,A,AST-013,480,0,0,19,10.8,2140,2124
2026-06-26,B,AST-013,480,0,0,0,10.8,2268,2234
2026-06-26,C,AST-013,480,0,0,29,10.8,2237,2209
2026-06-27,A,AST-013,480,0,0,21,10.8,2164,2148
2026-06-27,B,AST-013,480,0,0,2,10.8,2227,2205
2026-06-27,C,AST-013,480,0,0,7,10.8,2260,2230
2026-06-28,A,AST-013,480,0,0,12,10.8,2159,2127
2026-06-28,B,AST-013,480,0,0,7,10.8,2302,2254
2026-06-28,C,AST-013,480,0,0,3,10.8,2194,2149
2026-06-29,A,AST-013,480,0,0,26,10.8,2137,2126
2026-06-29,B,AST-013,480,0,0,6,10.8,2190,2138
2026-06-29,C,AST-013,480,0,0,5,10.8,2191,2173
2026-06-30,A,AST-013,480,0,0,21,10.8,2165,2152
2026-06-30,B,AST-013,480,0,0,1,10.8,2220,2187
2026-06-30,C,AST-013,480,0,0,23,10.8,2122,2097
2026-07-01,A,AST-013,480,0,0,25,10.8,1975,1915
2026-07-01,B,AST-013,480,0,0,8,10.8,2276,2237
2026-07-01,C,AST-013,480,0,0,19,10.8,2102,2064
2026-07-02,A,AST-013,480,0,0,1,10.8,2274,2254
2026-07-02,B,AST-013,480,0,0,12,10.8,2158,2129
2026-07-02,C,AST-013,480,0,0,1,10.8,2262,2230
2026-07-03,A,AST-013,480,0,0,17,10.8,2038,2005
2026-07-03,B,AST-013,480,0,0,5,10.8,2265,2227
2026-07-03,C,AST-013,480,0,0,5,10.8,2251,2228
2026-07-04,A,AST-013,480,0,0,9,10.8,2276,2241
2026-07-04,B,AST-013,480,0,0,11,10.8,2181,2141
2026-07-04,C,AST-013,480,0,0,17,10.8,2220,2182
2026-07-05,A,AST-013,480,0,0,0,10.8,2171,2132
2026-07-05,B,AST-013,480,0,0,0,10.8,2336,2285
2026-07-05,C,AST-013,480,0,0,17,10.8,2223,2178
2026-07-06,A,AST-013,480,0,0,5,10.8,2216,2197
2026-07-06,B,AST-013,480,0,0,28,10.8,2241,2211
2026-07-06,C,AST-013,480,0,0,20,10.8,2134,2112
2026-07-07,A,AST-013,480,0,0,29,10.8,2129,2089
2026-07-07,B,AST-013,480,0,0,2,10.8,2193,2173
2026-07-07,C,AST-013,480,0,0,40,10.8,1916,1897
2026-07-08,A,AST-013,480,0,0,1,10.8,2316,2290
2026-07-08,B,AST-013,480,0,0,6,10.8,2195,2184
2026-07-08,C,AST-013,480,0,0,11,10.8,2216,2171
2026-07-09,A,AST-013,480,0,0,6,10.8,2225,2170
2026-07-09,B,AST-013,480,0,0,13,10.8,2268,2234
2026-07-09,C,AST-013,480,0,0,39,10.8,1961,1941
2026-07-10,A,AST-013,480,0,0,3,10.8,2111,2091
2026-07-10,B,AST-013,480,0,0,9,10.8,2153,2141
2026-07-10,C,AST-013,480,0,0,18,10.8,2169,2154
2026-07-11,A,AST-013,480,0,0,0,10.8,2297,2266
2026-07-11,B,AST-013,480,0,0,11,10.8,2238,2186
2026-07-11,C,AST-013,480,0,0,8,10.8,2203,2165
2026-07-12,A,AST-013,480,0,0,16,10.8,2173,2154
2026-07-12,B,AST-013,480,0,0,2,10.8,2167,2148
2026-07-12,C,AST-013,480,0,0,3,10.8,2345,2302
2026-07-13,A,AST-013,480,0,0,3,10.8,2238,2192
2026-07-13,B,AST-013,480,0,0,17,10.8,2163,2124
2026-07-13,C,AST-013,480,0,0,1,10.8,2283,2260
2026-07-14,A,AST-013,480,0,0,6,10.8,2216,2199
2026-07-14,B,AST-013,480,0,0,1,10.8,2193,2166
2026-07-14,C,AST-013,480,0,0,0,10.8,2211,2185
2026-07-15,A,AST-013,480,0,0,40,10.8,2066,2039
2026-07-15,B,AST-013,480,0,0,7,10.8,2274,2254
2026-07-15,C,AST-013,480,0,0,5,10.8,2264,2231
2026-07-16,A,AST-013,480,0,0,13,10.8,2208,2180
2026-07-16,B,AST-013,480,0,0,7,10.8,2230,2197
2026-07-16,C,AST-013,480,0,0,24,10.8,2123,2101
2026-07-17,A,AST-013,480,0,0,5,10.8,2247,2208
2026-07-17,B,AST-013,480,0,0,40,10.8,2109,2082
2026-07-17,C,AST-013,480,0,0,11,10.8,2249,2184
2026-07-18,A,AST-013,480,0,0,8,10.8,2081,2051
2026-07-18,B,AST-013,480,0,0,0,10.8,1989,1956
2026-07-18,C,AST-013,480,0,0,2,10.8,2186,2137
2026-07-19,A,AST-013,480,0,0,26,10.8,1956,1937
2026-07-19,B,AST-013,480,0,0,3,10.8,2245,2209
2026-07-19,C,AST-013,480,0,0,15,10.8,2319,2273
2026-07-20,A,AST-013,480,0,0,7,10.8,2263,2229
2026-07-20,B,AST-013,480,0,0,9,10.8,2106,2069
2026-07-20,C,AST-013,480,0,0,3,10.8,2372,2330
2026-07-21,A,AST-013,480,0,0,16,10.8,2241,2220
2026-07-21,B,AST-013,480,0,0,7,10.8,2382,2360
2026-07-21,C,AST-013,480,0,0,19,10.8,2120,2085
2026-07-22,A,AST-013,480,0,0,40,10.8,2083,2045
2026-07-22,B,AST-013,480,0,0,6,10.8,2253,2203
2026-07-22,C,AST-013,480,0,0,0,10.8,2287,2243
2026-07-23,A,AST-013,480,0,0,6,10.8,2284,2268
2026-07-23,B,AST-013,480,0,0,17,10.8,2238,2205
2026-07-23,C,AST-013,480,0,0,5,10.8,2241,2214
2026-07-24,A,AST-013,480,0,120,27,10.8,1583,1555
2026-07-24,B,AST-013,480,0,0,0,10.8,2175,2148
2026-07-24,C,AST-013,480,0,0,0,10.8,2163,2133
2026-07-25,A,AST-013,480,0,0,5,10.8,2197,2166
2026-07-25,B,AST-013,480,0,0,17,10.8,2302,2259
2026-07-25,C,AST-013,480,0,0,12,10.8,2217,2208
2026-07-26,A,AST-013,480,0,0,12,10.8,2125,2083
2026-07-26,B,AST-013,480,0,0,9,10.8,2144,2107
2026-07-26,C,AST-013,480,0,0,5,10.8,2263,2201
2026-07-27,A,AST-013,480,0,0,29,10.8,2069,2024
2026-07-27,B,AST-013,480,0,0,2,10.8,2219,2193
2026-07-27,C,AST-013,480,0,0,6,10.8,2101,2083
2026-07-28,A,AST-013,480,0,0,24,10.8,1990,1962
2026-07-28,B,AST-013,480,0,0,2,10.8,2243,2212
2026-07-28,C,AST-013,480,0,0,5,10.8,2378,2329
2026-07-29,A,AST-013,480,0,0,3,10.8,2319,2261
2026-07-29,B,AST-013,480,0,0,21,10.8,2084,2046
2026-07-29,C,AST-013,480,0,0,9,10.8,2214,2196
2026-07-30,A,AST-013,480,0,0,2,10.8,2395,2359
2026-07-30,B,AST-013,480,0,0,1,10.8,2200,2169
2026-07-30,C,AST-013,480,0,0,0,10.8,2180,2142
2026-07-31,A,AST-013,480,0,0,33,10.8,2049,2013
2026-07-31,B,AST-013,480,0,0,9,10.8,2099,2055
2026-07-31,C,AST-013,480,0,0,20,10.8,2186,2141
2026-08-01,A,AST-013,480,0,0,0,10.8,2291,2263
2026-08-01,B,AST-013,480,0,0,4,10.8,2221,2196
2026-08-01,C,AST-013,480,0,0,9,10.8,2361,2329
2026-08-02,A,AST-013,480,0,0,19,10.8,2075,2039
2026-08-02,B,AST-013,480,0,0,10,10.8,2137,2119
2026-08-02,C,AST-013,480,0,0,2,10.8,2301,2253
2026-08-03,A,AST-013,480,0,0,5,10.8,2210,2169
2026-08-03,B,AST-013,480,0,0,4,10.8,2300,2259
2026-08-03,C,AST-013,480,0,0,8,10.8,2289,2263
2026-08-04,A,AST-013,480,0,0,2,10.8,2334,2317
2026-08-04,B,AST-013,480,0,0,26,10.8,2227,2198
2026-08-04,C,AST-013,480,0,0,36,10.8,2050,2003
2026-08-05,A,AST-013,480,0,0,22,10.8,2012,1969
2026-08-05,B,AST-013,480,0,0,5,10.8,2255,2242
2026-08-05,C,AST-013,480,0,0,10,10.8,2269,2226
2026-08-06,A,AST-013,480,0,0,13,10.8,2078,2047
2026-08-06,B,AST-013,480,0,0,1,10.8,2135,2098
2026-08-06,C,AST-013,480,0,0,1,10.8,2171,2135
2026-08-07,A,AST-013,480,0,0,17,10.8,2238,2209
2026-08-07,B,AST-013,480,0,0,8,10.8,2176,2140
2026-08-07,C,AST-013,480,0,0,1,10.8,2297,2245
2026-08-08,A,AST-013,480,0,0,4,10.8,2284,2248
2026-08-08,B,AST-013,480,0,0,19,10.8,2293,2245
2026-08-08,C,AST-013,480,0,0,6,10.8,2277,2241
2026-08-09,A,AST-013,480,0,0,40,10.8,2202,2163
2026-08-09,B,AST-013,480,0,0,1,10.8,2216,2175
2026-08-09,C,AST-013,480,0,0,36,10.8,2132,2110
2026-08-10,A,AST-013,480,0,0,5,10.8,2275,2257
2026-08-10,B,AST-013,480,0,0,9,10.8,2081,2052
2026-08-10,C,AST-013,480,0,0,4,10.8,2132,2101
2026-08-11,A,AST-013,480,0,0,3,10.8,2226,2182
2026-08-11,B,AST-013,480,0,0,1,10.8,2254,2220
2026-08-11,C,AST-013,480,0,0,4,10.8,2169,2137
2026-08-12,A,AST-013,480,0,0,12,10.8,2089,2070
2026-08-12,B,AST-013,480,0,0,1,10.8,2226,2190
2026-08-12,C,AST-013,480,0,0,1,10.8,2224,2193
2026-08-13,A,AST-013,480,0,0,1,10.8,2294,2258
2026-08-13,B,AST-013,480,0,0,19,10.8,2202,2173
2026-08-13,C,AST-013,480,0,0,12,10.8,2181,2166
2026-08-14,A,AST-013,480,0,0,35,10.8,2037,2008
2026-08-14,B,AST-013,480,0,0,29,10.8,2226,2205
2026-08-14,C,AST-013,480,0,0,6,10.8,2148,2109
2026-08-15,A,AST-013,480,0,0,40,10.8,1958,1937
2026-08-15,B,AST-013,480,0,0,2,10.8,2252,2234
2026-08-15,C,AST-013,480,0,0,0,10.8,2278,2241
2026-08-16,A,AST-013,480,0,0,10,10.8,2227,2202
2026-08-16,B,AST-013,480,0,0,16,10.8,2045,2010
2026-08-16,C,AST-013,480,0,0,21,10.8,2240,2202
2026-08-17,A,AST-013,480,0,0,3,10.8,2152,2128
2026-08-17,B,AST-013,480,0,0,18,10.8,1980,1966
2026-08-17,C,AST-013,480,0,0,6,10.8,2323,2286
2026-08-18,A,AST-013,480,0,0,14,10.8,2049,1997
2026-08-18,B,AST-013,480,0,0,5,10.8,2225,2182
2026-08-18,C,AST-013,480,0,0,0,10.8,2296,2269
2026-08-19,A,AST-013,480,0,0,3,10.8,2265,2256
2026-08-19,B,AST-013,480,0,0,5,10.8,2242,2220
2026-08-19,C,AST-013,480,0,0,4,10.8,2301,2264
2026-08-20,A,AST-013,480,0,0,0,10.8,2172,2143
2026-08-20,B,AST-013,480,0,0,5,10.8,2149,2125
2026-08-20,C,AST-013,480,0,0,29,10.8,2170,2129
2026-08-21,A,AST-013,480,0,0,17,10.8,2191,2145
2026-08-21,B,AST-013,480,0,0,1,10.8,2309,2285
2026-08-21,C,AST-013,480,0,0,3,10.8,2219,2178
2026-08-22,A,AST-013,480,0,0,36,10.8,2162,2129
2026-08-22,B,AST-013,480,0,0,5,10.8,2137,2117
2026-08-22,C,AST-013,480,0,0,8,10.8,2305,2266
2026-08-23,A,AST-013,480,0,120,8,10.8,1642,1609
2026-08-23,B,AST-013,480,0,0,26,10.8,2047,2017
2026-08-23,C,AST-013,480,0,0,6,10.8,2190,2148
2026-08-24,A,AST-013,480,0,0,10,10.8,2208,2183
2026-08-24,B,AST-013,480,0,0,22,10.8,2216,2187
2026-08-24,C,AST-013,480,0,0,3,10.8,2416,2363
2026-08-25,A,AST-013,480,0,0,21,10.8,2201,2174
2026-08-25,B,AST-013,480,0,0,29,10.8,2166,2127
2026-08-25,C,AST-013,480,0,0,4,10.8,2327,2297
2026-08-26,A,AST-013,480,0,0,5,10.8,2131,2094
2026-08-26,B,AST-013,480,0,0,14,10.8,2183,2170
2026-08-26,C,AST-013,480,0,0,40,10.8,2109,2089
2026-08-27,A,AST-013,480,0,0,5,10.8,2262,2212
2026-08-27,B,AST-013,480,0,0,17,10.8,2257,2218
2026-08-27,C,AST-013,480,0,0,18,10.8,2166,2137
2026-08-28,A,AST-013,480,0,0,2,10.8,2256,2215
2026-08-28,B,AST-013,480,0,0,27,10.8,2109,2077
2026-08-28,C,AST-013,480,0,0,22,10.8,2224,2184
2026-08-29,A,AST-013,480,0,0,40,10.8,1994,1948
2026-08-29,B,AST-013,480,0,0,12,10.8,2190,2150
2026-08-29,C,AST-013,480,0,0,2,10.8,2176,2144
2026-08-30,A,AST-013,480,0,0,9,10.8,2187,2145
2026-08-30,B,AST-013,480,0,0,1,10.8,2328,2285
2026-08-30,C,AST-013,480,0,0,11,10.8,2239,2191
2026-08-31,A,AST-013,480,0,0,0,10.8,2149,2119
2026-08-31,B,AST-013,480,0,0,10,10.8,2154,2125
2026-08-31,C,AST-013,480,0,0,8,10.8,2207,2162
2026-09-01,A,AST-013,480,0,0,12,10.8,2150,2136
2026-09-01,B,AST-013,480,0,0,40,10.8,1955,1946
2026-09-01,C,AST-013,480,0,0,8,10.8,2253,2208
2026-09-02,A,AST-013,480,0,0,6,10.8,2291,2253
2026-09-02,B,AST-013,480,0,0,27,10.8,2219,2187
2026-09-02,C,AST-013,480,0,0,0,10.8,2391,2353
2026-09-03,A,AST-013,480,0,0,19,10.8,2167,2141
2026-09-03,B,AST-013,480,0,0,0,10.8,2182,2139
2026-09-03,C,AST-013,480,0,0,13,10.8,2206,2159
2026-09-04,A,AST-013,480,0,0,6,10.8,2199,2156
2026-09-04,B,AST-013,480,0,0,14,10.8,2283,2253
2026-09-04,C,AST-013,480,0,0,6,10.8,2148,2122
2026-09-05,A,AST-013,480,0,0,7,10.8,2179,2134
2026-09-05,B,AST-013,480,0,0,16,10.8,2166,2132
2026-09-05,C,AST-013,480,0,0,10,10.8,2223,2188
2026-09-06,A,AST-013,480,0,0,33,10.8,2043,2023
2026-09-06,B,AST-013,480,0,0,32,10.8,1806,1783
2026-09-06,C,AST-013,480,0,0,38,10.8,2041,2026
2026-09-07,A,AST-013,480,0,0,17,10.8,2031,2003
2026-09-07,B,AST-013,480,0,0,34,10.8,2192,2168
2026-09-07,C,AST-013,480,0,0,40,10.8,1983,1951
2026-09-08,A,AST-013,480,0,0,1,10.8,2139,2111
2026-09-08,B,AST-013,480,0,0,0,10.8,2306,2267
2026-09-08,C,AST-013,480,0,0,2,10.8,2278,2245
2026-09-09,A,AST-013,480,0,0,13,10.8,2214,2184
2026-09-09,B,AST-013,480,0,0,21,10.8,2196,2141
2026-09-09,C,AST-013,480,0,0,40,10.8,2022,2005
2026-09-10,A,AST-013,480,0,0,7,10.8,2272,2242
2026-09-10,B,AST-013,480,0,0,1,10.8,2277,2246
2026-09-10,C,AST-013,480,0,0,0,10.8,2314,2275
2026-09-11,A,AST-013,480,0,0,10,10.8,2212,2179
2026-09-11,B,AST-013,480,0,0,9,10.8,2199,2169
2026-09-11,C,AST-013,480,0,0,2,10.8,2319,2295
2026-09-12,A,AST-013,480,0,0,24,10.8,2153,2137
2026-09-12,B,AST-013,480,0,0,0,10.8,2104,2057
2026-09-12,C,AST-013,480,0,0,1,10.8,2126,2095
2026-09-13,A,AST-013,480,0,0,0,10.8,2210,2166
2026-09-13,B,AST-013,480,0,0,15,10.8,2124,2095
2026-09-13,C,AST-013,480,0,0,27,10.8,2113,2058
2026-09-14,A,AST-013,480,0,0,15,10.8,2184,2154
2026-09-14,B,AST-013,480,0,0,1,10.8,2081,2063
2026-09-14,C,AST-013,480,0,0,40,10.8,2052,2005
2026-09-15,A,AST-013,480,0,0,3,10.8,2219,2187
2026-09-15,B,AST-013,480,0,0,1,10.8,2234,2199
2026-09-15,C,AST-013,480,0,0,23,10.8,2238,2218
2026-09-16,A,AST-013,480,0,0,17,10.8,2079,2044
2026-09-16,B,AST-013,480,0,0,1,10.8,2154,2129
2026-09-16,C,AST-013,480,0,0,24,10.8,2178,2152
2026-09-17,A,AST-013,480,0,0,14,10.8,2097,2069
2026-09-17,B,AST-013,480,0,0,0,10.8,2362,2324
2026-09-17,C,AST-013,480,0,0,17,10.8,2174,2159
2026-09-18,A,AST-013,480,0,0,24,10.8,2155,2133
2026-09-18,B,AST-013,480,0,0,6,10.8,2331,2291
2026-09-18,C,AST-013,480,0,0,4,10.8,2258,2225
2026-09-19,A,AST-013,480,0,0,8,10.8,2269,2231
2026-09-19,B,AST-013,480,0,0,8,10.8,2132,2093
2026-09-19,C,AST-013,480,0,0,11,10.8,2276,2249
2026-09-20,A,AST-013,480,0,0,22,10.8,2250,2212
2026-09-20,B,AST-013,480,0,0,6,10.8,2351,2311
2026-09-20,C,AST-013,480,0,0,0,10.8,2194,2162
2026-09-21,A,AST-013,480,0,0,9,10.8,2299,2250
2026-09-21,B,AST-013,480,0,0,40,10.8,2007,1965
2026-09-21,C,AST-013,480,0,0,3,10.8,2313,2286
2026-09-22,A,AST-013,480,0,120,25,10.8,1534,1526
2026-09-22,B,AST-013,480,0,0,30,10.8,2119,2086
2026-09-22,C,AST-013,480,0,0,9,10.8,2320,2289
2026-09-23,A,AST-013,480,0,0,4,10.8,2082,2039
2026-09-23,B,AST-013,480,0,0,29,10.8,2060,2031
2026-09-23,C,AST-013,480,0,0,0,10.8,2171,2141
2026-09-24,A,AST-013,480,0,0,17,10.8,2165,2133
2026-09-24,B,AST-013,480,0,0,0,10.8,2130,2089
2026-09-24,C,AST-013,480,0,0,4,10.8,2207,2177
2026-09-25,A,AST-013,480,0,0,18,10.8,2171,2121
2026-09-25,B,AST-013,480,0,0,2,10.8,2295,2249
2026-09-25,C,AST-013,480,0,0,15,10.8,2204,2145
2026-09-26,A,AST-013,480,0,0,21,10.8,1976,1931
2026-09-26,B,AST-013,480,0,0,5,10.8,1975,1919
2026-09-26,C,AST-013,480,0,0,20,10.8,2096,2036
2026-09-27,A,AST-013,480,0,0,29,10.8,1951,1911
2026-09-27,B,AST-013,480,0,0,14,10.8,2188,2108
2026-09-27,C,AST-013,480,0,0,0,10.8,2232,2163
2026-09-28,A,AST-013,480,0,0,2,10.8,2148,2071
2026-09-28,B,AST-013,480,0,0,5,10.8,1962,1885
2026-06-01,A,AST-014,480,0,0,3,9.1,2696,2684
2026-06-01,B,AST-014,480,0,0,2,9.1,2763,2715
2026-06-01,C,AST-014,480,0,0,5,9.1,2682,2634
2026-06-02,A,AST-014,480,0,0,40,9.1,2415,2385
2026-06-02,B,AST-014,480,0,0,8,9.1,2551,2496
2026-06-02,C,AST-014,480,0,0,2,9.1,2721,2666
2026-06-03,A,AST-014,480,0,0,16,9.1,2661,2624
2026-06-03,B,AST-014,480,0,0,11,9.1,2641,2594
2026-06-03,C,AST-014,480,0,0,24,9.1,2533,2482
2026-06-04,A,AST-014,480,0,0,6,9.1,2525,2482
2026-06-04,B,AST-014,480,0,0,27,9.1,2653,2608
2026-06-04,C,AST-014,480,0,0,13,9.1,2669,2636
2026-06-05,A,AST-014,480,0,0,15,9.1,2553,2505
2026-06-05,B,AST-014,480,0,0,14,9.1,2553,2502
2026-06-05,C,AST-014,480,0,0,36,9.1,2585,2554
2026-06-06,A,AST-014,480,0,0,0,9.1,2756,2729
2026-06-06,B,AST-014,480,0,0,13,9.1,2626,2599
2026-06-06,C,AST-014,480,0,0,0,9.1,2468,2451
2026-06-07,A,AST-014,480,0,120,6,9.1,1951,1926
2026-06-07,B,AST-014,480,0,0,23,9.1,2581,2549
2026-06-07,C,AST-014,480,0,0,13,9.1,2618,2577
2026-06-08,A,AST-014,480,0,0,0,9.1,2670,2629
2026-06-08,B,AST-014,480,0,0,23,9.1,2472,2442
2026-06-08,C,AST-014,480,0,0,35,9.1,2404,2351
2026-06-09,A,AST-014,480,0,0,5,9.1,2408,2380
2026-06-09,B,AST-014,480,0,0,4,9.1,2599,2577
2026-06-09,C,AST-014,480,0,0,14,9.1,2483,2449
2026-06-10,A,AST-014,480,0,0,8,9.1,2528,2485
2026-06-10,B,AST-014,480,0,0,7,9.1,2853,2823
2026-06-10,C,AST-014,480,0,0,20,9.1,2640,2584
2026-06-11,A,AST-014,480,0,0,14,9.1,2570,2520
2026-06-11,B,AST-014,480,0,0,40,9.1,2501,2445
2026-06-11,C,AST-014,480,0,0,2,9.1,2529,2506
2026-06-12,A,AST-014,480,0,0,14,9.1,2634,2603
2026-06-12,B,AST-014,480,0,0,4,9.1,2673,2655
2026-06-12,C,AST-014,480,0,0,11,9.1,2653,2618
2026-06-13,A,AST-014,480,0,0,1,9.1,2636,2607
2026-06-13,B,AST-014,480,0,0,16,9.1,2628,2599
2026-06-13,C,AST-014,480,0,0,11,9.1,2518,2464
2026-06-14,A,AST-014,480,0,0,5,9.1,2598,2573
2026-06-14,B,AST-014,480,0,0,16,9.1,2563,2529
2026-06-14,C,AST-014,480,0,0,9,9.1,2600,2573
2026-06-15,A,AST-014,480,0,0,40,9.1,2497,2441
2026-06-15,B,AST-014,480,0,0,3,9.1,2672,2640
2026-06-15,C,AST-014,480,0,0,7,9.1,2715,2660
2026-06-16,A,AST-014,480,0,0,8,9.1,2647,2601
2026-06-16,B,AST-014,480,0,0,6,9.1,2761,2692
2026-06-16,C,AST-014,480,0,0,25,9.1,2436,2399
2026-06-17,A,AST-014,480,0,0,0,9.1,2554,2496
2026-06-17,B,AST-014,480,0,0,40,9.1,2493,2465
2026-06-17,C,AST-014,480,0,0,25,9.1,2448,2418
2026-06-18,A,AST-014,480,0,0,6,9.1,2635,2571
2026-06-18,B,AST-014,480,0,0,7,9.1,2572,2555
2026-06-18,C,AST-014,480,0,0,0,9.1,2638,2616
2026-06-19,A,AST-014,480,0,0,18,9.1,2584,2554
2026-06-19,B,AST-014,480,0,0,12,9.1,2671,2625
2026-06-19,C,AST-014,480,0,0,15,9.1,2495,2453
2026-06-20,A,AST-014,480,0,0,1,9.1,2603,2578
2026-06-20,B,AST-014,480,0,0,0,9.1,2537,2508
2026-06-20,C,AST-014,480,0,0,2,9.1,2610,2584
2026-06-21,A,AST-014,480,0,0,4,9.1,2545,2505
2026-06-21,B,AST-014,480,0,0,22,9.1,2544,2510
2026-06-21,C,AST-014,480,0,0,40,9.1,2419,2392
2026-06-22,A,AST-014,480,0,0,40,9.1,2468,2429
2026-06-22,B,AST-014,480,0,0,6,9.1,2648,2619
2026-06-22,C,AST-014,480,0,0,0,9.1,2554,2532
2026-06-23,A,AST-014,480,0,0,24,9.1,2456,2417
2026-06-23,B,AST-014,480,0,0,8,9.1,2696,2654
2026-06-23,C,AST-014,480,0,0,3,9.1,2427,2385
2026-06-24,A,AST-014,480,0,0,6,9.1,2494,2482
2026-06-24,B,AST-014,480,0,0,1,9.1,2571,2535
2026-06-24,C,AST-014,480,0,0,6,9.1,2601,2582
2026-06-25,A,AST-014,480,0,0,2,9.1,2532,2495
2026-06-25,B,AST-014,480,0,0,7,9.1,2659,2602
2026-06-25,C,AST-014,480,0,0,33,9.1,2349,2309
2026-06-26,A,AST-014,480,0,0,6,9.1,2691,2632
2026-06-26,B,AST-014,480,0,0,7,9.1,2484,2466
2026-06-26,C,AST-014,480,0,0,28,9.1,2473,2427
2026-06-27,A,AST-014,480,0,0,1,9.1,2683,2634
2026-06-27,B,AST-014,480,0,0,40,9.1,2256,2208
2026-06-27,C,AST-014,480,0,0,8,9.1,2510,2473
2026-06-28,A,AST-014,480,0,0,4,9.1,2783,2762
2026-06-28,B,AST-014,480,0,0,12,9.1,2654,2640
2026-06-28,C,AST-014,480,0,0,2,9.1,2430,2390
2026-06-29,A,AST-014,480,0,0,11,9.1,2571,2539
2026-06-29,B,AST-014,480,0,0,10,9.1,2599,2556
2026-06-29,C,AST-014,480,0,0,33,9.1,2553,2512
2026-06-30,A,AST-014,480,0,0,10,9.1,2474,2442
2026-06-30,B,AST-014,480,0,0,12,9.1,2542,2509
2026-06-30,C,AST-014,480,0,0,1,9.1,2770,2717
2026-07-01,A,AST-014,480,0,0,15,9.1,2643,2588
2026-07-01,B,AST-014,480,0,0,31,9.1,2375,2329
2026-07-01,C,AST-014,480,0,0,4,9.1,2617,2615
2026-07-02,A,AST-014,480,0,0,0,9.1,2655,2628
2026-07-02,B,AST-014,480,0,0,21,9.1,2444,2414
2026-07-02,C,AST-014,480,0,0,5,9.1,2482,2437
2026-07-03,A,AST-014,480,0,0,11,9.1,2526,2503
2026-07-03,B,AST-014,480,0,0,12,9.1,2561,2533
2026-07-03,C,AST-014,480,0,0,8,9.1,2830,2790
2026-07-04,A,AST-014,480,0,0,2,9.1,2650,2600
2026-07-04,B,AST-014,480,0,0,8,9.1,2622,2591
2026-07-04,C,AST-014,480,0,0,3,9.1,2637,2613
2026-07-05,A,AST-014,480,0,0,13,9.1,2544,2509
2026-07-05,B,AST-014,480,0,0,32,9.1,2530,2500
2026-07-05,C,AST-014,480,0,0,23,9.1,2619,2563
2026-07-06,A,AST-014,480,0,0,8,9.1,2640,2619
2026-07-06,B,AST-014,480,0,0,10,9.1,2500,2478
2026-07-06,C,AST-014,480,0,0,21,9.1,2610,2558
2026-07-07,A,AST-014,480,0,120,22,9.1,1833,1810
2026-07-07,B,AST-014,480,0,0,9,9.1,2662,2630
2026-07-07,C,AST-014,480,0,0,2,9.1,2544,2536
2026-07-08,A,AST-014,480,0,0,4,9.1,2812,2781
2026-07-08,B,AST-014,480,0,0,30,9.1,2433,2388
2026-07-08,C,AST-014,480,0,0,13,9.1,2590,2554
2026-07-09,A,AST-014,480,0,0,40,9.1,2490,2452
2026-07-09,B,AST-014,480,0,0,0,9.1,2708,2684
2026-07-09,C,AST-014,480,0,0,27,9.1,2563,2522
2026-07-10,A,AST-014,480,0,0,7,9.1,2568,2543
2026-07-10,B,AST-014,480,0,0,40,9.1,2337,2302
2026-07-10,C,AST-014,480,0,0,7,9.1,2752,2693
2026-07-11,A,AST-014,480,0,0,11,9.1,2621,2598
2026-07-11,B,AST-014,480,0,0,26,9.1,2474,2419
2026-07-11,C,AST-014,480,0,0,3,9.1,2677,2635
2026-07-12,A,AST-014,480,0,0,3,9.1,2763,2705
2026-07-12,B,AST-014,480,0,0,14,9.1,2572,2538
2026-07-12,C,AST-014,480,0,0,3,9.1,2663,2612
2026-07-13,A,AST-014,480,0,0,6,9.1,2595,2539
2026-07-13,B,AST-014,480,0,0,40,9.1,2342,2294
2026-07-13,C,AST-014,480,0,0,6,9.1,2438,2414
2026-07-14,A,AST-014,480,0,0,6,9.1,2673,2620
2026-07-14,B,AST-014,480,0,0,16,9.1,2617,2575
2026-07-14,C,AST-014,480,0,0,11,9.1,2413,2401
2026-07-15,A,AST-014,480,0,0,1,9.1,2745,2730
2026-07-15,B,AST-014,480,0,0,29,9.1,2520,2468
2026-07-15,C,AST-014,480,0,0,10,9.1,2726,2671
2026-07-16,A,AST-014,480,0,0,25,9.1,2505,2471
2026-07-16,B,AST-014,480,0,0,16,9.1,2541,2468
2026-07-16,C,AST-014,480,0,0,14,9.1,2491,2466
2026-07-17,A,AST-014,480,0,0,6,9.1,2452,2425
2026-07-17,B,AST-014,480,0,0,8,9.1,2578,2534
2026-07-17,C,AST-014,480,0,0,39,9.1,2550,2498
2026-07-18,A,AST-014,480,0,0,0,9.1,2612,2562
2026-07-18,B,AST-014,480,0,0,14,9.1,2654,2601
2026-07-18,C,AST-014,480,0,0,1,9.1,2648,2583
2026-07-19,A,AST-014,480,0,0,6,9.1,2720,2681
2026-07-19,B,AST-014,480,0,0,14,9.1,2691,2677
2026-07-19,C,AST-014,480,0,0,2,9.1,2660,2614
2026-07-20,A,AST-014,480,0,0,13,9.1,2570,2511
2026-07-20,B,AST-014,480,0,0,25,9.1,2622,2588
2026-07-20,C,AST-014,480,0,0,3,9.1,2688,2650
2026-07-21,A,AST-014,480,0,0,5,9.1,2767,2735
2026-07-21,B,AST-014,480,0,0,2,9.1,2524,2473
2026-07-21,C,AST-014,480,0,0,24,9.1,2587,2581
2026-07-22,A,AST-014,480,0,0,8,9.1,2593,2540
2026-07-22,B,AST-014,480,0,0,8,9.1,2641,2603
2026-07-22,C,AST-014,480,0,0,30,9.1,2395,2351
2026-07-23,A,AST-014,480,0,0,14,9.1,2552,2490
2026-07-23,B,AST-014,480,0,0,3,9.1,2806,2777
2026-07-23,C,AST-014,480,0,0,21,9.1,2475,2433
2026-07-24,A,AST-014,480,0,0,2,9.1,2568,2532
2026-07-24,B,AST-014,480,0,0,9,9.1,2635,2593
2026-07-24,C,AST-014,480,0,0,21,9.1,2643,2614
2026-07-25,A,AST-014,480,0,0,36,9.1,2394,2352
2026-07-25,B,AST-014,480,0,0,4,9.1,2523,2483
2026-07-25,C,AST-014,480,0,0,18,9.1,2676,2619
2026-07-26,A,AST-014,480,0,0,13,9.1,2519,2470
2026-07-26,B,AST-014,480,0,0,6,9.1,2471,2402
2026-07-26,C,AST-014,480,0,0,6,9.1,2463,2373
2026-07-27,A,AST-014,480,0,0,12,9.1,2387,2295
2026-07-27,B,AST-014,480,0,0,1,9.1,2371,2275
2026-07-27,C,AST-014,480,0,0,20,9.1,2409,2307
2026-07-28,A,AST-014,480,0,0,11,9.1,2282,2169
2026-07-28,B,AST-014,480,0,0,8,9.1,2353,2227
2026-07-28,C,AST-014,480,0,0,2,9.1,2291,2146
2026-07-29,A,AST-014,480,60,0,23,9.1,1958,1850
2026-07-29,B,AST-014,480,480,0,13,9.1,0,0
2026-07-29,C,AST-014,480,480,0,7,9.1,0,0
2026-07-30,A,AST-014,480,90,0,2,9.1,2126,2094
2026-07-30,B,AST-014,480,0,0,34,9.1,2431,2372
2026-07-30,C,AST-014,480,0,0,23,9.1,2547,2544
2026-07-31,A,AST-014,480,0,0,12,9.1,2659,2601
2026-07-31,B,AST-014,480,0,0,6,9.1,2717,2660
2026-07-31,C,AST-014,480,0,0,30,9.1,2316,2309
2026-08-01,A,AST-014,480,0,0,21,9.1,2595,2538
2026-08-01,B,AST-014,480,0,0,10,9.1,2795,2723
2026-08-01,C,AST-014,480,0,0,20,9.1,2712,2650
2026-08-02,A,AST-014,480,0,0,24,9.1,2489,2460
2026-08-02,B,AST-014,480,0,0,7,9.1,2704,2671
2026-08-02,C,AST-014,480,0,0,40,9.1,2599,2568
2026-08-03,A,AST-014,480,0,0,19,9.1,2625,2574
2026-08-03,B,AST-014,480,0,0,3,9.1,2784,2735
2026-08-03,C,AST-014,480,0,0,40,9.1,2384,2343
2026-08-04,A,AST-014,480,0,0,4,9.1,2709,2664
2026-08-04,B,AST-014,480,0,0,12,9.1,2642,2606
2026-08-04,C,AST-014,480,0,0,0,9.1,2684,2651
2026-08-05,A,AST-014,480,0,0,17,9.1,2535,2493
2026-08-05,B,AST-014,480,0,0,24,9.1,2477,2432
2026-08-05,C,AST-014,480,0,0,40,9.1,2527,2509
2026-08-06,A,AST-014,480,0,120,22,9.1,1868,1860
2026-08-06,B,AST-014,480,0,0,4,9.1,2589,2566
2026-08-06,C,AST-014,480,0,0,6,9.1,2806,2734
2026-08-07,A,AST-014,480,0,0,10,9.1,2506,2465
2026-08-07,B,AST-014,480,0,0,11,9.1,2680,2649
2026-08-07,C,AST-014,480,0,0,13,9.1,2646,2599
2026-08-08,A,AST-014,480,0,0,8,9.1,2740,2710
2026-08-08,B,AST-014,480,0,0,19,9.1,2507,2478
2026-08-08,C,AST-014,480,0,0,4,9.1,2686,2646
2026-08-09,A,AST-014,480,0,0,40,9.1,2527,2498
2026-08-09,B,AST-014,480,0,0,30,9.1,2369,2340
2026-08-09,C,AST-014,480,0,0,3,9.1,2690,2678
2026-08-10,A,AST-014,480,0,0,19,9.1,2390,2356
2026-08-10,B,AST-014,480,0,0,0,9.1,2623,2588
2026-08-10,C,AST-014,480,0,0,35,9.1,2546,2480
2026-08-11,A,AST-014,480,0,0,1,9.1,2596,2552
2026-08-11,B,AST-014,480,0,0,14,9.1,2701,2626
2026-08-11,C,AST-014,480,0,0,4,9.1,2560,2497
2026-08-12,A,AST-014,480,0,0,0,9.1,2739,2700
2026-08-12,B,AST-014,480,0,0,3,9.1,2465,2391
2026-08-12,C,AST-014,480,0,0,2,9.1,2661,2596
2026-08-13,A,AST-014,480,0,0,3,9.1,2473,2411
2026-08-13,B,AST-014,480,0,0,16,9.1,2555,2486
2026-08-13,C,AST-014,480,0,0,1,9.1,2582,2499
2026-08-14,A,AST-014,480,0,0,8,9.1,2465,2381
2026-08-14,B,AST-014,480,0,0,4,9.1,2588,2500
2026-08-14,C,AST-014,480,0,0,30,9.1,2362,2246
2026-08-15,A,AST-014,480,0,0,15,9.1,2440,2340
2026-08-15,B,AST-014,480,0,0,5,9.1,2230,2130
2026-08-15,C,AST-014,480,0,0,28,9.1,2226,2111
2026-08-16,A,AST-014,480,0,0,0,9.1,2408,2290
2026-08-16,B,AST-014,480,0,0,2,9.1,2348,2226
2026-08-16,C,AST-014,480,0,0,18,9.1,2258,2137
2026-08-17,A,AST-014,480,0,0,0,9.1,2329,2190
2026-08-17,B,AST-014,480,0,0,3,9.1,2294,2141
2026-08-17,C,AST-014,480,0,0,20,9.1,2147,2002
2026-08-18,A,AST-014,480,0,0,25,9.1,2003,1855
2026-08-18,B,AST-014,480,360,0,11,9.1,548,527
2026-08-18,C,AST-014,480,420,0,6,9.1,293,286
2026-08-19,A,AST-014,480,0,0,13,9.1,2680,2663
2026-08-19,B,AST-014,480,0,0,9,9.1,2637,2580
2026-08-19,C,AST-014,480,0,0,28,9.1,2523,2469
2026-08-20,A,AST-014,480,0,0,0,9.1,2785,2749
2026-08-20,B,AST-014,480,0,0,1,9.1,2491,2425
2026-08-20,C,AST-014,480,0,0,6,9.1,2519,2471
2026-08-21,A,AST-014,480,0,0,4,9.1,2486,2449
2026-08-21,B,AST-014,480,0,0,2,9.1,2664,2619
2026-08-21,C,AST-014,480,0,0,18,9.1,2552,2488
2026-08-22,A,AST-014,480,0,0,7,9.1,2775,2737
2026-08-22,B,AST-014,480,0,0,6,9.1,2696,2654
2026-08-22,C,AST-014,480,0,0,6,9.1,2695,2667
2026-08-23,A,AST-014,480,0,0,3,9.1,2599,2581
2026-08-23,B,AST-014,480,0,0,4,9.1,2652,2607
2026-08-23,C,AST-014,480,0,0,2,9.1,2631,2601
2026-08-24,A,AST-014,480,0,0,2,9.1,2552,2532
2026-08-24,B,AST-014,480,0,0,14,9.1,2470,2418
2026-08-24,C,AST-014,480,0,0,6,9.1,2512,2480
2026-08-25,A,AST-014,480,0,0,15,9.1,2578,2540
2026-08-25,B,AST-014,480,0,0,25,9.1,2536,2515
2026-08-25,C,AST-014,480,0,0,6,9.1,2563,2502
2026-08-26,A,AST-014,480,0,0,12,9.1,2594,2547
2026-08-26,B,AST-014,480,0,0,3,9.1,2745,2710
2026-08-26,C,AST-014,480,0,0,12,9.1,2571,2493
2026-08-27,A,AST-014,480,0,0,3,9.1,2661,2608
2026-08-27,B,AST-014,480,0,0,0,9.1,2653,2603
2026-08-27,C,AST-014,480,0,0,23,9.1,2671,2643
2026-08-28,A,AST-014,480,0,0,14,9.1,2554,2506
2026-08-28,B,AST-014,480,0,0,4,9.1,2452,2402
2026-08-28,C,AST-014,480,0,0,11,9.1,2613,2578
2026-08-29,A,AST-014,480,0,0,27,9.1,2364,2331
2026-08-29,B,AST-014,480,0,0,5,9.1,2643,2595
2026-08-29,C,AST-014,480,0,0,11,9.1,2753,2700
2026-08-30,A,AST-014,480,0,0,5,9.1,2580,2551
2026-08-30,B,AST-014,480,0,0,18,9.1,2531,2504
2026-08-30,C,AST-014,480,0,0,28,9.1,2725,2698
2026-08-31,A,AST-014,480,0,0,16,9.1,2419,2362
2026-08-31,B,AST-014,480,0,0,4,9.1,2726,2700
2026-08-31,C,AST-014,480,0,0,7,9.1,2579,2534
2026-09-01,A,AST-014,480,0,0,5,9.1,2527,2495
2026-09-01,B,AST-014,480,0,0,34,9.1,2371,2339
2026-09-01,C,AST-014,480,0,0,5,9.1,2672,2639
2026-09-02,A,AST-014,480,0,0,3,9.1,2729,2662
2026-09-02,B,AST-014,480,0,0,6,9.1,2616,2572
2026-09-02,C,AST-014,480,0,0,35,9.1,2386,2368
2026-09-03,A,AST-014,480,0,0,7,9.1,2596,2541
2026-09-03,B,AST-014,480,0,0,18,9.1,2462,2418
2026-09-03,C,AST-014,480,0,0,0,9.1,2786,2743
2026-09-04,A,AST-014,480,0,0,6,9.1,2831,2791
2026-09-04,B,AST-014,480,0,0,40,9.1,2386,2348
2026-09-04,C,AST-014,480,0,0,0,9.1,2737,2688
2026-09-05,A,AST-014,480,0,120,14,9.1,1909,1862
2026-09-05,B,AST-014,480,0,0,24,9.1,2659,2599
2026-09-05,C,AST-014,480,0,0,14,9.1,2543,2500
2026-09-06,A,AST-014,480,0,0,33,9.1,2358,2312
2026-09-06,B,AST-014,480,0,0,4,9.1,2535,2481
2026-09-06,C,AST-014,480,0,0,2,9.1,2682,2637
2026-09-07,A,AST-014,480,0,0,22,9.1,2585,2557
2026-09-07,B,AST-014,480,0,0,33,9.1,2446,2429
2026-09-07,C,AST-014,480,0,0,40,9.1,2457,2393
2026-09-08,A,AST-014,480,0,0,36,9.1,2673,2633
2026-09-08,B,AST-014,480,0,0,6,9.1,2607,2566
2026-09-08,C,AST-014,480,0,0,24,9.1,2756,2736
2026-09-09,A,AST-014,480,0,0,1,9.1,2431,2401
2026-09-09,B,AST-014,480,0,0,0,9.1,2698,2667
2026-09-09,C,AST-014,480,0,0,17,9.1,2672,2602
2026-09-10,A,AST-014,480,0,0,16,9.1,2568,2527
2026-09-10,B,AST-014,480,0,0,10,9.1,2844,2797
2026-09-10,C,AST-014,480,0,0,11,9.1,2555,2506
2026-09-11,A,AST-014,480,0,0,8,9.1,2515,2472
2026-09-11,B,AST-014,480,0,0,19,9.1,2611,2578
2026-09-11,C,AST-014,480,0,0,2,9.1,2719,2664
2026-09-12,A,AST-014,480,0,0,7,9.1,2495,2457
2026-09-12,B,AST-014,480,0,0,8,9.1,2616,2582
2026-09-12,C,AST-014,480,0,0,6,9.1,2624,2583
2026-09-13,A,AST-014,480,0,0,27,9.1,2676,2643
2026-09-13,B,AST-014,480,0,0,10,9.1,2525,2473
2026-09-13,C,AST-014,480,0,0,2,9.1,2476,2431
2026-09-14,A,AST-014,480,0,0,36,9.1,2410,2359
2026-09-14,B,AST-014,480,0,0,15,9.1,2551,2509
2026-09-14,C,AST-014,480,0,0,3,9.1,2509,2470
2026-09-15,A,AST-014,480,0,0,40,9.1,2367,2325
2026-09-15,B,AST-014,480,0,0,35,9.1,2368,2336
2026-09-15,C,AST-014,480,0,0,9,9.1,2477,2428
2026-09-16,A,AST-014,480,0,0,17,9.1,2579,2566
2026-09-16,B,AST-014,480,0,0,1,9.1,2619,2585
2026-09-16,C,AST-014,480,0,0,16,9.1,2556,2518
2026-09-17,A,AST-014,480,0,0,40,9.1,2454,2414
2026-09-17,B,AST-014,480,0,0,40,9.1,2521,2505
2026-09-17,C,AST-014,480,0,0,7,9.1,2764,2744
2026-09-18,A,AST-014,480,0,0,4,9.1,2752,2702
2026-09-18,B,AST-014,480,0,0,1,9.1,2655,2613
2026-09-18,C,AST-014,480,0,0,12,9.1,2522,2472
2026-09-19,A,AST-014,480,0,0,2,9.1,2713,2672
2026-09-19,B,AST-014,480,0,0,40,9.1,2284,2254
2026-09-19,C,AST-014,480,0,0,13,9.1,2597,2554
2026-09-20,A,AST-014,480,0,0,13,9.1,2586,2559
2026-09-20,B,AST-014,480,0,0,22,9.1,2454,2420
2026-09-20,C,AST-014,480,0,0,13,9.1,2662,2613
2026-09-21,A,AST-014,480,0,0,2,9.1,2594,2563
2026-09-21,B,AST-014,480,0,0,6,9.1,2715,2668
2026-09-21,C,AST-014,480,0,0,1,9.1,2742,2696
2026-09-22,A,AST-014,480,0,0,1,9.1,2769,2726
2026-09-22,B,AST-014,480,0,0,7,9.1,2786,2744
2026-09-22,C,AST-014,480,0,0,19,9.1,2553,2516
2026-09-23,A,AST-014,480,0,0,18,9.1,2446,2411
2026-09-23,B,AST-014,480,0,0,5,9.1,2568,2507
2026-09-23,C,AST-014,480,0,0,8,9.1,2522,2506
2026-09-24,A,AST-014,480,0,0,6,9.1,2820,2795
2026-09-24,B,AST-014,480,0,0,7,9.1,2545,2512
2026-09-24,C,AST-014,480,0,0,4,9.1,2786,2760
2026-09-25,A,AST-014,480,0,0,7,9.1,2556,2510
2026-09-25,B,AST-014,480,0,0,15,9.1,2624,2589
2026-09-25,C,AST-014,480,0,0,0,9.1,2616,2575
2026-09-26,A,AST-014,480,0,0,19,9.1,2448,2398
2026-09-26,B,AST-014,480,0,0,8,9.1,2535,2530
2026-09-26,C,AST-014,480,0,0,1,9.1,2623,2579
2026-09-27,A,AST-014,480,0,0,0,9.1,2753,2732
2026-09-27,B,AST-014,480,0,0,25,9.1,2492,2443
2026-09-27,C,AST-014,480,0,0,2,9.1,2611,2563
2026-09-28,A,AST-014,480,0,0,40,9.1,2192,2160
2026-09-28,B,AST-014,480,0,0,4,9.1,2768,2733
2026-06-01,A,AST-015,480,0,0,5,9.7,2480,2438
2026-06-01,B,AST-015,480,0,0,3,9.7,2425,2407
2026-06-01,C,AST-015,480,0,0,40,9.7,2253,2220
2026-06-02,A,AST-015,480,0,0,12,9.7,2380,2345
2026-06-02,B,AST-015,480,0,0,4,9.7,2766,2710
2026-06-02,C,AST-015,480,0,0,2,9.7,2538,2519
2026-06-03,A,AST-015,480,0,0,16,9.7,2481,2460
2026-06-03,B,AST-015,480,0,0,6,9.7,2618,2593
2026-06-03,C,AST-015,480,0,0,7,9.7,2428,2384
2026-06-04,A,AST-015,480,0,0,5,9.7,2683,2646
2026-06-04,B,AST-015,480,0,0,10,9.7,2571,2522
2026-06-04,C,AST-015,480,0,0,18,9.7,2241,2197
2026-06-05,A,AST-015,480,0,0,9,9.7,2467,2429
2026-06-05,B,AST-015,480,0,0,8,9.7,2519,2505
2026-06-05,C,AST-015,480,0,0,11,9.7,2430,2398
2026-06-06,A,AST-015,480,0,0,8,9.7,2335,2309
2026-06-06,B,AST-015,480,0,0,25,9.7,2297,2276
2026-06-06,C,AST-015,480,0,0,5,9.7,2386,2317
2026-06-07,A,AST-015,480,0,0,18,9.7,2472,2438
2026-06-07,B,AST-015,480,0,0,0,9.7,2374,2335
2026-06-07,C,AST-015,480,0,0,5,9.7,2564,2539
2026-06-08,A,AST-015,480,0,0,40,9.7,2205,2166
2026-06-08,B,AST-015,480,0,0,0,9.7,2625,2594
2026-06-08,C,AST-015,480,0,0,10,9.7,2571,2531
2026-06-09,A,AST-015,480,0,0,30,9.7,2421,2387
2026-06-09,B,AST-015,480,0,0,7,9.7,2314,2290
2026-06-09,C,AST-015,480,0,0,19,9.7,2308,2268
2026-06-10,A,AST-015,480,0,0,40,9.7,2294,2259
2026-06-10,B,AST-015,480,0,0,7,9.7,2429,2397
2026-06-10,C,AST-015,480,0,0,17,9.7,2348,2321
2026-06-11,A,AST-015,480,0,0,27,9.7,2349,2311
2026-06-11,B,AST-015,480,0,0,8,9.7,2380,2352
2026-06-11,C,AST-015,480,0,0,11,9.7,2531,2475
2026-06-12,A,AST-015,480,0,0,6,9.7,2489,2449
2026-06-12,B,AST-015,480,0,0,9,9.7,2333,2312
2026-06-12,C,AST-015,480,0,0,3,9.7,2320,2273
2026-06-13,A,AST-015,480,0,0,40,9.7,2264,2249
2026-06-13,B,AST-015,480,0,0,5,9.7,2483,2419
2026-06-13,C,AST-015,480,0,0,10,9.7,2527,2475
2026-06-14,A,AST-015,480,0,0,40,9.7,2262,2222
2026-06-14,B,AST-015,480,0,0,10,9.7,2620,2583
2026-06-14,C,AST-015,480,0,0,17,9.7,2500,2455
2026-06-15,A,AST-015,480,0,0,2,9.7,2401,2341
2026-06-15,B,AST-015,480,0,0,3,9.7,2338,2287
2026-06-15,C,AST-015,480,0,0,4,9.7,2569,2536
2026-06-16,A,AST-015,480,0,0,1,9.7,2436,2411
2026-06-16,B,AST-015,480,0,0,0,9.7,2479,2435
2026-06-16,C,AST-015,480,0,0,22,9.7,2431,2411
2026-06-17,A,AST-015,480,0,0,7,9.7,2431,2393
2026-06-17,B,AST-015,480,0,0,40,9.7,2172,2150
2026-06-17,C,AST-015,480,0,0,2,9.7,2467,2419
2026-06-18,A,AST-015,480,0,0,27,9.7,2329,2326
2026-06-18,B,AST-015,480,0,0,11,9.7,2328,2290
2026-06-18,C,AST-015,480,0,0,6,9.7,2271,2256
2026-06-19,A,AST-015,480,0,0,7,9.7,2450,2410
2026-06-19,B,AST-015,480,0,0,23,9.7,2513,2487
2026-06-19,C,AST-015,480,0,0,4,9.7,2349,2289
2026-06-20,A,AST-015,480,0,0,13,9.7,2574,2540
2026-06-20,B,AST-015,480,0,0,2,9.7,2450,2402
2026-06-20,C,AST-015,480,0,0,13,9.7,2524,2495
2026-06-21,A,AST-015,480,0,0,31,9.7,2303,2287
2026-06-21,B,AST-015,480,0,0,12,9.7,2546,2497
2026-06-21,C,AST-015,480,0,0,20,9.7,2456,2431
2026-06-22,A,AST-015,480,0,0,13,9.7,2464,2427
2026-06-22,B,AST-015,480,0,0,14,9.7,2521,2483
2026-06-22,C,AST-015,480,0,0,1,9.7,2510,2472
2026-06-23,A,AST-015,480,0,0,26,9.7,2154,2120
2026-06-23,B,AST-015,480,0,0,39,9.7,2282,2248
2026-06-23,C,AST-015,480,0,0,10,9.7,2392,2353
2026-06-24,A,AST-015,480,0,0,40,9.7,2330,2299
2026-06-24,B,AST-015,480,0,0,7,9.7,2323,2276
2026-06-24,C,AST-015,480,0,0,6,9.7,2557,2517
2026-06-25,A,AST-015,480,0,120,10,9.7,1897,1855
2026-06-25,B,AST-015,480,0,0,4,9.7,2491,2437
2026-06-25,C,AST-015,480,0,0,17,9.7,2241,2177
2026-06-26,A,AST-015,480,0,0,9,9.7,2378,2302
2026-06-26,B,AST-015,480,0,0,2,9.7,2578,2512
2026-06-26,C,AST-015,480,0,0,23,9.7,2465,2417
2026-06-27,A,AST-015,480,0,0,7,9.7,2192,2119
2026-06-27,B,AST-015,480,0,0,0,9.7,2329,2253
2026-06-27,C,AST-015,480,0,0,21,9.7,2194,2116
2026-06-28,A,AST-015,480,0,0,16,9.7,2362,2258
2026-06-28,B,AST-015,480,0,0,1,9.7,2200,2115
2026-06-28,C,AST-015,480,0,0,9,9.7,2332,2212
2026-06-29,A,AST-015,480,0,0,13,9.7,2210,2097
2026-06-29,B,AST-015,480,0,0,7,9.7,2223,2103
2026-06-29,C,AST-015,480,0,0,31,9.7,2049,1937
2026-06-30,A,AST-015,480,0,0,15,9.7,1932,1808
2026-06-30,B,AST-015,480,0,0,18,9.7,1984,1851
2026-06-30,C,AST-015,480,0,0,1,9.7,2278,2130
2026-07-01,A,AST-015,480,360,0,37,9.7,406,392
2026-07-01,B,AST-015,480,480,0,1,9.7,0,0
2026-07-01,C,AST-015,480,480,0,1,9.7,0,0
2026-07-02,A,AST-015,480,120,0,2,9.7,1893,1861
2026-07-02,B,AST-015,480,0,0,7,9.7,2501,2470
2026-07-02,C,AST-015,480,0,0,13,9.7,2447,2388
2026-07-03,A,AST-015,480,0,0,26,9.7,2471,2431
2026-07-03,B,AST-015,480,0,0,3,9.7,2492,2468
2026-07-03,C,AST-015,480,0,0,9,9.7,2526,2455
2026-07-04,A,AST-015,480,0,0,11,9.7,2514,2474
2026-07-04,B,AST-015,480,0,0,17,9.7,2531,2495
2026-07-04,C,AST-015,480,0,0,7,9.7,2372,2331
2026-07-05,A,AST-015,480,0,0,33,9.7,2301,2269
2026-07-05,B,AST-015,480,0,0,7,9.7,2541,2489
2026-07-05,C,AST-015,480,0,0,20,9.7,2250,2212
2026-07-06,A,AST-015,480,0,0,31,9.7,2328,2291
2026-07-06,B,AST-015,480,0,0,0,9.7,2430,2389
2026-07-06,C,AST-015,480,0,0,7,9.7,2777,2716
2026-07-07,A,AST-015,480,0,0,15,9.7,2328,2302
2026-07-07,B,AST-015,480,0,0,7,9.7,2562,2515
2026-07-07,C,AST-015,480,0,0,18,9.7,2393,2318
2026-07-08,A,AST-015,480,0,0,9,9.7,2360,2327
2026-07-08,B,AST-015,480,0,0,3,9.7,2583,2523
2026-07-08,C,AST-015,480,0,0,36,9.7,2113,2067
2026-07-09,A,AST-015,480,0,0,5,9.7,2385,2336
2026-07-09,B,AST-015,480,0,0,15,9.7,2457,2435
2026-07-09,C,AST-015,480,0,0,2,9.7,2674,2639
2026-07-10,A,AST-015,480,0,0,13,9.7,2391,2368
2026-07-10,B,AST-015,480,0,0,2,9.7,2558,2503
2026-07-10,C,AST-015,480,0,0,7,9.7,2485,2453
2026-07-11,A,AST-015,480,0,0,2,9.7,2453,2414
2026-07-11,B,AST-015,480,0,0,1,9.7,2583,2555
2026-07-11,C,AST-015,480,0,0,6,9.7,2301,2278
2026-07-12,A,AST-015,480,0,0,2,9.7,2451,2421
2026-07-12,B,AST-015,480,0,0,5,9.7,2485,2459
2026-07-12,C,AST-015,480,0,0,19,9.7,2472,2457
2026-07-13,A,AST-015,480,0,0,40,9.7,2315,2288
2026-07-13,B,AST-015,480,0,0,6,9.7,2466,2415
2026-07-13,C,AST-015,480,0,0,3,9.7,2433,2402
2026-07-14,A,AST-015,480,0,0,21,9.7,2563,2528
2026-07-14,B,AST-015,480,0,0,12,9.7,2523,2502
2026-07-14,C,AST-015,480,0,0,5,9.7,2515,2500
2026-07-15,A,AST-015,480,0,0,1,9.7,2364,2346
2026-07-15,B,AST-015,480,0,0,5,9.7,2480,2440
2026-07-15,C,AST-015,480,0,0,10,9.7,2499,2469
2026-07-16,A,AST-015,480,0,0,3,9.7,2536,2486
2026-07-16,B,AST-015,480,0,0,14,9.7,2397,2355
2026-07-16,C,AST-015,480,0,0,13,9.7,2417,2394
2026-07-17,A,AST-015,480,0,0,35,9.7,2301,2251
2026-07-17,B,AST-015,480,0,0,1,9.7,2598,2540
2026-07-17,C,AST-015,480,0,0,31,9.7,2420,2374
2026-07-18,A,AST-015,480,0,0,6,9.7,2377,2324
2026-07-18,B,AST-015,480,0,0,2,9.7,2468,2434
2026-07-18,C,AST-015,480,0,0,9,9.7,2450,2424
2026-07-19,A,AST-015,480,0,0,5,9.7,2439,2398
2026-07-19,B,AST-015,480,0,0,7,9.7,2495,2441
2026-07-19,C,AST-015,480,0,0,2,9.7,2494,2460
2026-07-20,A,AST-015,480,0,0,2,9.7,2382,2352
2026-07-20,B,AST-015,480,0,0,9,9.7,2460,2422
2026-07-20,C,AST-015,480,0,0,0,9.7,2526,2470
2026-07-21,A,AST-015,480,0,0,3,9.7,2475,2419
2026-07-21,B,AST-015,480,0,0,3,9.7,2462,2419
2026-07-21,C,AST-015,480,0,0,1,9.7,2440,2404
2026-07-22,A,AST-015,480,0,0,10,9.7,2478,2439
2026-07-22,B,AST-015,480,0,0,4,9.7,2489,2448
2026-07-22,C,AST-015,480,0,0,11,9.7,2490,2443
2026-07-23,A,AST-015,480,0,0,4,9.7,2718,2671
2026-07-23,B,AST-015,480,0,0,11,9.7,2446,2433
2026-07-23,C,AST-015,480,0,0,7,9.7,2556,2512
2026-07-24,A,AST-015,480,0,0,6,9.7,2472,2420
2026-07-24,B,AST-015,480,0,0,3,9.7,2457,2403
2026-07-24,C,AST-015,480,0,0,26,9.7,2355,2305
2026-07-25,A,AST-015,480,0,120,29,9.7,1723,1707
2026-07-25,B,AST-015,480,0,0,40,9.7,2363,2324
2026-07-25,C,AST-015,480,0,0,17,9.7,2402,2371
2026-07-26,A,AST-015,480,0,0,13,9.7,2439,2408
2026-07-26,B,AST-015,480,0,0,3,9.7,2453,2413
2026-07-26,C,AST-015,480,0,0,1,9.7,2545,2491
2026-07-27,A,AST-015,480,0,0,15,9.7,2449,2410
2026-07-27,B,AST-015,480,0,0,9,9.7,2457,2421
2026-07-27,C,AST-015,480,0,0,7,9.7,2332,2292
2026-07-28,A,AST-015,480,0,0,15,9.7,2420,2381
2026-07-28,B,AST-015,480,0,0,40,9.7,2267,2231
2026-07-28,C,AST-015,480,0,0,27,9.7,2292,2237
2026-07-29,A,AST-015,480,0,0,25,9.7,2467,2444
2026-07-29,B,AST-015,480,0,0,13,9.7,2261,2221
2026-07-29,C,AST-015,480,0,0,20,9.7,2436,2404
2026-07-30,A,AST-015,480,0,0,40,9.7,2396,2365
2026-07-30,B,AST-015,480,0,0,0,9.7,2401,2360
2026-07-30,C,AST-015,480,0,0,6,9.7,2467,2424
2026-07-31,A,AST-015,480,0,0,5,9.7,2407,2377
2026-07-31,B,AST-015,480,0,0,10,9.7,2523,2482
2026-07-31,C,AST-015,480,0,0,2,9.7,2521,2486
2026-08-01,A,AST-015,480,0,0,2,9.7,2486,2440
2026-08-01,B,AST-015,480,0,0,4,9.7,2508,2481
2026-08-01,C,AST-015,480,0,0,3,9.7,2613,2573
2026-08-02,A,AST-015,480,0,0,31,9.7,2258,2238
2026-08-02,B,AST-015,480,0,0,17,9.7,2534,2473
2026-08-02,C,AST-015,480,0,0,40,9.7,2227,2199
2026-08-03,A,AST-015,480,0,0,10,9.7,2493,2448
2026-08-03,B,AST-015,480,0,0,30,9.7,2263,2221
2026-08-03,C,AST-015,480,0,0,2,9.7,2284,2267
2026-08-04,A,AST-015,480,0,0,31,9.7,2188,2157
2026-08-04,B,AST-015,480,0,0,7,9.7,2579,2544
2026-08-04,C,AST-015,480,0,0,8,9.7,2307,2257
2026-08-05,A,AST-015,480,0,0,15,9.7,2499,2473
2026-08-05,B,AST-015,480,0,0,18,9.7,2321,2296
2026-08-05,C,AST-015,480,0,0,4,9.7,2464,2400
2026-08-06,A,AST-015,480,0,0,31,9.7,2320,2286
2026-08-06,B,AST-015,480,0,0,40,9.7,2292,2257
2026-08-06,C,AST-015,480,0,0,31,9.7,2310,2279
2026-08-07,A,AST-015,480,0,0,14,9.7,2446,2421
2026-08-07,B,AST-015,480,0,0,0,9.7,2436,2413
2026-08-07,C,AST-015,480,0,0,2,9.7,2474,2446
2026-08-08,A,AST-015,480,0,0,40,9.7,2244,2237
2026-08-08,B,AST-015,480,0,0,0,9.7,2680,2636
2026-08-08,C,AST-015,480,0,0,30,9.7,2289,2259
2026-08-09,A,AST-015,480,0,0,5,9.7,2414,2347
2026-08-09,B,AST-015,480,0,0,3,9.7,2337,2317
2026-08-09,C,AST-015,480,0,0,4,9.7,2419,2364
2026-08-10,A,AST-015,480,0,0,11,9.7,2333,2296
2026-08-10,B,AST-015,480,0,0,6,9.7,2594,2537
2026-08-10,C,AST-015,480,0,0,0,9.7,2400,2364
2026-08-11,A,AST-015,480,0,0,13,9.7,2398,2350
2026-08-11,B,AST-015,480,0,0,0,9.7,2599,2549
2026-08-11,C,AST-015,480,0,0,11,9.7,2340,2310
2026-08-12,A,AST-015,480,0,0,4,9.7,2509,2475
2026-08-12,B,AST-015,480,0,0,0,9.7,2438,2410
2026-08-12,C,AST-015,480,0,0,21,9.7,2571,2543
2026-08-13,A,AST-015,480,0,0,11,9.7,2527,2505
2026-08-13,B,AST-015,480,0,0,29,9.7,2372,2342
2026-08-13,C,AST-015,480,0,0,15,9.7,2488,2431
2026-08-14,A,AST-015,480,0,0,9,9.7,2291,2260
2026-08-14,B,AST-015,480,0,0,3,9.7,2419,2376
2026-08-14,C,AST-015,480,0,0,7,9.7,2475,2438
2026-08-15,A,AST-015,480,0,0,18,9.7,2379,2342
2026-08-15,B,AST-015,480,0,0,4,9.7,2404,2369
2026-08-15,C,AST-015,480,0,0,12,9.7,2518,2481
2026-08-16,A,AST-015,480,0,0,6,9.7,2583,2537
2026-08-16,B,AST-015,480,0,0,6,9.7,2532,2503
2026-08-16,C,AST-015,480,0,0,12,9.7,2378,2312
2026-08-17,A,AST-015,480,0,0,1,9.7,2401,2368
2026-08-17,B,AST-015,480,0,0,40,9.7,2283,2251
2026-08-17,C,AST-015,480,0,0,9,9.7,2470,2444
2026-08-18,A,AST-015,480,0,0,25,9.7,2280,2255
2026-08-18,B,AST-015,480,0,0,5,9.7,2424,2394
2026-08-18,C,AST-015,480,0,0,16,9.7,2477,2450
2026-08-19,A,AST-015,480,0,0,40,9.7,2157,2108
2026-08-19,B,AST-015,480,0,0,13,9.7,2538,2520
2026-08-19,C,AST-015,480,0,0,3,9.7,2410,2372
2026-08-20,A,AST-015,480,0,0,12,9.7,2470,2411
2026-08-20,B,AST-015,480,0,0,12,9.7,2409,2380
2026-08-20,C,AST-015,480,0,0,3,9.7,2513,2463
2026-08-21,A,AST-015,480,0,0,28,9.7,2427,2380
2026-08-21,B,AST-015,480,0,0,6,9.7,2406,2381
2026-08-21,C,AST-015,480,0,0,14,9.7,2370,2314
2026-08-22,A,AST-015,480,0,0,5,9.7,2489,2466
2026-08-22,B,AST-015,480,0,0,12,9.7,2477,2433
2026-08-22,C,AST-015,480,0,0,40,9.7,2227,2195
2026-08-23,A,AST-015,480,0,0,15,9.7,2520,2502
2026-08-23,B,AST-015,480,0,0,13,9.7,2491,2439
2026-08-23,C,AST-015,480,0,0,2,9.7,2510,2471
2026-08-24,A,AST-015,480,0,120,12,9.7,1801,1776
2026-08-24,B,AST-015,480,0,0,0,9.7,2345,2309
2026-08-24,C,AST-015,480,0,0,4,9.7,2599,2553
2026-08-25,A,AST-015,480,0,0,3,9.7,2384,2359
2026-08-25,B,AST-015,480,0,0,0,9.7,2538,2477
2026-08-25,C,AST-015,480,0,0,2,9.7,2453,2415
2026-08-26,A,AST-015,480,0,0,11,9.7,2406,2379
2026-08-26,B,AST-015,480,0,0,0,9.7,2220,2177
2026-08-26,C,AST-015,480,0,0,5,9.7,2508,2461
2026-08-27,A,AST-015,480,0,0,4,9.7,2467,2418
2026-08-27,B,AST-015,480,0,0,9,9.7,2497,2446
2026-08-27,C,AST-015,480,0,0,3,9.7,2412,2361
2026-08-28,A,AST-015,480,0,0,7,9.7,2498,2471
2026-08-28,B,AST-015,480,0,0,4,9.7,2433,2394
2026-08-28,C,AST-015,480,0,0,3,9.7,2471,2435
2026-08-29,A,AST-015,480,0,0,32,9.7,2314,2280
2026-08-29,B,AST-015,480,0,0,8,9.7,2367,2342
2026-08-29,C,AST-015,480,0,0,6,9.7,2641,2597
2026-08-30,A,AST-015,480,0,0,6,9.7,2363,2326
2026-08-30,B,AST-015,480,0,0,5,9.7,2582,2560
2026-08-30,C,AST-015,480,0,0,0,9.7,2587,2528
2026-08-31,A,AST-015,480,0,0,14,9.7,2343,2309
2026-08-31,B,AST-015,480,0,0,12,9.7,2334,2318
2026-08-31,C,AST-015,480,0,0,30,9.7,2332,2290
2026-09-01,A,AST-015,480,0,0,5,9.7,2452,2413
2026-09-01,B,AST-015,480,0,0,7,9.7,2467,2441
2026-09-01,C,AST-015,480,0,0,40,9.7,2238,2210
2026-09-02,A,AST-015,480,0,0,3,9.7,2487,2474
2026-09-02,B,AST-015,480,0,0,2,9.7,2455,2427
2026-09-02,C,AST-015,480,0,0,16,9.7,2388,2346
2026-09-03,A,AST-015,480,0,0,23,9.7,2397,2393
2026-09-03,B,AST-015,480,0,0,40,9.7,2363,2300
2026-09-03,C,AST-015,480,0,0,16,9.7,2151,2138
2026-09-04,A,AST-015,480,0,0,7,9.7,2667,2615
2026-09-04,B,AST-015,480,0,0,20,9.7,2471,2441
2026-09-04,C,AST-015,480,0,0,23,9.7,2506,2481
2026-09-05,A,AST-015,480,0,0,7,9.7,2405,2378
2026-09-05,B,AST-015,480,0,0,2,9.7,2479,2431
2026-09-05,C,AST-015,480,0,0,3,9.7,2507,2481
2026-09-06,A,AST-015,480,0,0,8,9.7,2458,2415
2026-09-06,B,AST-015,480,0,0,9,9.7,2528,2491
2026-09-06,C,AST-015,480,0,0,0,9.7,2561,2524
2026-09-07,A,AST-015,480,0,0,40,9.7,2238,2222
2026-09-07,B,AST-015,480,0,0,6,9.7,2473,2443
2026-09-07,C,AST-015,480,0,0,40,9.7,2212,2194
2026-09-08,A,AST-015,480,0,0,40,9.7,2305,2277
2026-09-08,B,AST-015,480,0,0,40,9.7,2292,2262
2026-09-08,C,AST-015,480,0,0,40,9.7,2252,2223
2026-09-09,A,AST-015,480,0,0,9,9.7,2412,2369
2026-09-09,B,AST-015,480,0,0,22,9.7,2329,2289
2026-09-09,C,AST-015,480,0,0,9,9.7,2324,2281
2026-09-10,A,AST-015,480,0,0,2,9.7,2619,2589
2026-09-10,B,AST-015,480,0,0,3,9.7,2549,2490
2026-09-10,C,AST-015,480,0,0,4,9.7,2556,2511
2026-09-11,A,AST-015,480,0,0,2,9.7,2446,2401
2026-09-11,B,AST-015,480,0,0,16,9.7,2537,2474
2026-09-11,C,AST-015,480,0,0,6,9.7,2558,2500
2026-09-12,A,AST-015,480,0,0,11,9.7,2512,2448
2026-09-12,B,AST-015,480,0,0,0,9.7,2428,2402
2026-09-12,C,AST-015,480,0,0,37,9.7,2229,2200
2026-09-13,A,AST-015,480,0,0,17,9.7,2376,2331
2026-09-13,B,AST-015,480,0,0,6,9.7,2456,2408
2026-09-13,C,AST-015,480,0,0,14,9.7,2362,2324
2026-09-14,A,AST-015,480,0,0,7,9.7,2434,2424
2026-09-14,B,AST-015,480,0,0,6,9.7,2435,2406
2026-09-14,C,AST-015,480,0,0,5,9.7,2301,2243
2026-09-15,A,AST-015,480,0,0,2,9.7,2577,2525
2026-09-15,B,AST-015,480,0,0,17,9.7,2300,2251
2026-09-15,C,AST-015,480,0,0,13,9.7,2449,2424
2026-09-16,A,AST-015,480,0,0,9,9.7,2579,2554
2026-09-16,B,AST-015,480,0,0,30,9.7,2339,2294
2026-09-16,C,AST-015,480,0,0,12,9.7,2351,2324
2026-09-17,A,AST-015,480,0,0,1,9.7,2390,2348
2026-09-17,B,AST-015,480,0,0,24,9.7,2273,2259
2026-09-17,C,AST-015,480,0,0,2,9.7,2419,2387
2026-09-18,A,AST-015,480,0,0,31,9.7,2294,2260
2026-09-18,B,AST-015,480,0,0,24,9.7,2250,2208
2026-09-18,C,AST-015,480,0,0,29,9.7,2393,2335
2026-09-19,A,AST-015,480,0,0,11,9.7,2390,2354
2026-09-19,B,AST-015,480,0,0,7,9.7,2352,2317
2026-09-19,C,AST-015,480,0,0,7,9.7,2328,2279
2026-09-20,A,AST-015,480,0,0,0,9.7,2388,2335
2026-09-20,B,AST-015,480,0,0,11,9.7,2486,2442
2026-09-20,C,AST-015,480,0,0,28,9.7,2285,2256
2026-09-21,A,AST-015,480,0,0,7,9.7,2408,2382
2026-09-21,B,AST-015,480,0,0,27,9.7,2269,2229
2026-09-21,C,AST-015,480,0,0,5,9.7,2467,2425
2026-09-22,A,AST-015,480,0,0,6,9.7,2339,2308
2026-09-22,B,AST-015,480,0,0,3,9.7,2547,2486
2026-09-22,C,AST-015,480,0,0,36,9.7,2221,2188
2026-09-23,A,AST-015,480,0,120,6,9.7,1776,1746
2026-09-23,B,AST-015,480,0,0,5,9.7,2441,2409
2026-09-23,C,AST-015,480,0,0,0,9.7,2493,2454
2026-09-24,A,AST-015,480,0,0,24,9.7,2280,2221
2026-09-24,B,AST-015,480,0,0,26,9.7,2266,2233
2026-09-24,C,AST-015,480,0,0,19,9.7,2508,2451
2026-09-25,A,AST-015,480,0,0,1,9.7,2543,2507
2026-09-25,B,AST-015,480,0,0,30,9.7,2448,2406
2026-09-25,C,AST-015,480,0,0,10,9.7,2427,2407
2026-09-26,A,AST-015,480,0,0,40,9.7,2164,2116
2026-09-26,B,AST-015,480,0,0,2,9.7,2597,2558
2026-09-26,C,AST-015,480,0,0,9,9.7,2166,2128
2026-09-27,A,AST-015,480,0,0,2,9.7,2277,2210
2026-09-27,B,AST-015,480,0,0,7,9.7,2362,2275
2026-09-27,C,AST-015,480,0,0,3,9.7,2276,2176
2026-09-28,A,AST-015,480,0,0,7,9.7,2285,2206
2026-09-28,B,AST-015,480,0,0,8,9.7,2281,2195
2026-06-01,A,AST-016,480,0,0,1,10.0,2421,2383
2026-06-01,B,AST-016,480,0,0,17,10.0,2209,2143
2026-06-01,C,AST-016,480,0,0,2,10.0,2393,2332
2026-06-02,A,AST-016,480,0,0,4,10.0,2472,2433
2026-06-02,B,AST-016,480,0,0,1,10.0,2377,2346
2026-06-02,C,AST-016,480,0,0,33,10.0,2154,2108
2026-06-03,A,AST-016,480,0,0,11,10.0,2404,2339
2026-06-03,B,AST-016,480,0,0,6,10.0,2297,2265
2026-06-03,C,AST-016,480,0,0,10,10.0,2423,2358
2026-06-04,A,AST-016,480,0,0,7,10.0,2456,2454
2026-06-04,B,AST-016,480,0,0,10,10.0,2331,2293
2026-06-04,C,AST-016,480,0,0,20,10.0,2271,2236
2026-06-05,A,AST-016,480,0,0,10,10.0,2423,2377
2026-06-05,B,AST-016,480,0,0,0,10.0,2478,2461
2026-06-05,C,AST-016,480,0,0,17,10.0,2312,2269
2026-06-06,A,AST-016,480,0,0,6,10.0,2581,2553
2026-06-06,B,AST-016,480,0,0,3,10.0,2419,2382
2026-06-06,C,AST-016,480,0,0,2,10.0,2369,2338
2026-06-07,A,AST-016,480,0,0,31,10.0,2101,2079
2026-06-07,B,AST-016,480,0,0,22,10.0,2331,2331
2026-06-07,C,AST-016,480,0,0,30,10.0,2147,2125
2026-06-08,A,AST-016,480,0,0,5,10.0,2348,2303
2026-06-08,B,AST-016,480,0,0,2,10.0,2335,2278
2026-06-08,C,AST-016,480,0,0,8,10.0,2380,2341
2026-06-09,A,AST-016,480,0,0,21,10.0,2441,2394
2026-06-09,B,AST-016,480,0,0,1,10.0,2428,2398
2026-06-09,C,AST-016,480,0,0,11,10.0,2279,2259
2026-06-10,A,AST-016,480,0,0,2,10.0,2341,2303
2026-06-10,B,AST-016,480,0,0,10,10.0,2314,2272
2026-06-10,C,AST-016,480,0,0,14,10.0,2147,2097
2026-06-11,A,AST-016,480,0,0,4,10.0,2414,2364
2026-06-11,B,AST-016,480,0,0,12,10.0,2405,2361
2026-06-11,C,AST-016,480,0,0,12,10.0,2268,2234
2026-06-12,A,AST-016,480,0,0,8,10.0,2364,2312
2026-06-12,B,AST-016,480,0,0,6,10.0,2461,2425
2026-06-12,C,AST-016,480,0,0,4,10.0,2448,2424
2026-06-13,A,AST-016,480,0,0,7,10.0,2310,2305
2026-06-13,B,AST-016,480,0,0,9,10.0,2458,2432
2026-06-13,C,AST-016,480,0,0,4,10.0,2451,2431
2026-06-14,A,AST-016,480,0,0,36,10.0,2199,2176
2026-06-14,B,AST-016,480,0,0,2,10.0,2416,2372
2026-06-14,C,AST-016,480,0,0,6,10.0,2222,2205
2026-06-15,A,AST-016,480,0,0,7,10.0,2243,2200
2026-06-15,B,AST-016,480,0,0,32,10.0,2295,2290
2026-06-15,C,AST-016,480,0,0,8,10.0,2274,2241
2026-06-16,A,AST-016,480,0,0,11,10.0,2267,2227
2026-06-16,B,AST-016,480,0,0,29,10.0,2260,2217
2026-06-16,C,AST-016,480,0,0,40,10.0,2059,2031
2026-06-17,A,AST-016,480,0,0,17,10.0,2366,2324
2026-06-17,B,AST-016,480,0,0,18,10.0,2301,2269
2026-06-17,C,AST-016,480,0,0,6,10.0,2422,2376
2026-06-18,A,AST-016,480,0,0,0,10.0,2428,2380
2026-06-18,B,AST-016,480,0,0,7,10.0,2427,2402
2026-06-18,C,AST-016,480,0,0,17,10.0,2376,2359
2026-06-19,A,AST-016,480,0,0,32,10.0,2330,2326
2026-06-19,B,AST-016,480,0,0,7,10.0,2454,2410
2026-06-19,C,AST-016,480,0,0,4,10.0,2234,2199
2026-06-20,A,AST-016,480,0,0,8,10.0,2598,2548
2026-06-20,B,AST-016,480,0,0,3,10.0,2375,2315
2026-06-20,C,AST-016,480,0,0,6,10.0,2387,2348
2026-06-21,A,AST-016,480,0,0,4,10.0,2443,2385
2026-06-21,B,AST-016,480,0,0,1,10.0,2506,2459
2026-06-21,C,AST-016,480,0,0,8,10.0,2411,2386
2026-06-22,A,AST-016,480,0,0,5,10.0,2310,2274
2026-06-22,B,AST-016,480,0,0,3,10.0,2416,2372
2026-06-22,C,AST-016,480,0,0,21,10.0,2470,2409
2026-06-23,A,AST-016,480,0,0,9,10.0,2311,2288
2026-06-23,B,AST-016,480,0,0,8,10.0,2462,2410
2026-06-23,C,AST-016,480,0,0,17,10.0,2235,2184
2026-06-24,A,AST-016,480,0,120,40,10.0,1531,1501
2026-06-24,B,AST-016,480,0,0,6,10.0,2296,2255
2026-06-24,C,AST-016,480,0,0,15,10.0,2350,2301
2026-06-25,A,AST-016,480,0,0,3,10.0,2359,2282
2026-06-25,B,AST-016,480,0,0,21,10.0,2235,2191
2026-06-25,C,AST-016,480,0,0,19,10.0,2106,2045
2026-06-26,A,AST-016,480,0,0,6,10.0,2043,1972
2026-06-26,B,AST-016,480,0,0,3,10.0,2260,2159
2026-06-26,C,AST-016,480,0,0,4,10.0,2312,2206
2026-06-27,A,AST-016,480,0,0,5,10.0,2175,2078
2026-06-27,B,AST-016,480,0,0,13,10.0,2082,1969
2026-06-27,C,AST-016,480,0,0,1,10.0,2241,2113
2026-06-28,A,AST-016,480,0,0,16,10.0,2049,1915
2026-06-28,B,AST-016,480,0,0,7,10.0,1924,1797
2026-06-28,C,AST-016,480,0,0,8,10.0,1971,1845
2026-06-29,A,AST-016,480,180,0,5,10.0,1357,1285
2026-06-29,B,AST-016,480,480,0,32,10.0,0,0
2026-06-29,C,AST-016,480,450,0,3,10.0,138,135
2026-06-30,A,AST-016,480,0,0,14,10.0,2332,2282
2026-06-30,B,AST-016,480,0,0,14,10.0,2459,2418
2026-06-30,C,AST-016,480,0,0,13,10.0,2441,2411
2026-07-01,A,AST-016,480,0,0,9,10.0,2406,2371
2026-07-01,B,AST-016,480,0,0,1,10.0,2472,2424
2026-07-01,C,AST-016,480,0,0,1,10.0,2470,2431
2026-07-02,A,AST-016,480,0,0,28,10.0,2267,2225
2026-07-02,B,AST-016,480,0,0,7,10.0,2309,2269
2026-07-02,C,AST-016,480,0,0,27,10.0,2268,2238
2026-07-03,A,AST-016,480,0,0,9,10.0,2584,2525
2026-07-03,B,AST-016,480,0,0,26,10.0,2150,2114
2026-07-03,C,AST-016,480,0,0,32,10.0,2342,2299
2026-07-04,A,AST-016,480,0,0,10,10.0,2263,2236
2026-07-04,B,AST-016,480,0,0,11,10.0,2374,2322
2026-07-04,C,AST-016,480,0,0,20,10.0,2319,2267
2026-07-05,A,AST-016,480,0,0,1,10.0,2433,2390
2026-07-05,B,AST-016,480,0,0,2,10.0,2420,2380
2026-07-05,C,AST-016,480,0,0,31,10.0,2432,2383
2026-07-06,A,AST-016,480,0,0,5,10.0,2306,2266
2026-07-06,B,AST-016,480,0,0,1,10.0,2315,2286
2026-07-06,C,AST-016,480,0,0,28,10.0,2136,2109
2026-07-07,A,AST-016,480,0,0,4,10.0,2325,2278
2026-07-07,B,AST-016,480,0,0,20,10.0,2451,2402
2026-07-07,C,AST-016,480,0,0,2,10.0,2237,2185
2026-07-08,A,AST-016,480,0,0,30,10.0,2220,2171
2026-07-08,B,AST-016,480,0,0,10,10.0,2427,2367
2026-07-08,C,AST-016,480,0,0,7,10.0,2522,2489
2026-07-09,A,AST-016,480,0,0,37,10.0,2174,2119
2026-07-09,B,AST-016,480,0,0,0,10.0,2393,2338
2026-07-09,C,AST-016,480,0,0,40,10.0,2243,2199
2026-07-10,A,AST-016,480,0,0,1,10.0,2440,2412
2026-07-10,B,AST-016,480,0,0,0,10.0,2583,2534
2026-07-10,C,AST-016,480,0,0,25,10.0,2385,2338
2026-07-11,A,AST-016,480,0,0,13,10.0,2338,2295
2026-07-11,B,AST-016,480,0,0,0,10.0,2437,2407
2026-07-11,C,AST-016,480,0,0,35,10.0,2109,2082
2026-07-12,A,AST-016,480,0,0,1,10.0,2342,2308
2026-07-12,B,AST-016,480,0,0,17,10.0,2365,2329
2026-07-12,C,AST-016,480,0,0,32,10.0,2391,2359
2026-07-13,A,AST-016,480,0,0,15,10.0,2391,2354
2026-07-13,B,AST-016,480,0,0,6,10.0,2522,2473
2026-07-13,C,AST-016,480,0,0,13,10.0,2515,2479
2026-07-14,A,AST-016,480,0,0,1,10.0,2471,2430
2026-07-14,B,AST-016,480,0,0,11,10.0,2389,2346
2026-07-14,C,AST-016,480,0,0,1,10.0,2356,2313
2026-07-15,A,AST-016,480,0,0,1,10.0,2394,2357
2026-07-15,B,AST-016,480,0,0,5,10.0,2391,2356
2026-07-15,C,AST-016,480,0,0,16,10.0,2351,2303
2026-07-16,A,AST-016,480,0,0,2,10.0,2659,2633
2026-07-16,B,AST-016,480,0,0,15,10.0,2354,2321
2026-07-16,C,AST-016,480,0,0,11,10.0,2449,2413
2026-07-17,A,AST-016,480,0,0,0,10.0,2527,2467
2026-07-17,B,AST-016,480,0,0,10,10.0,2355,2326
2026-07-17,C,AST-016,480,0,0,8,10.0,2507,2473
2026-07-18,A,AST-016,480,0,0,0,10.0,2379,2347
2026-07-18,B,AST-016,480,0,0,31,10.0,2431,2389
2026-07-18,C,AST-016,480,0,0,0,10.0,2393,2369
2026-07-19,A,AST-016,480,0,0,5,10.0,2525,2464
2026-07-19,B,AST-016,480,0,0,14,10.0,2291,2259
2026-07-19,C,AST-016,480,0,0,31,10.0,2205,2167
2026-07-20,A,AST-016,480,0,0,40,10.0,2277,2243
2026-07-20,B,AST-016,480,0,0,3,10.0,2426,2398
2026-07-20,C,AST-016,480,0,0,13,10.0,2358,2324
2026-07-21,A,AST-016,480,0,0,17,10.0,2236,2206
2026-07-21,B,AST-016,480,0,0,27,10.0,2349,2321
2026-07-21,C,AST-016,480,0,0,29,10.0,2344,2312
2026-07-22,A,AST-016,480,0,0,0,10.0,2291,2261
2026-07-22,B,AST-016,480,0,0,12,10.0,2445,2417
2026-07-22,C,AST-016,480,0,0,10,10.0,2409,2354
2026-07-23,A,AST-016,480,0,0,2,10.0,2411,2373
2026-07-23,B,AST-016,480,0,0,40,10.0,2122,2104
2026-07-23,C,AST-016,480,0,0,4,10.0,2428,2398
2026-07-24,A,AST-016,480,0,120,40,10.0,1637,1607
2026-07-24,B,AST-016,480,0,0,22,10.0,2341,2316
2026-07-24,C,AST-016,480,0,0,0,10.0,2425,2399
2026-07-25,A,AST-016,480,0,0,40,10.0,2150,2117
2026-07-25,B,AST-016,480,0,0,36,10.0,2210,2176
2026-07-25,C,AST-016,480,0,0,4,10.0,2221,2171
2026-07-26,A,AST-016,480,0,0,17,10.0,2251,2216
2026-07-26,B,AST-016,480,0,0,9,10.0,2371,2335
2026-07-26,C,AST-016,480,0,0,31,10.0,2203,2170
2026-07-27,A,AST-016,480,0,0,27,10.0,2399,2372
2026-07-27,B,AST-016,480,0,0,22,10.0,2279,2243
2026-07-27,C,AST-016,480,0,0,0,10.0,2507,2472
2026-07-28,A,AST-016,480,0,0,17,10.0,2223,2199
2026-07-28,B,AST-016,480,0,0,10,10.0,2401,2362
2026-07-28,C,AST-016,480,0,0,35,10.0,2191,2140
2026-07-29,A,AST-016,480,0,0,4,10.0,2413,2383
2026-07-29,B,AST-016,480,0,0,5,10.0,2362,2317
2026-07-29,C,AST-016,480,0,0,11,10.0,2450,2397
2026-07-30,A,AST-016,480,0,0,40,10.0,2361,2320
2026-07-30,B,AST-016,480,0,0,2,10.0,2225,2196
2026-07-30,C,AST-016,480,0,0,29,10.0,2238,2174
2026-07-31,A,AST-016,480,0,0,1,10.0,2376,2336
2026-07-31,B,AST-016,480,0,0,27,10.0,2266,2237
2026-07-31,C,AST-016,480,0,0,40,10.0,2234,2199
2026-08-01,A,AST-016,480,0,0,8,10.0,2304,2260
2026-08-01,B,AST-016,480,0,0,2,10.0,2362,2310
2026-08-01,C,AST-016,480,0,0,16,10.0,2468,2432
2026-08-02,A,AST-016,480,0,0,1,10.0,2497,2483
2026-08-02,B,AST-016,480,0,0,3,10.0,2503,2470
2026-08-02,C,AST-016,480,0,0,7,10.0,2263,2220
2026-08-03,A,AST-016,480,0,0,12,10.0,2501,2488
2026-08-03,B,AST-016,480,0,0,3,10.0,2260,2216
2026-08-03,C,AST-016,480,0,0,22,10.0,2491,2450
2026-08-04,A,AST-016,480,0,0,7,10.0,2301,2266
2026-08-04,B,AST-016,480,0,0,40,10.0,2155,2116
2026-08-04,C,AST-016,480,0,0,35,10.0,2293,2252
2026-08-05,A,AST-016,480,0,0,8,10.0,2451,2416
2026-08-05,B,AST-016,480,0,0,3,10.0,2482,2455
2026-08-05,C,AST-016,480,0,0,2,10.0,2438,2412
2026-08-06,A,AST-016,480,0,0,12,10.0,2374,2330
2026-08-06,B,AST-016,480,0,0,1,10.0,2408,2366
2026-08-06,C,AST-016,480,0,0,9,10.0,2364,2306
2026-08-07,A,AST-016,480,0,0,7,10.0,2318,2277
2026-08-07,B,AST-016,480,0,0,0,10.0,2426,2367
2026-08-07,C,AST-016,480,0,0,2,10.0,2500,2457
2026-08-08,A,AST-016,480,0,0,3,10.0,2454,2428
2026-08-08,B,AST-016,480,0,0,8,10.0,2374,2339
2026-08-08,C,AST-016,480,0,0,0,10.0,2542,2503
2026-08-09,A,AST-016,480,0,0,6,10.0,2389,2340
2026-08-09,B,AST-016,480,0,0,0,10.0,2376,2336
2026-08-09,C,AST-016,480,0,0,2,10.0,2445,2421
2026-08-10,A,AST-016,480,0,0,2,10.0,2360,2328
2026-08-10,B,AST-016,480,0,0,6,10.0,2453,2414
2026-08-10,C,AST-016,480,0,0,5,10.0,2427,2408
2026-08-11,A,AST-016,480,0,0,1,10.0,2435,2391
2026-08-11,B,AST-016,480,0,0,30,10.0,2351,2318
2026-08-11,C,AST-016,480,0,0,3,10.0,2468,2439
2026-08-12,A,AST-016,480,0,0,14,10.0,2421,2387
2026-08-12,B,AST-016,480,0,0,40,10.0,2308,2298
2026-08-12,C,AST-016,480,0,0,9,10.0,2395,2353
2026-08-13,A,AST-016,480,0,0,9,10.0,2299,2273
2026-08-13,B,AST-016,480,0,0,8,10.0,2280,2242
2026-08-13,C,AST-016,480,0,0,11,10.0,2449,2421
2026-08-14,A,AST-016,480,0,0,20,10.0,2363,2319
2026-08-14,B,AST-016,480,0,0,4,10.0,2383,2342
2026-08-14,C,AST-016,480,0,0,0,10.0,2435,2387
2026-08-15,A,AST-016,480,0,0,0,10.0,2428,2407
2026-08-15,B,AST-016,480,0,0,2,10.0,2358,2320
2026-08-15,C,AST-016,480,0,0,8,10.0,2367,2329
2026-08-16,A,AST-016,480,0,0,15,10.0,2359,2324
2026-08-16,B,AST-016,480,0,0,19,10.0,2288,2266
2026-08-16,C,AST-016,480,0,0,15,10.0,2353,2321
2026-08-17,A,AST-016,480,0,0,5,10.0,2287,2241
2026-08-17,B,AST-016,480,0,0,16,10.0,2387,2358
2026-08-17,C,AST-016,480,0,0,27,10.0,2321,2295
2026-08-18,A,AST-016,480,0,0,8,10.0,2272,2240
2026-08-18,B,AST-016,480,0,0,33,10.0,2208,2166
2026-08-18,C,AST-016,480,0,0,1,10.0,2388,2335
2026-08-19,A,AST-016,480,0,0,40,10.0,2081,2052
2026-08-19,B,AST-016,480,0,0,0,10.0,2424,2367
2026-08-19,C,AST-016,480,0,0,2,10.0,2297,2238
2026-08-20,A,AST-016,480,0,0,23,10.0,2183,2127
2026-08-20,B,AST-016,480,0,0,8,10.0,2298,2213
2026-08-20,C,AST-016,480,0,0,9,10.0,2182,2104
2026-08-21,A,AST-016,480,0,0,18,10.0,2123,2025
2026-08-21,B,AST-016,480,0,0,2,10.0,2070,1978
2026-08-21,C,AST-016,480,0,0,8,10.0,1933,1835
2026-08-22,A,AST-016,480,0,0,17,10.0,1988,1855
2026-08-22,B,AST-016,480,0,0,4,10.0,2019,1868
2026-08-22,C,AST-016,480,240,0,17,10.0,1043,1000
2026-08-23,A,AST-016,480,480,0,36,10.0,0,0
2026-08-23,B,AST-016,480,480,0,2,10.0,0,0
2026-08-23,C,AST-016,480,480,0,40,10.0,0,0
2026-08-24,A,AST-016,480,480,0,11,10.0,0,0
2026-08-24,B,AST-016,480,30,0,14,10.0,2291,2251
2026-08-24,C,AST-016,480,0,0,2,10.0,2408,2365
2026-08-25,A,AST-016,480,0,0,20,10.0,2213,2179
2026-08-25,B,AST-016,480,0,0,6,10.0,2430,2388
2026-08-25,C,AST-016,480,0,0,28,10.0,2225,2201
2026-08-26,A,AST-016,480,0,0,7,10.0,2446,2409
2026-08-26,B,AST-016,480,0,0,15,10.0,2300,2268
2026-08-26,C,AST-016,480,0,0,8,10.0,2231,2194
2026-08-27,A,AST-016,480,0,0,4,10.0,2492,2456
2026-08-27,B,AST-016,480,0,0,4,10.0,2486,2446
2026-08-27,C,AST-016,480,0,0,26,10.0,2384,2352
2026-08-28,A,AST-016,480,0,0,3,10.0,2397,2370
2026-08-28,B,AST-016,480,0,0,5,10.0,2352,2338
2026-08-28,C,AST-016,480,0,0,8,10.0,2510,2487
2026-08-29,A,AST-016,480,0,0,2,10.0,2398,2369
2026-08-29,B,AST-016,480,0,0,13,10.0,2260,2219
2026-08-29,C,AST-016,480,0,0,1,10.0,2424,2392
2026-08-30,A,AST-016,480,0,0,8,10.0,2356,2317
2026-08-30,B,AST-016,480,0,0,1,10.0,2381,2325
2026-08-30,C,AST-016,480,0,0,9,10.0,2386,2366
2026-08-31,A,AST-016,480,0,0,4,10.0,2514,2492
2026-08-31,B,AST-016,480,0,0,0,10.0,2417,2363
2026-08-31,C,AST-016,480,0,0,12,10.0,2505,2476
2026-09-01,A,AST-016,480,0,0,40,10.0,2198,2151
2026-09-01,B,AST-016,480,0,0,9,10.0,2573,2543
2026-09-01,C,AST-016,480,0,0,6,10.0,2407,2364
2026-09-02,A,AST-016,480,0,0,32,10.0,2070,2040
2026-09-02,B,AST-016,480,0,0,14,10.0,2401,2379
2026-09-02,C,AST-016,480,0,0,0,10.0,2428,2387
2026-09-03,A,AST-016,480,0,0,2,10.0,2503,2482
2026-09-03,B,AST-016,480,0,0,5,10.0,2411,2373
2026-09-03,C,AST-016,480,0,0,8,10.0,2443,2406
2026-09-04,A,AST-016,480,0,0,8,10.0,2388,2373
2026-09-04,B,AST-016,480,0,0,1,10.0,2363,2338
2026-09-04,C,AST-016,480,0,0,0,10.0,2424,2384
2026-09-05,A,AST-016,480,0,0,3,10.0,2213,2165
2026-09-05,B,AST-016,480,0,0,34,10.0,2176,2138
2026-09-05,C,AST-016,480,0,0,2,10.0,2364,2322
2026-09-06,A,AST-016,480,0,0,2,10.0,2456,2432
2026-09-06,B,AST-016,480,0,0,33,10.0,2425,2386
2026-09-06,C,AST-016,480,0,0,24,10.0,2341,2313
2026-09-07,A,AST-016,480,0,0,37,10.0,2244,2217
2026-09-07,B,AST-016,480,0,0,29,10.0,2340,2314
2026-09-07,C,AST-016,480,0,0,8,10.0,2572,2510
2026-09-08,A,AST-016,480,0,0,18,10.0,2273,2237
2026-09-08,B,AST-016,480,0,0,5,10.0,2327,2287
2026-09-08,C,AST-016,480,0,0,23,10.0,2249,2211
2026-09-09,A,AST-016,480,0,0,9,10.0,2232,2212
2026-09-09,B,AST-016,480,0,0,10,10.0,2438,2418
2026-09-09,C,AST-016,480,0,0,12,10.0,2432,2391
2026-09-10,A,AST-016,480,0,0,4,10.0,2271,2252
2026-09-10,B,AST-016,480,0,0,0,10.0,2298,2280
2026-09-10,C,AST-016,480,0,0,9,10.0,2360,2329
2026-09-11,A,AST-016,480,0,0,21,10.0,2226,2188
2026-09-11,B,AST-016,480,0,0,18,10.0,2275,2249
2026-09-11,C,AST-016,480,0,0,21,10.0,2135,2116
2026-09-12,A,AST-016,480,0,0,6,10.0,2552,2507
2026-09-12,B,AST-016,480,0,0,2,10.0,2506,2484
2026-09-12,C,AST-016,480,0,0,10,10.0,2437,2387
2026-09-13,A,AST-016,480,0,0,1,10.0,2333,2300
2026-09-13,B,AST-016,480,0,0,40,10.0,2093,2056
2026-09-13,C,AST-016,480,0,0,0,10.0,2364,2323
2026-09-14,A,AST-016,480,0,0,1,10.0,2293,2248
2026-09-14,B,AST-016,480,0,0,0,10.0,2396,2367
2026-09-14,C,AST-016,480,0,0,2,10.0,2425,2400
2026-09-15,A,AST-016,480,0,0,14,10.0,2353,2320
2026-09-15,B,AST-016,480,0,0,2,10.0,2521,2477
2026-09-15,C,AST-016,480,0,0,3,10.0,2501,2458
2026-09-16,A,AST-016,480,0,0,9,10.0,2397,2361
2026-09-16,B,AST-016,480,0,0,17,10.0,2244,2214
2026-09-16,C,AST-016,480,0,0,5,10.0,2310,2276
2026-09-17,A,AST-016,480,0,0,16,10.0,2386,2344
2026-09-17,B,AST-016,480,0,0,16,10.0,2278,2244
2026-09-17,C,AST-016,480,0,0,13,10.0,2428,2381
2026-09-18,A,AST-016,480,0,0,16,10.0,2324,2297
2026-09-18,B,AST-016,480,0,0,18,10.0,2302,2259
2026-09-18,C,AST-016,480,0,0,3,10.0,2395,2354
2026-09-19,A,AST-016,480,0,0,40,10.0,2162,2141
2026-09-19,B,AST-016,480,0,0,15,10.0,2499,2458
2026-09-19,C,AST-016,480,0,0,22,10.0,2252,2235
2026-09-20,A,AST-016,480,0,0,4,10.0,2435,2390
2026-09-20,B,AST-016,480,0,0,8,10.0,2382,2351
2026-09-20,C,AST-016,480,0,0,7,10.0,2363,2333
2026-09-21,A,AST-016,480,0,0,1,10.0,2356,2338
2026-09-21,B,AST-016,480,0,0,4,10.0,2516,2480
2026-09-21,C,AST-016,480,0,0,40,10.0,2240,2204
2026-09-22,A,AST-016,480,0,120,24,10.0,1704,1674
2026-09-22,B,AST-016,480,0,0,9,10.0,2307,2294
2026-09-22,C,AST-016,480,0,0,40,10.0,2281,2245
2026-09-23,A,AST-016,480,0,0,17,10.0,2363,2327
2026-09-23,B,AST-016,480,0,0,37,10.0,2163,2136
2026-09-23,C,AST-016,480,0,0,15,10.0,2285,2248
2026-09-24,A,AST-016,480,0,0,12,10.0,2460,2426
2026-09-24,B,AST-016,480,0,0,14,10.0,2383,2335
2026-09-24,C,AST-016,480,0,0,2,10.0,2433,2395
2026-09-25,A,AST-016,480,0,0,9,10.0,2416,2377
2026-09-25,B,AST-016,480,0,0,5,10.0,2237,2207
2026-09-25,C,AST-016,480,0,0,11,10.0,2326,2306
2026-09-26,A,AST-016,480,0,0,30,10.0,2279,2243
2026-09-26,B,AST-016,480,0,0,4,10.0,2572,2531
2026-09-26,C,AST-016,480,0,0,7,10.0,2267,2247
2026-09-27,A,AST-016,480,0,0,9,10.0,2450,2411
2026-09-27,B,AST-016,480,0,0,8,10.0,2402,2389
2026-09-27,C,AST-016,480,0,0,15,10.0,2390,2371
2026-09-28,A,AST-016,480,0,0,23,10.0,2377,2346
2026-09-28,B,AST-016,480,0,0,29,10.0,2365,2356
2026-06-01,A,AST-017,480,0,0,0,10.5,2252,2204
2026-06-01,B,AST-017,480,0,0,20,10.5,2131,2091
2026-06-01,C,AST-017,480,0,0,15,10.5,2195,2154
2026-06-02,A,AST-017,480,0,0,7,10.5,2231,2185
2026-06-02,B,AST-017,480,0,0,7,10.5,2264,2220
2026-06-02,C,AST-017,480,0,0,17,10.5,2106,2062
2026-06-03,A,AST-017,480,0,0,4,10.5,2430,2396
2026-06-03,B,AST-017,480,0,0,1,10.5,2286,2257
2026-06-03,C,AST-017,480,0,0,5,10.5,2275,2234
2026-06-04,A,AST-017,480,0,0,6,10.5,2243,2202
2026-06-04,B,AST-017,480,0,0,23,10.5,2186,2135
2026-06-04,C,AST-017,480,0,0,6,10.5,2422,2383
2026-06-05,A,AST-017,480,0,120,18,10.5,1643,1616
2026-06-05,B,AST-017,480,0,0,0,10.5,2267,2248
2026-06-05,C,AST-017,480,0,0,0,10.5,2404,2363
2026-06-06,A,AST-017,480,0,0,9,10.5,2324,2306
2026-06-06,B,AST-017,480,0,0,0,10.5,2213,2166
2026-06-06,C,AST-017,480,0,0,3,10.5,2356,2333
2026-06-07,A,AST-017,480,0,0,34,10.5,2129,2082
2026-06-07,B,AST-017,480,0,0,3,10.5,2263,2222
2026-06-07,C,AST-017,480,0,0,16,10.5,2233,2181
2026-06-08,A,AST-017,480,0,0,6,10.5,2189,2146
2026-06-08,B,AST-017,480,0,0,1,10.5,2440,2408
2026-06-08,C,AST-017,480,0,0,13,10.5,2293,2271
2026-06-09,A,AST-017,480,0,0,1,10.5,2369,2342
2026-06-09,B,AST-017,480,0,0,1,10.5,2244,2198
2026-06-09,C,AST-017,480,0,0,0,10.5,2369,2332
2026-06-10,A,AST-017,480,0,0,8,10.5,2407,2363
2026-06-10,B,AST-017,480,0,0,7,10.5,2272,2247
2026-06-10,C,AST-017,480,0,0,6,10.5,2273,2244
2026-06-11,A,AST-017,480,0,0,22,10.5,2200,2173
2026-06-11,B,AST-017,480,0,0,6,10.5,2329,2306
2026-06-11,C,AST-017,480,0,0,2,10.5,2198,2174
2026-06-12,A,AST-017,480,0,0,2,10.5,2321,2288
2026-06-12,B,AST-017,480,0,0,2,10.5,2185,2163
2026-06-12,C,AST-017,480,0,0,40,10.5,2146,2115
2026-06-13,A,AST-017,480,0,0,2,10.5,2205,2172
2026-06-13,B,AST-017,480,0,0,19,10.5,2165,2152
2026-06-13,C,AST-017,480,0,0,9,10.5,2275,2230
2026-06-14,A,AST-017,480,0,0,35,10.5,2065,2041
2026-06-14,B,AST-017,480,0,0,30,10.5,2259,2217
2026-06-14,C,AST-017,480,0,0,1,10.5,2310,2261
2026-06-15,A,AST-017,480,0,0,27,10.5,2261,2215
2026-06-15,B,AST-017,480,0,0,21,10.5,2156,2119
2026-06-15,C,AST-017,480,0,0,8,10.5,2194,2155
2026-06-16,A,AST-017,480,0,0,6,10.5,2334,2267
2026-06-16,B,AST-017,480,0,0,8,10.5,2347,2311
2026-06-16,C,AST-017,480,0,0,6,10.5,2347,2298
2026-06-17,A,AST-017,480,0,0,7,10.5,2267,2223
2026-06-17,B,AST-017,480,0,0,2,10.5,2248,2203
2026-06-17,C,AST-017,480,0,0,2,10.5,2289,2261
2026-06-18,A,AST-017,480,0,0,12,10.5,2223,2193
2026-06-18,B,AST-017,480,0,0,27,10.5,2107,2056
2026-06-18,C,AST-017,480,0,0,18,10.5,2193,2139
2026-06-19,A,AST-017,480,0,0,6,10.5,2058,2022
2026-06-19,B,AST-017,480,0,0,12,10.5,2240,2213
2026-06-19,C,AST-017,480,0,0,0,10.5,2213,2177
2026-06-20,A,AST-017,480,0,0,3,10.5,2327,2277
2026-06-20,B,AST-017,480,0,0,2,10.5,2325,2291
2026-06-20,C,AST-017,480,0,0,16,10.5,2197,2161
2026-06-21,A,AST-017,480,0,0,11,10.5,2283,2233
2026-06-21,B,AST-017,480,0,0,37,10.5,2145,2130
2026-06-21,C,AST-017,480,0,0,35,10.5,2090,2074
2026-06-22,A,AST-017,480,0,0,40,10.5,2119,2101
2026-06-22,B,AST-017,480,0,0,26,10.5,2188,2142
2026-06-22,C,AST-017,480,0,0,1,10.5,2279,2239
2026-06-23,A,AST-017,480,0,0,18,10.5,2196,2162
2026-06-23,B,AST-017,480,0,0,3,10.5,2470,2429
2026-06-23,C,AST-017,480,0,0,12,10.5,2110,2073
2026-06-24,A,AST-017,480,0,0,17,10.5,2264,2242
2026-06-24,B,AST-017,480,0,0,27,10.5,2262,2237
2026-06-24,C,AST-017,480,0,0,6,10.5,2193,2174
2026-06-25,A,AST-017,480,0,0,25,10.5,2062,2025
2026-06-25,B,AST-017,480,0,0,40,10.5,2070,2043
2026-06-25,C,AST-017,480,0,0,37,10.5,2083,2056
2026-06-26,A,AST-017,480,0,0,13,10.5,2202,2162
2026-06-26,B,AST-017,480,0,0,0,10.5,2342,2302
2026-06-26,C,AST-017,480,0,0,8,10.5,2196,2168
2026-06-27,A,AST-017,480,0,0,13,10.5,2274,2238
2026-06-27,B,AST-017,480,0,0,19,10.5,2160,2135
2026-06-27,C,AST-017,480,0,0,6,10.5,2334,2287
2026-06-28,A,AST-017,480,0,0,1,10.5,2264,2226
2026-06-28,B,AST-017,480,0,0,11,10.5,2271,2259
2026-06-28,C,AST-017,480,0,0,31,10.5,2294,2256
2026-06-29,A,AST-017,480,0,0,8,10.5,2267,2211
2026-06-29,B,AST-017,480,0,0,40,10.5,2154,2125
2026-06-29,C,AST-017,480,0,0,13,10.5,1975,1937
2026-06-30,A,AST-017,480,0,0,7,10.5,2392,2357
2026-06-30,B,AST-017,480,0,0,0,10.5,2238,2201
2026-06-30,C,AST-017,480,0,0,12,10.5,2208,2181
2026-07-01,A,AST-017,480,0,0,14,10.5,2258,2213
2026-07-01,B,AST-017,480,0,0,40,10.5,2111,2067
2026-07-01,C,AST-017,480,0,0,18,10.5,2325,2290
2026-07-02,A,AST-017,480,0,0,5,10.5,2195,2161
2026-07-02,B,AST-017,480,0,0,3,10.5,2185,2154
2026-07-02,C,AST-017,480,0,0,6,10.5,2327,2270
2026-07-03,A,AST-017,480,0,0,19,10.5,2214,2190
2026-07-03,B,AST-017,480,0,0,26,10.5,2121,2083
2026-07-03,C,AST-017,480,0,0,3,10.5,2176,2143
2026-07-04,A,AST-017,480,0,0,4,10.5,2212,2181
2026-07-04,B,AST-017,480,0,0,22,10.5,2242,2215
2026-07-04,C,AST-017,480,0,0,14,10.5,2246,2216
2026-07-05,A,AST-017,480,0,120,0,10.5,1722,1697
2026-07-05,B,AST-017,480,0,0,20,10.5,2136,2093
2026-07-05,C,AST-017,480,0,0,5,10.5,2280,2234
2026-07-06,A,AST-017,480,0,0,23,10.5,2167,2138
2026-07-06,B,AST-017,480,0,0,2,10.5,2194,2159
2026-07-06,C,AST-017,480,0,0,12,10.5,2212,2173
2026-07-07,A,AST-017,480,0,0,14,10.5,2234,2188
2026-07-07,B,AST-017,480,0,0,10,10.5,2217,2172
2026-07-07,C,AST-017,480,0,0,9,10.5,2346,2302
2026-07-08,A,AST-017,480,0,0,22,10.5,2067,2039
2026-07-08,B,AST-017,480,0,0,18,10.5,2362,2333
2026-07-08,C,AST-017,480,0,0,22,10.5,2103,2086
2026-07-09,A,AST-017,480,0,0,5,10.5,2225,2183
2026-07-09,B,AST-017,480,0,0,4,10.5,2326,2297
2026-07-09,C,AST-017,480,0,0,4,10.5,2345,2314
2026-07-10,A,AST-017,480,0,0,26,10.5,2259,2229
2026-07-10,B,AST-017,480,0,0,5,10.5,2224,2190
2026-07-10,C,AST-017,480,0,0,3,10.5,2220,2185
2026-07-11,A,AST-017,480,0,0,15,10.5,2244,2214
2026-07-11,B,AST-017,480,0,0,26,10.5,2194,2150
2026-07-11,C,AST-017,480,0,0,3,10.5,2254,2221
2026-07-12,A,AST-017,480,0,0,3,10.5,2330,2273
2026-07-12,B,AST-017,480,0,0,18,10.5,2226,2200
2026-07-12,C,AST-017,480,0,0,32,10.5,2193,2145
2026-07-13,A,AST-017,480,0,0,6,10.5,2268,2227
2026-07-13,B,AST-017,480,0,0,16,10.5,2274,2206
2026-07-13,C,AST-017,480,0,0,11,10.5,2286,2247
2026-07-14,A,AST-017,480,0,0,6,10.5,2307,2237
2026-07-14,B,AST-017,480,0,0,30,10.5,2021,1970
2026-07-14,C,AST-017,480,0,0,2,10.5,2110,2062
2026-07-15,A,AST-017,480,0,0,1,10.5,2244,2160
2026-07-15,B,AST-017,480,0,0,0,10.5,2157,2087
2026-07-15,C,AST-017,480,0,0,11,10.5,2070,1987
2026-07-16,A,AST-017,480,0,0,1,10.5,2117,2029
2026-07-16,B,AST-017,480,0,0,8,10.5,2141,2040
2026-07-16,C,AST-017,480,0,0,4,10.5,2093,1996
2026-07-17,A,AST-017,480,0,0,18,10.5,1999,1908
2026-07-17,B,AST-017,480,0,0,7,10.5,1919,1819
2026-07-17,C,AST-017,480,0,0,20,10.5,2012,1900
2026-07-18,A,AST-017,480,0,0,2,10.5,1983,1862
2026-07-18,B,AST-017,480,0,0,14,10.5,2025,1886
2026-07-18,C,AST-017,480,0,0,12,10.5,1844,1726
2026-07-19,A,AST-017,480,0,0,1,10.5,1827,1700
2026-07-19,B,AST-017,480,30,0,40,10.5,1723,1612
2026-07-19,C,AST-017,480,480,0,8,10.5,0,0
2026-07-20,A,AST-017,480,480,0,7,10.5,0,0
2026-07-20,B,AST-017,480,90,0,22,10.5,1743,1708
2026-07-20,C,AST-017,480,0,0,2,10.5,2171,2122
2026-07-21,A,AST-017,480,0,0,4,10.5,2190,2132
2026-07-21,B,AST-017,480,0,0,3,10.5,2162,2130
2026-07-21,C,AST-017,480,0,0,2,10.5,2412,2356
2026-07-22,A,AST-017,480,0,0,39,10.5,2089,2061
2026-07-22,B,AST-017,480,0,0,2,10.5,2334,2299
2026-07-22,C,AST-017,480,0,0,7,10.5,2160,2120
2026-07-23,A,AST-017,480,0,0,7,10.5,2287,2276
2026-07-23,B,AST-017,480,0,0,1,10.5,2284,2241
2026-07-23,C,AST-017,480,0,0,5,10.5,2226,2209
2026-07-24,A,AST-017,480,0,0,9,10.5,2229,2182
2026-07-24,B,AST-017,480,0,0,7,10.5,2222,2183
2026-07-24,C,AST-017,480,0,0,12,10.5,2263,2238
2026-07-25,A,AST-017,480,0,0,31,10.5,2110,2071
2026-07-25,B,AST-017,480,0,0,40,10.5,2174,2139
2026-07-25,C,AST-017,480,0,0,18,10.5,2274,2261
2026-07-26,A,AST-017,480,0,0,5,10.5,2180,2147
2026-07-26,B,AST-017,480,0,0,0,10.5,2347,2290
2026-07-26,C,AST-017,480,0,0,1,10.5,2360,2337
2026-07-27,A,AST-017,480,0,0,3,10.5,2319,2275
2026-07-27,B,AST-017,480,0,0,14,10.5,2420,2404
2026-07-27,C,AST-017,480,0,0,14,10.5,2246,2194
2026-07-28,A,AST-017,480,0,0,27,10.5,2216,2191
2026-07-28,B,AST-017,480,0,0,19,10.5,2247,2206
2026-07-28,C,AST-017,480,0,0,9,10.5,2047,2013
2026-07-29,A,AST-017,480,0,0,6,10.5,2133,2117
2026-07-29,B,AST-017,480,0,0,26,10.5,2135,2096
2026-07-29,C,AST-017,480,0,0,5,10.5,2335,2296
2026-07-30,A,AST-017,480,0,0,4,10.5,2328,2279
2026-07-30,B,AST-017,480,0,0,0,10.5,2237,2206
2026-07-30,C,AST-017,480,0,0,13,10.5,2210,2162
2026-07-31,A,AST-017,480,0,0,1,10.5,2599,2544
2026-07-31,B,AST-017,480,0,0,6,10.5,2177,2165
2026-07-31,C,AST-017,480,0,0,4,10.5,2199,2168
2026-08-01,A,AST-017,480,0,0,7,10.5,2275,2233
2026-08-01,B,AST-017,480,0,0,40,10.5,2242,2198
2026-08-01,C,AST-017,480,0,0,1,10.5,2314,2295
2026-08-02,A,AST-017,480,0,0,6,10.5,2166,2140
2026-08-02,B,AST-017,480,0,0,33,10.5,2220,2182
2026-08-02,C,AST-017,480,0,0,5,10.5,2550,2509
2026-08-03,A,AST-017,480,0,0,3,10.5,2388,2341
2026-08-03,B,AST-017,480,0,0,6,10.5,2422,2401
2026-08-03,C,AST-017,480,0,0,26,10.5,2082,2038
2026-08-04,A,AST-017,480,0,120,12,10.5,1667,1659
2026-08-04,B,AST-017,480,0,0,1,10.5,2309,2276
2026-08-04,C,AST-017,480,0,0,10,10.5,2324,2288
2026-08-05,A,AST-017,480,0,0,2,10.5,2404,2378
2026-08-05,B,AST-017,480,0,0,20,10.5,2101,2070
2026-08-05,C,AST-017,480,0,0,3,10.5,2173,2153
2026-08-06,A,AST-017,480,0,0,11,10.5,2320,2276
2026-08-06,B,AST-017,480,0,0,2,10.5,2243,2208
2026-08-06,C,AST-017,480,0,0,1,10.5,2219,2193
2026-08-07,A,AST-017,480,0,0,4,10.5,2190,2159
2026-08-07,B,AST-017,480,0,0,40,10.5,2159,2110
2026-08-07,C,AST-017,480,0,0,31,10.5,2187,2140
2026-08-08,A,AST-017,480,0,0,0,10.5,2276,2268
2026-08-08,B,AST-017,480,0,0,8,10.5,2272,2243
2026-08-08,C,AST-017,480,0,0,2,10.5,2263,2234
2026-08-09,A,AST-017,480,0,0,21,10.5,2223,2198
2026-08-09,B,AST-017,480,0,0,28,10.5,2127,2104
2026-08-09,C,AST-017,480,0,0,4,10.5,2353,2330
2026-08-10,A,AST-017,480,0,0,9,10.5,2319,2295
2026-08-10,B,AST-017,480,0,0,19,10.5,2407,2362
2026-08-10,C,AST-017,480,0,0,19,10.5,2252,2233
2026-08-11,A,AST-017,480,0,0,6,10.5,2257,2220
2026-08-11,B,AST-017,480,0,0,3,10.5,2357,2317
2026-08-11,C,AST-017,480,0,0,19,10.5,2325,2283
2026-08-12,A,AST-017,480,0,0,3,10.5,2373,2337
2026-08-12,B,AST-017,480,0,0,35,10.5,2232,2220
2026-08-12,C,AST-017,480,0,0,16,10.5,2269,2234
2026-08-13,A,AST-017,480,0,0,15,10.5,2170,2134
2026-08-13,B,AST-017,480,0,0,10,10.5,2357,2313
2026-08-13,C,AST-017,480,0,0,16,10.5,2123,2089
2026-08-14,A,AST-017,480,0,0,6,10.5,2196,2163
2026-08-14,B,AST-017,480,0,0,1,10.5,2317,2277
2026-08-14,C,AST-017,480,0,0,39,10.5,2102,2068
2026-08-15,A,AST-017,480,0,0,2,10.5,2187,2169
2026-08-15,B,AST-017,480,0,0,6,10.5,2243,2223
2026-08-15,C,AST-017,480,0,0,10,10.5,2168,2129
2026-08-16,A,AST-017,480,0,0,37,10.5,2112,2076
2026-08-16,B,AST-017,480,0,0,15,10.5,2158,2129
2026-08-16,C,AST-017,480,0,0,4,10.5,2338,2325
2026-08-17,A,AST-017,480,0,0,17,10.5,2265,2243
2026-08-17,B,AST-017,480,0,0,33,10.5,2052,2006
2026-08-17,C,AST-017,480,0,0,25,10.5,2047,2031
2026-08-18,A,AST-017,480,0,0,11,10.5,2165,2151
2026-08-18,B,AST-017,480,0,0,0,10.5,2476,2441
2026-08-18,C,AST-017,480,0,0,3,10.5,2154,2092
2026-08-19,A,AST-017,480,0,0,20,10.5,2237,2214
2026-08-19,B,AST-017,480,0,0,16,10.5,2232,2202
2026-08-19,C,AST-017,480,0,0,6,10.5,2473,2439
2026-08-20,A,AST-017,480,0,0,6,10.5,2311,2286
2026-08-20,B,AST-017,480,0,0,13,10.5,2310,2264
2026-08-20,C,AST-017,480,0,0,10,10.5,2288,2236
2026-08-21,A,AST-017,480,0,0,2,10.5,2348,2314
2026-08-21,B,AST-017,480,0,0,0,10.5,2278,2251
2026-08-21,C,AST-017,480,0,0,0,10.5,2496,2451
2026-08-22,A,AST-017,480,0,0,16,10.5,2239,2217
2026-08-22,B,AST-017,480,0,0,2,10.5,2301,2254
2026-08-22,C,AST-017,480,0,0,40,10.5,2198,2154
2026-08-23,A,AST-017,480,0,0,21,10.5,2083,2036
2026-08-23,B,AST-017,480,0,0,10,10.5,2262,2233
2026-08-23,C,AST-017,480,0,0,30,10.5,2176,2150
2026-08-24,A,AST-017,480,0,0,8,10.5,2271,2231
2026-08-24,B,AST-017,480,0,0,8,10.5,2129,2090
2026-08-24,C,AST-017,480,0,0,13,10.5,2470,2432
2026-08-25,A,AST-017,480,0,0,2,10.5,2246,2224
2026-08-25,B,AST-017,480,0,0,10,10.5,2244,2216
2026-08-25,C,AST-017,480,0,0,14,10.5,2325,2299
2026-08-26,A,AST-017,480,0,0,2,10.5,2278,2246
2026-08-26,B,AST-017,480,0,0,1,10.5,2186,2147
2026-08-26,C,AST-017,480,0,0,0,10.5,2365,2335
2026-08-27,A,AST-017,480,0,0,15,10.5,2160,2116
2026-08-27,B,AST-017,480,0,0,0,10.5,2267,2220
2026-08-27,C,AST-017,480,0,0,23,10.5,2220,2197
2026-08-28,A,AST-017,480,0,0,5,10.5,2215,2189
2026-08-28,B,AST-017,480,0,0,1,10.5,2339,2322
2026-08-28,C,AST-017,480,0,0,20,10.5,2261,2230
2026-08-29,A,AST-017,480,0,0,28,10.5,2244,2206
2026-08-29,B,AST-017,480,0,0,8,10.5,2274,2247
2026-08-29,C,AST-017,480,0,0,15,10.5,2313,2278
2026-08-30,A,AST-017,480,0,0,23,10.5,2093,2063
2026-08-30,B,AST-017,480,0,0,10,10.5,2312,2293
2026-08-30,C,AST-017,480,0,0,9,10.5,2235,2215
2026-08-31,A,AST-017,480,0,0,15,10.5,2131,2105
2026-08-31,B,AST-017,480,0,0,9,10.5,2328,2291
2026-08-31,C,AST-017,480,0,0,18,10.5,2086,2045
2026-09-01,A,AST-017,480,0,0,2,10.5,2307,2265
2026-09-01,B,AST-017,480,0,0,9,10.5,2228,2183
2026-09-01,C,AST-017,480,0,0,40,10.5,2072,2037
2026-09-02,A,AST-017,480,0,0,9,10.5,2309,2260
2026-09-02,B,AST-017,480,0,0,15,10.5,2253,2226
2026-09-02,C,AST-017,480,0,0,1,10.5,2237,2190
2026-09-03,A,AST-017,480,0,120,0,10.5,1713,1684
2026-09-03,B,AST-017,480,0,0,13,10.5,2271,2240
2026-09-03,C,AST-017,480,0,0,11,10.5,2279,2249
2026-09-04,A,AST-017,480,0,0,2,10.5,2288,2264
2026-09-04,B,AST-017,480,0,0,1,10.5,2221,2181
2026-09-04,C,AST-017,480,0,0,12,10.5,2264,2240
2026-09-05,A,AST-017,480,0,0,7,10.5,2177,2158
2026-09-05,B,AST-017,480,0,0,27,10.5,2337,2301
2026-09-05,C,AST-017,480,0,0,0,10.5,2295,2271
2026-09-06,A,AST-017,480,0,0,6,10.5,2279,2237
2026-09-06,B,AST-017,480,0,0,29,10.5,2217,2177
2026-09-06,C,AST-017,480,0,0,0,10.5,2227,2194
2026-09-07,A,AST-017,480,0,0,6,10.5,2278,2248
2026-09-07,B,AST-017,480,0,0,0,10.5,2398,2362
2026-09-07,C,AST-017,480,0,0,20,10.5,2222,2183
2026-09-08,A,AST-017,480,0,0,16,10.5,2206,2171
2026-09-08,B,AST-017,480,0,0,3,10.5,2365,2318
2026-09-08,C,AST-017,480,0,0,7,10.5,2285,2231
2026-09-09,A,AST-017,480,0,0,11,10.5,2173,2141
2026-09-09,B,AST-017,480,0,0,2,10.5,2240,2190
2026-09-09,C,AST-017,480,0,0,26,10.5,2021,1965
2026-09-10,A,AST-017,480,0,0,10,10.5,2226,2182
2026-09-10,B,AST-017,480,0,0,18,10.5,2210,2171
2026-09-10,C,AST-017,480,0,0,22,10.5,2101,2042
2026-09-11,A,AST-017,480,0,0,6,10.5,2308,2223
2026-09-11,B,AST-017,480,0,0,19,10.5,2206,2115
2026-09-11,C,AST-017,480,0,0,22,10.5,2079,2024
2026-09-12,A,AST-017,480,0,0,11,10.5,2112,2032
2026-09-12,B,AST-017,480,0,0,18,10.5,2050,1973
2026-09-12,C,AST-017,480,0,0,5,10.5,2150,2047
2026-09-13,A,AST-017,480,0,0,19,10.5,1951,1868
2026-09-13,B,AST-017,480,0,0,20,10.5,2050,1954
2026-09-13,C,AST-017,480,0,0,1,10.5,1850,1743
2026-09-14,A,AST-017,480,0,0,12,10.5,2046,1926
2026-09-14,B,AST-017,480,0,0,6,10.5,2078,1945
2026-09-14,C,AST-017,480,0,0,10,10.5,1846,1730
2026-09-15,A,AST-017,480,0,0,5,10.5,2034,1909
2026-09-15,B,AST-017,480,0,0,4,10.5,2022,1884
2026-09-15,C,AST-017,480,0,0,1,10.5,1909,1755
2026-09-16,A,AST-017,480,0,0,0,10.5,1842,1716
2026-09-16,B,AST-017,480,450,0,5,10.5,118,116
2026-09-16,C,AST-017,480,390,0,28,10.5,305,300
2026-09-17,A,AST-017,480,0,0,3,10.5,2275,2234
2026-09-17,B,AST-017,480,0,0,15,10.5,2270,2246
2026-09-17,C,AST-017,480,0,0,4,10.5,2279,2243
2026-09-18,A,AST-017,480,0,0,16,10.5,2208,2178
2026-09-18,B,AST-017,480,0,0,2,10.5,2259,2219
2026-09-18,C,AST-017,480,0,0,8,10.5,2251,2222
2026-09-19,A,AST-017,480,0,0,26,10.5,2261,2223
2026-09-19,B,AST-017,480,0,0,2,10.5,2407,2357
2026-09-19,C,AST-017,480,0,0,6,10.5,2272,2219
2026-09-20,A,AST-017,480,0,0,17,10.5,2243,2219
2026-09-20,B,AST-017,480,0,0,0,10.5,2329,2289
2026-09-20,C,AST-017,480,0,0,4,10.5,2429,2404
2026-09-21,A,AST-017,480,0,0,0,10.5,2244,2206
2026-09-21,B,AST-017,480,0,0,6,10.5,2221,2188
2026-09-21,C,AST-017,480,0,0,18,10.5,2177,2142
2026-09-22,A,AST-017,480,0,0,17,10.5,2110,2085
2026-09-22,B,AST-017,480,0,0,0,10.5,2204,2179
2026-09-22,C,AST-017,480,0,0,9,10.5,2281,2234
2026-09-23,A,AST-017,480,0,0,26,10.5,2174,2136
2026-09-23,B,AST-017,480,0,0,4,10.5,2285,2238
2026-09-23,C,AST-017,480,0,0,30,10.5,2189,2146
2026-09-24,A,AST-017,480,0,0,19,10.5,2377,2351
2026-09-24,B,AST-017,480,0,0,23,10.5,2237,2204
2026-09-24,C,AST-017,480,0,0,4,10.5,2338,2309
2026-09-25,A,AST-017,480,0,0,22,10.5,2146,2103
2026-09-25,B,AST-017,480,0,0,4,10.5,2142,2087
2026-09-25,C,AST-017,480,0,0,1,10.5,2337,2295
2026-09-26,A,AST-017,480,0,0,9,10.5,2210,2175
2026-09-26,B,AST-017,480,0,0,15,10.5,2271,2231
2026-09-26,C,AST-017,480,0,0,25,10.5,2094,2057
2026-09-27,A,AST-017,480,0,0,2,10.5,2237,2195
2026-09-27,B,AST-017,480,0,0,1,10.5,2331,2285
2026-09-27,C,AST-017,480,0,0,16,10.5,2216,2183
2026-09-28,A,AST-017,480,0,0,3,10.5,2223,2181
2026-09-28,B,AST-017,480,0,0,1,10.5,2291,2257
2026-06-01,A,AST-018,480,0,0,13,8.5,2742,2689
2026-06-01,B,AST-018,480,0,0,14,8.5,2748,2722
2026-06-01,C,AST-018,480,0,0,6,8.5,2904,2865
2026-06-02,A,AST-018,480,0,0,16,8.5,2872,2845
2026-06-02,B,AST-018,480,0,0,8,8.5,2669,2625
2026-06-02,C,AST-018,480,0,0,4,8.5,2741,2712
2026-06-03,A,AST-018,480,0,0,3,8.5,2691,2640
2026-06-03,B,AST-018,480,0,0,8,8.5,2777,2750
2026-06-03,C,AST-018,480,0,0,17,8.5,2793,2750
2026-06-04,A,AST-018,480,0,0,4,8.5,2767,2722
2026-06-04,B,AST-018,480,0,0,13,8.5,2785,2732
2026-06-04,C,AST-018,480,0,0,13,8.5,2941,2915
2026-06-05,A,AST-018,480,0,0,8,8.5,2839,2820
2026-06-05,B,AST-018,480,0,0,21,8.5,2843,2781
2026-06-05,C,AST-018,480,0,0,23,8.5,2690,2664
2026-06-06,A,AST-018,480,0,0,40,8.5,2640,2596
2026-06-06,B,AST-018,480,0,0,7,8.5,2884,2854
2026-06-06,C,AST-018,480,0,0,14,8.5,2700,2659
2026-06-07,A,AST-018,480,0,0,19,8.5,2722,2668
2026-06-07,B,AST-018,480,0,0,4,8.5,2819,2778
2026-06-07,C,AST-018,480,0,0,4,8.5,3071,3039
2026-06-08,A,AST-018,480,0,0,10,8.5,2923,2878
2026-06-08,B,AST-018,480,0,0,0,8.5,2859,2828
2026-06-08,C,AST-018,480,0,0,12,8.5,2696,2647
2026-06-09,A,AST-018,480,0,0,13,8.5,2731,2694
2026-06-09,B,AST-018,480,0,0,20,8.5,2568,2527
2026-06-09,C,AST-018,480,0,0,7,8.5,2847,2804
2026-06-10,A,AST-018,480,0,0,11,8.5,2693,2656
2026-06-10,B,AST-018,480,0,0,2,8.5,2976,2951
2026-06-10,C,AST-018,480,0,0,6,8.5,2964,2940
2026-06-11,A,AST-018,480,0,0,11,8.5,2596,2560
2026-06-11,B,AST-018,480,0,0,4,8.5,2783,2753
2026-06-11,C,AST-018,480,0,0,8,8.5,2888,2835
2026-06-12,A,AST-018,480,0,0,9,8.5,2878,2844
2026-06-12,B,AST-018,480,0,0,10,8.5,2847,2805
2026-06-12,C,AST-018,480,0,0,8,8.5,2791,2741
2026-06-13,A,AST-018,480,0,0,3,8.5,2786,2759
2026-06-13,B,AST-018,480,0,0,30,8.5,2897,2844
2026-06-13,C,AST-018,480,0,0,3,8.5,2710,2659
2026-06-14,A,AST-018,480,0,0,5,8.5,2700,2660
2026-06-14,B,AST-018,480,0,0,8,8.5,2907,2845
2026-06-14,C,AST-018,480,0,0,2,8.5,2899,2871
2026-06-15,A,AST-018,480,0,0,1,8.5,2729,2702
2026-06-15,B,AST-018,480,0,0,1,8.5,2703,2637
2026-06-15,C,AST-018,480,0,0,1,8.5,2677,2618
2026-06-16,A,AST-018,480,0,0,4,8.5,2718,2688
2026-06-16,B,AST-018,480,0,0,6,8.5,2837,2790
2026-06-16,C,AST-018,480,0,0,5,8.5,2505,2462
2026-06-17,A,AST-018,480,0,0,6,8.5,2653,2603
2026-06-17,B,AST-018,480,0,0,15,8.5,2694,2656
2026-06-17,C,AST-018,480,0,0,10,8.5,2842,2803
2026-06-18,A,AST-018,480,0,0,18,8.5,2873,2831
2026-06-18,B,AST-018,480,0,0,23,8.5,2558,2526
2026-06-18,C,AST-018,480,0,0,22,8.5,2709,2685
2026-06-19,A,AST-018,480,0,0,5,8.5,2932,2902
2026-06-19,B,AST-018,480,0,0,8,8.5,2960,2912
2026-06-19,C,AST-018,480,0,0,40,8.5,2602,2558
2026-06-20,A,AST-018,480,0,0,14,8.5,2818,2765
2026-06-20,B,AST-018,480,0,0,10,8.5,2959,2931
2026-06-20,C,AST-018,480,0,0,3,8.5,2880,2844
2026-06-21,A,AST-018,480,0,0,2,8.5,2926,2916
2026-06-21,B,AST-018,480,0,0,38,8.5,2447,2412
2026-06-21,C,AST-018,480,0,0,1,8.5,2831,2784
2026-06-22,A,AST-018,480,0,120,7,8.5,2035,2003
2026-06-22,B,AST-018,480,0,0,2,8.5,2833,2793
2026-06-22,C,AST-018,480,0,0,30,8.5,2833,2795
2026-06-23,A,AST-018,480,0,0,17,8.5,2803,2745
2026-06-23,B,AST-018,480,0,0,2,8.5,2850,2803
2026-06-23,C,AST-018,480,0,0,7,8.5,2855,2823
2026-06-24,A,AST-018,480,0,0,2,8.5,2982,2954
2026-06-24,B,AST-018,480,0,0,2,8.5,2898,2873
2026-06-24,C,AST-018,480,0,0,15,8.5,2686,2631
2026-06-25,A,AST-018,480,0,0,5,8.5,2825,2781
2026-06-25,B,AST-018,480,0,0,14,8.5,2799,2746
2026-06-25,C,AST-018,480,0,0,0,8.5,2804,2748
2026-06-26,A,AST-018,480,0,0,8,8.5,2858,2809
2026-06-26,B,AST-018,480,0,0,3,8.5,2746,2707
2026-06-26,C,AST-018,480,0,0,19,8.5,2816,2761
2026-06-27,A,AST-018,480,0,0,12,8.5,2673,2651
2026-06-27,B,AST-018,480,0,0,18,8.5,2648,2595
2026-06-27,C,AST-018,480,0,0,26,8.5,2553,2539
2026-06-28,A,AST-018,480,0,0,10,8.5,2826,2775
2026-06-28,B,AST-018,480,0,0,27,8.5,2674,2616
2026-06-28,C,AST-018,480,0,0,6,8.5,2656,2608
2026-06-29,A,AST-018,480,0,0,30,8.5,2921,2866
2026-06-29,B,AST-018,480,0,0,11,8.5,2795,2755
2026-06-29,C,AST-018,480,0,0,7,8.5,2735,2688
2026-06-30,A,AST-018,480,0,0,11,8.5,3052,2992
2026-06-30,B,AST-018,480,0,0,17,8.5,2823,2754
2026-06-30,C,AST-018,480,0,0,32,8.5,2508,2458
2026-07-01,A,AST-018,480,0,0,4,8.5,2962,2924
2026-07-01,B,AST-018,480,0,0,17,8.5,2793,2750
2026-07-01,C,AST-018,480,0,0,24,8.5,2599,2556
2026-07-02,A,AST-018,480,0,0,11,8.5,2787,2719
2026-07-02,B,AST-018,480,0,0,19,8.5,2703,2684
2026-07-02,C,AST-018,480,0,0,5,8.5,2597,2556
2026-07-03,A,AST-018,480,0,0,1,8.5,2916,2846
2026-07-03,B,AST-018,480,0,0,14,8.5,2846,2805
2026-07-03,C,AST-018,480,0,0,31,8.5,2616,2589
2026-07-04,A,AST-018,480,0,0,2,8.5,2864,2834
2026-07-04,B,AST-018,480,0,0,2,8.5,2723,2682
2026-07-04,C,AST-018,480,0,0,8,8.5,2811,2759
2026-07-05,A,AST-018,480,0,0,8,8.5,2707,2670
2026-07-05,B,AST-018,480,0,0,1,8.5,2764,2702
2026-07-05,C,AST-018,480,0,0,40,8.5,2536,2494
2026-07-06,A,AST-018,480,0,0,3,8.5,2783,2727
2026-07-06,B,AST-018,480,0,0,9,8.5,2783,2749
2026-07-06,C,AST-018,480,0,0,6,8.5,2894,2879
2026-07-07,A,AST-018,480,0,0,2,8.5,2709,2663
2026-07-07,B,AST-018,480,0,0,16,8.5,2772,2730
2026-07-07,C,AST-018,480,0,0,0,8.5,2680,2659
2026-07-08,A,AST-018,480,0,0,1,8.5,2740,2689
2026-07-08,B,AST-018,480,0,0,18,8.5,2615,2579
2026-07-08,C,AST-018,480,0,0,20,8.5,2833,2789
2026-07-09,A,AST-018,480,0,0,0,8.5,2950,2937
2026-07-09,B,AST-018,480,0,0,15,8.5,2779,2742
2026-07-09,C,AST-018,480,0,0,9,8.5,2869,2828
2026-07-10,A,AST-018,480,0,0,0,8.5,2820,2778
2026-07-10,B,AST-018,480,0,0,16,8.5,2783,2747
2026-07-10,C,AST-018,480,0,0,19,8.5,2713,2669
2026-07-11,A,AST-018,480,0,0,33,8.5,2779,2779
2026-07-11,B,AST-018,480,0,0,7,8.5,2805,2787
2026-07-11,C,AST-018,480,0,0,8,8.5,2816,2771
2026-07-12,A,AST-018,480,0,0,8,8.5,2492,2455
2026-07-12,B,AST-018,480,0,0,27,8.5,2643,2610
2026-07-12,C,AST-018,480,0,0,12,8.5,2769,2707
2026-07-13,A,AST-018,480,0,0,3,8.5,2864,2816
2026-07-13,B,AST-018,480,0,0,6,8.5,2809,2777
2026-07-13,C,AST-018,480,0,0,5,8.5,2858,2837
2026-07-14,A,AST-018,480,0,0,7,8.5,2621,2577
2026-07-14,B,AST-018,480,0,0,14,8.5,2819,2800
2026-07-14,C,AST-018,480,0,0,40,8.5,2596,2551
2026-07-15,A,AST-018,480,0,0,15,8.5,2636,2565
2026-07-15,B,AST-018,480,0,0,40,8.5,2616,2592
2026-07-15,C,AST-018,480,0,0,5,8.5,2841,2818
2026-07-16,A,AST-018,480,0,0,3,8.5,3014,2966
2026-07-16,B,AST-018,480,0,0,18,8.5,2831,2807
2026-07-16,C,AST-018,480,0,0,0,8.5,2958,2916
2026-07-17,A,AST-018,480,0,0,3,8.5,2903,2861
2026-07-17,B,AST-018,480,0,0,3,8.5,2968,2940
2026-07-17,C,AST-018,480,0,0,6,8.5,2796,2771
2026-07-18,A,AST-018,480,0,0,22,8.5,2774,2714
2026-07-18,B,AST-018,480,0,0,7,8.5,2736,2673
2026-07-18,C,AST-018,480,0,0,4,8.5,2831,2777
2026-07-19,A,AST-018,480,0,0,15,8.5,2668,2618
2026-07-19,B,AST-018,480,0,0,1,8.5,2883,2851
2026-07-19,C,AST-018,480,0,0,20,8.5,2769,2727
2026-07-20,A,AST-018,480,0,0,17,8.5,2895,2855
2026-07-20,B,AST-018,480,0,0,7,8.5,2835,2823
2026-07-20,C,AST-018,480,0,0,3,8.5,2686,2624
2026-07-21,A,AST-018,480,0,0,3,8.5,2880,2831
2026-07-21,B,AST-018,480,0,0,0,8.5,2827,2775
2026-07-21,C,AST-018,480,0,0,1,8.5,2753,2734
2026-07-22,A,AST-018,480,0,120,34,8.5,1906,1878
2026-07-22,B,AST-018,480,0,0,27,8.5,2770,2727
2026-07-22,C,AST-018,480,0,0,2,8.5,2941,2885
2026-07-23,A,AST-018,480,0,0,5,8.5,2720,2670
2026-07-23,B,AST-018,480,0,0,15,8.5,2722,2699
2026-07-23,C,AST-018,480,0,0,36,8.5,2574,2519
2026-07-24,A,AST-018,480,0,0,9,8.5,2743,2701
2026-07-24,B,AST-018,480,0,0,6,8.5,2772,2732
2026-07-24,C,AST-018,480,0,0,13,8.5,2787,2755
2026-07-25,A,AST-018,480,0,0,6,8.5,2842,2808
2026-07-25,B,AST-018,480,0,0,0,8.5,2870,2824
2026-07-25,C,AST-018,480,0,0,23,8.5,2747,2742
2026-07-26,A,AST-018,480,0,0,15,8.5,2805,2793
2026-07-26,B,AST-018,480,0,0,6,8.5,2865,2812
2026-07-26,C,AST-018,480,0,0,23,8.5,2729,2711
2026-07-27,A,AST-018,480,0,0,6,8.5,2834,2798
2026-07-27,B,AST-018,480,0,0,12,8.5,2885,2844
2026-07-27,C,AST-018,480,0,0,19,8.5,2891,2838
2026-07-28,A,AST-018,480,0,0,0,8.5,2932,2884
2026-07-28,B,AST-018,480,0,0,10,8.5,2663,2634
2026-07-28,C,AST-018,480,0,0,1,8.5,2947,2898
2026-07-29,A,AST-018,480,0,0,15,8.5,2735,2690
2026-07-29,B,AST-018,480,0,0,12,8.5,2890,2832
2026-07-29,C,AST-018,480,0,0,13,8.5,2703,2661
2026-07-30,A,AST-018,480,0,0,40,8.5,2524,2475
2026-07-30,B,AST-018,480,0,0,7,8.5,2829,2809
2026-07-30,C,AST-018,480,0,0,13,8.5,2791,2769
2026-07-31,A,AST-018,480,0,0,14,8.5,2911,2870
2026-07-31,B,AST-018,480,0,0,0,8.5,2880,2833
2026-07-31,C,AST-018,480,0,0,3,8.5,2902,2852
2026-08-01,A,AST-018,480,0,0,1,8.5,3098,3068
2026-08-01,B,AST-018,480,0,0,11,8.5,2860,2820
2026-08-01,C,AST-018,480,0,0,2,8.5,2941,2909
2026-08-02,A,AST-018,480,0,0,9,8.5,2703,2646
2026-08-02,B,AST-018,480,0,0,30,8.5,2730,2714
2026-08-02,C,AST-018,480,0,0,3,8.5,2744,2704
2026-08-03,A,AST-018,480,0,0,5,8.5,2765,2730
2026-08-03,B,AST-018,480,0,0,20,8.5,2567,2508
2026-08-03,C,AST-018,480,0,0,2,8.5,2646,2587
2026-08-04,A,AST-018,480,0,0,7,8.5,2899,2859
2026-08-04,B,AST-018,480,0,0,17,8.5,2640,2617
2026-08-04,C,AST-018,480,0,0,6,8.5,2633,2597
2026-08-05,A,AST-018,480,0,0,40,8.5,2638,2635
2026-08-05,B,AST-018,480,0,0,15,8.5,2737,2707
2026-08-05,C,AST-018,480,0,0,4,8.5,2798,2732
2026-08-06,A,AST-018,480,0,0,1,8.5,2867,2814
2026-08-06,B,AST-018,480,0,0,40,8.5,2658,2613
2026-08-06,C,AST-018,480,0,0,12,8.5,2703,2663
2026-08-07,A,AST-018,480,0,0,4,8.5,2722,2689
2026-08-07,B,AST-018,480,0,0,7,8.5,2825,2774
2026-08-07,C,AST-018,480,0,0,0,8.5,2954,2888
2026-08-08,A,AST-018,480,0,0,1,8.5,2947,2893
2026-08-08,B,AST-018,480,0,0,33,8.5,2902,2833
2026-08-08,C,AST-018,480,0,0,12,8.5,2873,2822
2026-08-09,A,AST-018,480,0,0,5,8.5,2815,2783
2026-08-09,B,AST-018,480,0,0,9,8.5,2742,2697
2026-08-09,C,AST-018,480,0,0,0,8.5,2893,2853
2026-08-10,A,AST-018,480,0,0,4,8.5,2814,2772
2026-08-10,B,AST-018,480,0,0,0,8.5,2834,2790
2026-08-10,C,AST-018,480,0,0,6,8.5,3044,3003
2026-08-11,A,AST-018,480,0,0,12,8.5,2829,2782
2026-08-11,B,AST-018,480,0,0,2,8.5,2816,2775
2026-08-11,C,AST-018,480,0,0,4,8.5,2777,2764
2026-08-12,A,AST-018,480,0,0,20,8.5,2743,2713
2026-08-12,B,AST-018,480,0,0,25,8.5,2783,2749
2026-08-12,C,AST-018,480,0,0,4,8.5,2782,2725
2026-08-13,A,AST-018,480,0,0,38,8.5,2534,2482
2026-08-13,B,AST-018,480,0,0,22,8.5,2618,2576
2026-08-13,C,AST-018,480,0,0,12,8.5,2878,2825
2026-08-14,A,AST-018,480,0,0,8,8.5,2865,2810
2026-08-14,B,AST-018,480,0,0,11,8.5,2736,2690
2026-08-14,C,AST-018,480,0,0,5,8.5,2919,2855
2026-08-15,A,AST-018,480,0,0,12,8.5,2954,2929
2026-08-15,B,AST-018,480,0,0,6,8.5,2847,2810
2026-08-15,C,AST-018,480,0,0,33,8.5,2711,2663
2026-08-16,A,AST-018,480,0,0,4,8.5,2846,2812
2026-08-16,B,AST-018,480,0,0,11,8.5,2817,2784
2026-08-16,C,AST-018,480,0,0,31,8.5,2704,2662
2026-08-17,A,AST-018,480,0,0,9,8.5,2754,2713
2026-08-17,B,AST-018,480,0,0,1,8.5,2775,2734
2026-08-17,C,AST-018,480,0,0,25,8.5,2845,2805
2026-08-18,A,AST-018,480,0,0,19,8.5,2817,2763
2026-08-18,B,AST-018,480,0,0,15,8.5,2888,2848
2026-08-18,C,AST-018,480,0,0,3,8.5,2821,2769
2026-08-19,A,AST-018,480,0,0,18,8.5,2948,2898
2026-08-19,B,AST-018,480,0,0,1,8.5,2877,2854
2026-08-19,C,AST-018,480,0,0,2,8.5,2999,2967
2026-08-20,A,AST-018,480,0,0,7,8.5,2926,2886
2026-08-20,B,AST-018,480,0,0,33,8.5,2812,2780
2026-08-20,C,AST-018,480,0,0,4,8.5,2909,2886
2026-08-21,A,AST-018,480,0,120,7,8.5,2085,2045
2026-08-21,B,AST-018,480,0,0,9,8.5,2839,2806
2026-08-21,C,AST-018,480,0,0,10,8.5,2703,2647
2026-08-22,A,AST-018,480,0,0,5,8.5,2812,2758
2026-08-22,B,AST-018,480,0,0,36,8.5,2480,2436
2026-08-22,C,AST-018,480,0,0,16,8.5,2876,2833
2026-08-23,A,AST-018,480,0,0,3,8.5,2856,2796
2026-08-23,B,AST-018,480,0,0,0,8.5,2901,2847
2026-08-23,C,AST-018,480,0,0,30,8.5,2564,2522
2026-08-24,A,AST-018,480,0,0,4,8.5,2902,2846
2026-08-24,B,AST-018,480,0,0,8,8.5,2882,2849
2026-08-24,C,AST-018,480,0,0,14,8.5,2820,2769
2026-08-25,A,AST-018,480,0,0,14,8.5,2792,2722
2026-08-25,B,AST-018,480,0,0,4,8.5,2845,2823
2026-08-25,C,AST-018,480,0,0,8,8.5,2763,2733
2026-08-26,A,AST-018,480,0,0,3,8.5,2788,2749
2026-08-26,B,AST-018,480,0,0,6,8.5,3014,2980
2026-08-26,C,AST-018,480,0,0,13,8.5,2798,2746
2026-08-27,A,AST-018,480,0,0,2,8.5,2833,2776
2026-08-27,B,AST-018,480,0,0,36,8.5,2704,2658
2026-08-27,C,AST-018,480,0,0,1,8.5,2930,2919
2026-08-28,A,AST-018,480,0,0,16,8.5,2697,2648
2026-08-28,B,AST-018,480,0,0,11,8.5,2862,2814
2026-08-28,C,AST-018,480,0,0,22,8.5,2751,2691
2026-08-29,A,AST-018,480,0,0,1,8.5,2770,2737
2026-08-29,B,AST-018,480,0,0,12,8.5,2673,2635
2026-08-29,C,AST-018,480,0,0,24,8.5,2767,2718
2026-08-30,A,AST-018,480,0,0,13,8.5,2783,2748
2026-08-30,B,AST-018,480,0,0,14,8.5,2704,2654
2026-08-30,C,AST-018,480,0,0,13,8.5,2526,2512
2026-08-31,A,AST-018,480,0,0,3,8.5,2944,2888
2026-08-31,B,AST-018,480,0,0,5,8.5,2917,2877
2026-08-31,C,AST-018,480,0,0,15,8.5,2621,2579
2026-09-01,A,AST-018,480,0,0,1,8.5,2738,2694
2026-09-01,B,AST-018,480,0,0,3,8.5,2647,2611
2026-09-01,C,AST-018,480,0,0,8,8.5,2825,2785
2026-09-02,A,AST-018,480,0,0,5,8.5,2952,2900
2026-09-02,B,AST-018,480,0,0,11,8.5,2779,2734
2026-09-02,C,AST-018,480,0,0,36,8.5,2550,2496
2026-09-03,A,AST-018,480,0,0,13,8.5,2761,2741
2026-09-03,B,AST-018,480,0,0,8,8.5,2846,2803
2026-09-03,C,AST-018,480,0,0,3,8.5,2806,2748
2026-09-04,A,AST-018,480,0,0,25,8.5,2702,2675
2026-09-04,B,AST-018,480,0,0,40,8.5,2525,2498
2026-09-04,C,AST-018,480,0,0,0,8.5,2842,2789
2026-09-05,A,AST-018,480,0,0,0,8.5,2919,2857
2026-09-05,B,AST-018,480,0,0,19,8.5,2664,2633
2026-09-05,C,AST-018,480,0,0,5,8.5,2708,2692
2026-09-06,A,AST-018,480,0,0,3,8.5,2999,2945
2026-09-06,B,AST-018,480,0,0,5,8.5,2733,2671
2026-09-06,C,AST-018,480,0,0,40,8.5,2629,2585
2026-09-07,A,AST-018,480,0,0,18,8.5,2761,2714
2026-09-07,B,AST-018,480,0,0,3,8.5,2845,2811
2026-09-07,C,AST-018,480,0,0,18,8.5,2811,2766
2026-09-08,A,AST-018,480,0,0,15,8.5,2738,2688
2026-09-08,B,AST-018,480,0,0,21,8.5,2640,2604
2026-09-08,C,AST-018,480,0,0,9,8.5,2726,2665
2026-09-09,A,AST-018,480,0,0,0,8.5,2976,2917
2026-09-09,B,AST-018,480,0,0,15,8.5,2784,2742
2026-09-09,C,AST-018,480,0,0,11,8.5,2705,2649
2026-09-10,A,AST-018,480,0,0,9,8.5,2832,2787
2026-09-10,B,AST-018,480,0,0,40,8.5,2559,2550
2026-09-10,C,AST-018,480,0,0,1,8.5,2835,2792
2026-09-11,A,AST-018,480,0,0,24,8.5,2584,2572
2026-09-11,B,AST-018,480,0,0,10,8.5,2756,2707
2026-09-11,C,AST-018,480,0,0,5,8.5,2917,2888
2026-09-12,A,AST-018,480,0,0,15,8.5,2649,2614
2026-09-12,B,AST-018,480,0,0,7,8.5,2884,2845
2026-09-12,C,AST-018,480,0,0,2,8.5,2747,2719
2026-09-13,A,AST-018,480,0,0,40,8.5,2647,2614
2026-09-13,B,AST-018,480,0,0,12,8.5,2675,2643
2026-09-13,C,AST-018,480,0,0,13,8.5,2751,2691
2026-09-14,A,AST-018,480,0,0,9,8.5,2778,2732
2026-09-14,B,AST-018,480,0,0,14,8.5,2904,2858
2026-09-14,C,AST-018,480,0,0,22,8.5,2772,2733
2026-09-15,A,AST-018,480,0,0,16,8.5,2770,2728
2026-09-15,B,AST-018,480,0,0,22,8.5,2610,2586
2026-09-15,C,AST-018,480,0,0,16,8.5,2652,2613
2026-09-16,A,AST-018,480,0,0,10,8.5,2649,2615
2026-09-16,B,AST-018,480,0,0,5,8.5,2912,2862
2026-09-16,C,AST-018,480,0,0,21,8.5,2695,2667
2026-09-17,A,AST-018,480,0,0,0,8.5,2775,2733
2026-09-17,B,AST-018,480,0,0,5,8.5,2833,2758
2026-09-17,C,AST-018,480,0,0,15,8.5,2741,2680
2026-09-18,A,AST-018,480,0,0,39,8.5,2480,2451
2026-09-18,B,AST-018,480,0,0,21,8.5,2667,2619
2026-09-18,C,AST-018,480,0,0,18,8.5,2773,2740
2026-09-19,A,AST-018,480,0,0,11,8.5,2723,2689
2026-09-19,B,AST-018,480,0,0,10,8.5,2817,2790
2026-09-19,C,AST-018,480,0,0,40,8.5,2743,2714
2026-09-20,A,AST-018,480,0,120,1,8.5,2227,2196
2026-09-20,B,AST-018,480,0,0,40,8.5,2595,2557
2026-09-20,C,AST-018,480,0,0,13,8.5,2673,2601
2026-09-21,A,AST-018,480,0,0,4,8.5,3017,2976
2026-09-21,B,AST-018,480,0,0,10,8.5,2798,2767
2026-09-21,C,AST-018,480,0,0,30,8.5,2458,2408
2026-09-22,A,AST-018,480,0,0,21,8.5,2541,2505
2026-09-22,B,AST-018,480,0,0,9,8.5,2734,2721
2026-09-22,C,AST-018,480,0,0,14,8.5,2760,2710
2026-09-23,A,AST-018,480,0,0,23,8.5,2809,2774
2026-09-23,B,AST-018,480,0,0,3,8.5,2854,2818
2026-09-23,C,AST-018,480,0,0,15,8.5,2823,2764
2026-09-24,A,AST-018,480,0,0,2,8.5,2762,2713
2026-09-24,B,AST-018,480,0,0,3,8.5,2671,2617
2026-09-24,C,AST-018,480,0,0,2,8.5,2811,2761
2026-09-25,A,AST-018,480,0,0,19,8.5,2597,2560
2026-09-25,B,AST-018,480,0,0,2,8.5,2874,2846
2026-09-25,C,AST-018,480,0,0,10,8.5,2698,2649
2026-09-26,A,AST-018,480,0,0,15,8.5,2704,2648
2026-09-26,B,AST-018,480,0,0,0,8.5,3015,2968
2026-09-26,C,AST-018,480,0,0,2,8.5,2713,2658
2026-09-27,A,AST-018,480,0,0,29,8.5,2629,2585
2026-09-27,B,AST-018,480,0,0,9,8.5,2785,2738
2026-09-27,C,AST-018,480,0,0,3,8.5,2627,2574
2026-09-28,A,AST-018,480,0,0,0,8.5,2950,2924
2026-09-28,B,AST-018,480,0,0,1,8.5,2845,2788
2026-06-01,A,AST-019,480,0,0,6,8.0,2971,2938
2026-06-01,B,AST-019,480,0,0,40,8.0,2665,2607
2026-06-01,C,AST-019,480,0,0,17,8.0,2930,2885
2026-06-02,A,AST-019,480,0,0,37,8.0,2746,2713
2026-06-02,B,AST-019,480,0,0,13,8.0,2967,2927
2026-06-02,C,AST-019,480,0,0,3,8.0,2840,2793
2026-06-03,A,AST-019,480,0,0,14,8.0,2808,2750
2026-06-03,B,AST-019,480,0,0,27,8.0,3040,2999
2026-06-03,C,AST-019,480,0,0,0,8.0,2876,2833
2026-06-04,A,AST-019,480,0,0,5,8.0,3225,3204
2026-06-04,B,AST-019,480,0,0,40,8.0,2630,2589
2026-06-04,C,AST-019,480,0,0,2,8.0,2906,2832
2026-06-05,A,AST-019,480,0,0,0,8.0,3077,3039
2026-06-05,B,AST-019,480,0,0,2,8.0,3031,2977
2026-06-05,C,AST-019,480,0,0,7,8.0,2822,2794
2026-06-06,A,AST-019,480,0,0,40,8.0,2794,2741
2026-06-06,B,AST-019,480,0,0,0,8.0,3274,3246
2026-06-06,C,AST-019,480,0,0,11,8.0,3011,2969
2026-06-07,A,AST-019,480,0,0,13,8.0,2893,2846
2026-06-07,B,AST-019,480,0,0,29,8.0,2745,2684
2026-06-07,C,AST-019,480,0,0,7,8.0,2982,2935
2026-06-08,A,AST-019,480,0,0,4,8.0,3001,2936
2026-06-08,B,AST-019,480,0,0,3,8.0,3014,2970
2026-06-08,C,AST-019,480,0,0,2,8.0,3055,3043
2026-06-09,A,AST-019,480,0,0,1,8.0,2943,2912
2026-06-09,B,AST-019,480,0,0,40,8.0,2813,2780
2026-06-09,C,AST-019,480,0,0,22,8.0,2841,2776
2026-06-10,A,AST-019,480,0,0,9,8.0,2981,2939
2026-06-10,B,AST-019,480,0,0,11,8.0,2926,2890
2026-06-10,C,AST-019,480,0,0,8,8.0,2854,2819
2026-06-11,A,AST-019,480,0,0,4,8.0,2960,2935
2026-06-11,B,AST-019,480,0,0,24,8.0,2741,2707
2026-06-11,C,AST-019,480,0,0,40,8.0,2882,2833
2026-06-12,A,AST-019,480,0,0,15,8.0,2852,2800
2026-06-12,B,AST-019,480,0,0,11,8.0,3120,3089
2026-06-12,C,AST-019,480,0,0,18,8.0,2881,2817
2026-06-13,A,AST-019,480,0,0,21,8.0,2934,2910
2026-06-13,B,AST-019,480,0,0,30,8.0,2729,2675
2026-06-13,C,AST-019,480,0,0,0,8.0,3021,2975
2026-06-14,A,AST-019,480,0,0,24,8.0,2823,2765
2026-06-14,B,AST-019,480,0,0,5,8.0,3058,2982
2026-06-14,C,AST-019,480,0,0,1,8.0,3148,3120
2026-06-15,A,AST-019,480,0,0,14,8.0,2991,2932
2026-06-15,B,AST-019,480,0,0,23,8.0,2848,2812
2026-06-15,C,AST-019,480,0,0,14,8.0,2832,2784
2026-06-16,A,AST-019,480,0,0,8,8.0,2800,2756
2026-06-16,B,AST-019,480,0,0,6,8.0,3096,3050
2026-06-16,C,AST-019,480,0,0,6,8.0,3005,2960
2026-06-17,A,AST-019,480,0,0,40,8.0,2774,2741
2026-06-17,B,AST-019,480,0,0,12,8.0,2967,2923
2026-06-17,C,AST-019,480,0,0,6,8.0,2946,2879
2026-06-18,A,AST-019,480,0,0,5,8.0,2945,2901
2026-06-18,B,AST-019,480,0,0,24,8.0,2923,2878
2026-06-18,C,AST-019,480,0,0,26,8.0,2938,2903
2026-06-19,A,AST-019,480,0,0,18,8.0,3127,3091
2026-06-19,B,AST-019,480,0,0,26,8.0,2777,2749
2026-06-19,C,AST-019,480,0,0,23,8.0,2913,2848
2026-06-20,A,AST-019,480,0,120,4,8.0,2126,2075
2026-06-20,B,AST-019,480,0,0,10,8.0,3030,2965
2026-06-20,C,AST-019,480,0,0,1,8.0,3025,2993
2026-06-21,A,AST-019,480,0,0,15,8.0,2834,2788
2026-06-21,B,AST-019,480,0,0,26,8.0,2978,2921
2026-06-21,C,AST-019,480,0,0,24,8.0,2868,2834
2026-06-22,A,AST-019,480,0,0,27,8.0,2695,2669
2026-06-22,B,AST-019,480,0,0,9,8.0,3138,3081
2026-06-22,C,AST-019,480,0,0,7,8.0,3021,2991
2026-06-23,A,AST-019,480,0,0,3,8.0,3131,3064
2026-06-23,B,AST-019,480,0,0,0,8.0,3089,3061
2026-06-23,C,AST-019,480,0,0,20,8.0,3001,2971
2026-06-24,A,AST-019,480,0,0,35,8.0,2770,2735
2026-06-24,B,AST-019,480,0,0,3,8.0,3042,2994
2026-06-24,C,AST-019,480,0,0,29,8.0,2927,2860
2026-06-25,A,AST-019,480,0,0,18,8.0,2975,2933
2026-06-25,B,AST-019,480,0,0,6,8.0,2839,2818
2026-06-25,C,AST-019,480,0,0,8,8.0,2932,2857
2026-06-26,A,AST-019,480,0,0,7,8.0,3089,3032
2026-06-26,B,AST-019,480,0,0,40,8.0,2824,2790
2026-06-26,C,AST-019,480,0,0,3,8.0,3004,2974
2026-06-27,A,AST-019,480,0,0,13,8.0,2975,2930
2026-06-27,B,AST-019,480,0,0,10,8.0,3108,3083
2026-06-27,C,AST-019,480,0,0,40,8.0,2806,2762
2026-06-28,A,AST-019,480,0,0,11,8.0,3154,3093
2026-06-28,B,AST-019,480,0,0,18,8.0,3002,2966
2026-06-28,C,AST-019,480,0,0,3,8.0,3045,3011
2026-06-29,A,AST-019,480,0,0,4,8.0,3035,2958
2026-06-29,B,AST-019,480,0,0,5,8.0,3020,2986
2026-06-29,C,AST-019,480,0,0,9,8.0,2961,2910
2026-06-30,A,AST-019,480,0,0,6,8.0,2910,2867
2026-06-30,B,AST-019,480,0,0,40,8.0,2936,2915
2026-06-30,C,AST-019,480,0,0,7,8.0,2862,2841
2026-07-01,A,AST-019,480,0,0,40,8.0,2696,2654
2026-07-01,B,AST-019,480,0,0,9,8.0,3060,2986
2026-07-01,C,AST-019,480,0,0,22,8.0,2887,2863
2026-07-02,A,AST-019,480,0,0,40,8.0,2744,2728
2026-07-02,B,AST-019,480,0,0,9,8.0,2932,2899
2026-07-02,C,AST-019,480,0,0,6,8.0,3154,3112
2026-07-03,A,AST-019,480,0,0,3,8.0,2815,2771
2026-07-03,B,AST-019,480,0,0,4,8.0,3058,3020
2026-07-03,C,AST-019,480,0,0,10,8.0,3106,3075
2026-07-04,A,AST-019,480,0,0,13,8.0,2970,2912
2026-07-04,B,AST-019,480,0,0,25,8.0,2901,2880
2026-07-04,C,AST-019,480,0,0,2,8.0,3163,3107
2026-07-05,A,AST-019,480,0,0,1,8.0,2904,2849
2026-07-05,B,AST-019,480,0,0,10,8.0,2838,2820
2026-07-05,C,AST-019,480,0,0,11,8.0,2969,2932
2026-07-06,A,AST-019,480,0,0,40,8.0,2805,2757
2026-07-06,B,AST-019,480,0,0,20,8.0,2885,2844
2026-07-06,C,AST-019,480,0,0,36,8.0,2849,2765
2026-07-07,A,AST-019,480,0,0,1,8.0,2962,2904
2026-07-07,B,AST-019,480,0,0,18,8.0,2866,2802
2026-07-07,C,AST-019,480,0,0,24,8.0,3016,2979
2026-07-08,A,AST-019,480,0,0,1,8.0,3078,3042
2026-07-08,B,AST-019,480,0,0,23,8.0,2898,2865
2026-07-08,C,AST-019,480,0,0,5,8.0,2778,2722
2026-07-09,A,AST-019,480,0,0,18,8.0,2957,2920
2026-07-09,B,AST-019,480,0,0,31,8.0,2687,2627
2026-07-09,C,AST-019,480,0,0,6,8.0,2888,2833
2026-07-10,A,AST-019,480,0,0,12,8.0,3126,3068
2026-07-10,B,AST-019,480,0,0,29,8.0,2751,2702
2026-07-10,C,AST-019,480,0,0,4,8.0,2797,2742
2026-07-11,A,AST-019,480,0,0,15,8.0,2827,2764
2026-07-11,B,AST-019,480,0,0,2,8.0,3109,3062
2026-07-11,C,AST-019,480,0,0,37,8.0,2778,2749
2026-07-12,A,AST-019,480,0,0,16,8.0,2777,2741
2026-07-12,B,AST-019,480,0,0,9,8.0,2764,2713
2026-07-12,C,AST-019,480,0,0,1,8.0,2924,2901
2026-07-13,A,AST-019,480,0,0,17,8.0,2854,2808
2026-07-13,B,AST-019,480,0,0,5,8.0,2903,2875
2026-07-13,C,AST-019,480,0,0,40,8.0,2798,2757
2026-07-14,A,AST-019,480,0,0,2,8.0,2661,2614
2026-07-14,B,AST-019,480,0,0,4,8.0,3008,2953
2026-07-14,C,AST-019,480,0,0,25,8.0,2976,2954
2026-07-15,A,AST-019,480,0,0,3,8.0,2907,2885
2026-07-15,B,AST-019,480,0,0,12,8.0,2899,2855
2026-07-15,C,AST-019,480,0,0,40,8.0,2757,2712
2026-07-16,A,AST-019,480,0,0,3,8.0,2954,2924
2026-07-16,B,AST-019,480,0,0,26,8.0,2816,2754
2026-07-16,C,AST-019,480,0,0,3,8.0,3154,3117
2026-07-17,A,AST-019,480,0,0,15,8.0,2948,2888
2026-07-17,B,AST-019,480,0,0,7,8.0,3019,2999
2026-07-17,C,AST-019,480,0,0,8,8.0,2926,2876
2026-07-18,A,AST-019,480,0,0,34,8.0,2731,2682
2026-07-18,B,AST-019,480,0,0,14,8.0,2788,2768
2026-07-18,C,AST-019,480,0,0,1,8.0,2910,2855
2026-07-19,A,AST-019,480,0,0,10,8.0,2949,2882
2026-07-19,B,AST-019,480,0,0,2,8.0,2931,2869
2026-07-19,C,AST-019,480,0,0,10,8.0,2901,2869
2026-07-20,A,AST-019,480,0,120,0,8.0,2173,2139
2026-07-20,B,AST-019,480,0,0,19,8.0,3099,3058
2026-07-20,C,AST-019,480,0,0,13,8.0,3015,2973
2026-07-21,A,AST-019,480,0,0,33,8.0,2679,2651
2026-07-21,B,AST-019,480,0,0,4,8.0,3068,3019
2026-07-21,C,AST-019,480,0,0,10,8.0,2946,2900
2026-07-22,A,AST-019,480,0,0,5,8.0,3151,3090
2026-07-22,B,AST-019,480,0,0,7,8.0,3051,3038
2026-07-22,C,AST-019,480,0,0,30,8.0,2775,2734
2026-07-23,A,AST-019,480,0,0,17,8.0,2854,2827
2026-07-23,B,AST-019,480,0,0,0,8.0,3093,3035
2026-07-23,C,AST-019,480,0,0,3,8.0,3023,2977
2026-07-24,A,AST-019,480,0,0,8,8.0,3124,3085
2026-07-24,B,AST-019,480,0,0,7,8.0,3153,3105
2026-07-24,C,AST-019,480,0,0,12,8.0,2940,2877
2026-07-25,A,AST-019,480,0,0,1,8.0,2919,2888
2026-07-25,B,AST-019,480,0,0,9,8.0,2947,2922
2026-07-25,C,AST-019,480,0,0,7,8.0,2941,2903
2026-07-26,A,AST-019,480,0,0,1,8.0,2983,2960
2026-07-26,B,AST-019,480,0,0,5,8.0,2949,2900
2026-07-26,C,AST-019,480,0,0,1,8.0,3136,3067
2026-07-27,A,AST-019,480,0,0,0,8.0,3014,2984
2026-07-27,B,AST-019,480,0,0,3,8.0,2926,2887
2026-07-27,C,AST-019,480,0,0,12,8.0,2680,2641
2026-07-28,A,AST-019,480,0,0,1,8.0,3040,2992
2026-07-28,B,AST-019,480,0,0,12,8.0,2768,2734
2026-07-28,C,AST-019,480,0,0,2,8.0,2978,2942
2026-07-29,A,AST-019,480,0,0,6,8.0,3007,2957
2026-07-29,B,AST-019,480,0,0,8,8.0,2912,2838
2026-07-29,C,AST-019,480,0,0,0,8.0,3072,3027
2026-07-30,A,AST-019,480,0,0,20,8.0,3071,3039
2026-07-30,B,AST-019,480,0,0,0,8.0,2890,2864
2026-07-30,C,AST-019,480,0,0,22,8.0,2894,2841
2026-07-31,A,AST-019,480,0,0,11,8.0,3007,2951
2026-07-31,B,AST-019,480,0,0,21,8.0,3026,2957
2026-07-31,C,AST-019,480,0,0,21,8.0,2938,2918
2026-08-01,A,AST-019,480,0,0,5,8.0,2831,2794
2026-08-01,B,AST-019,480,0,0,0,8.0,3196,3154
2026-08-01,C,AST-019,480,0,0,16,8.0,2979,2949
2026-08-02,A,AST-019,480,0,0,0,8.0,2944,2892
2026-08-02,B,AST-019,480,0,0,4,8.0,3031,2995
2026-08-02,C,AST-019,480,0,0,10,8.0,3068,3032
2026-08-03,A,AST-019,480,0,0,27,8.0,2707,2688
2026-08-03,B,AST-019,480,0,0,9,8.0,2933,2903
2026-08-03,C,AST-019,480,0,0,2,8.0,2999,2951
2026-08-04,A,AST-019,480,0,0,3,8.0,2979,2935
2026-08-04,B,AST-019,480,0,0,1,8.0,2955,2901
2026-08-04,C,AST-019,480,0,0,13,8.0,2700,2652
2026-08-05,A,AST-019,480,0,0,16,8.0,2848,2819
2026-08-05,B,AST-019,480,0,0,4,8.0,2954,2884
2026-08-05,C,AST-019,480,0,0,11,8.0,2907,2869
2026-08-06,A,AST-019,480,0,0,3,8.0,2930,2872
2026-08-06,B,AST-019,480,0,0,12,8.0,2802,2752
2026-08-06,C,AST-019,480,0,0,7,8.0,2810,2789
2026-08-07,A,AST-019,480,0,0,2,8.0,2968,2924
2026-08-07,B,AST-019,480,0,0,11,8.0,3142,3110
2026-08-07,C,AST-019,480,0,0,4,8.0,3123,3071
2026-08-08,A,AST-019,480,0,0,0,8.0,3008,2957
2026-08-08,B,AST-019,480,0,0,3,8.0,2967,2945
2026-08-08,C,AST-019,480,0,0,9,8.0,3037,3008
2026-08-09,A,AST-019,480,0,0,2,8.0,3271,3206
2026-08-09,B,AST-019,480,0,0,17,8.0,2932,2913
2026-08-09,C,AST-019,480,0,0,4,8.0,2875,2822
2026-08-10,A,AST-019,480,0,0,3,8.0,2993,2946
2026-08-10,B,AST-019,480,0,0,16,8.0,2732,2692
2026-08-10,C,AST-019,480,0,0,9,8.0,2954,2881
2026-08-11,A,AST-019,480,0,0,5,8.0,3115,3058
2026-08-11,B,AST-019,480,0,0,25,8.0,2836,2799
2026-08-11,C,AST-019,480,0,0,8,8.0,2894,2837
2026-08-12,A,AST-019,480,0,0,3,8.0,2981,2947
2026-08-12,B,AST-019,480,0,0,26,8.0,2743,2707
2026-08-12,C,AST-019,480,0,0,0,8.0,3126,3102
2026-08-13,A,AST-019,480,0,0,1,8.0,2905,2863
2026-08-13,B,AST-019,480,0,0,5,8.0,3038,3010
2026-08-13,C,AST-019,480,0,0,6,8.0,2987,2932
2026-08-14,A,AST-019,480,0,0,2,8.0,2959,2916
2026-08-14,B,AST-019,480,0,0,5,8.0,3110,3067
2026-08-14,C,AST-019,480,0,0,22,8.0,2778,2757
2026-08-15,A,AST-019,480,0,0,34,8.0,2772,2726
2026-08-15,B,AST-019,480,0,0,2,8.0,3119,3075
2026-08-15,C,AST-019,480,0,0,30,8.0,2747,2683
2026-08-16,A,AST-019,480,0,0,0,8.0,2950,2912
2026-08-16,B,AST-019,480,0,0,27,8.0,2862,2796
2026-08-16,C,AST-019,480,0,0,4,8.0,3099,3071
2026-08-17,A,AST-019,480,0,0,13,8.0,2858,2837
2026-08-17,B,AST-019,480,0,0,12,8.0,2974,2930
2026-08-17,C,AST-019,480,0,0,31,8.0,2707,2661
2026-08-18,A,AST-019,480,0,0,6,8.0,2914,2877
2026-08-18,B,AST-019,480,0,0,40,8.0,2754,2714
2026-08-18,C,AST-019,480,0,0,2,8.0,3214,3162
2026-08-19,A,AST-019,480,0,120,40,8.0,2044,2012
2026-08-19,B,AST-019,480,0,0,14,8.0,2928,2888
2026-08-19,C,AST-019,480,0,0,0,8.0,3012,2959
2026-08-20,A,AST-019,480,0,0,18,8.0,2965,2889
2026-08-20,B,AST-019,480,0,0,4,8.0,3043,3006
2026-08-20,C,AST-019,480,0,0,11,8.0,3001,2969
2026-08-21,A,AST-019,480,0,0,2,8.0,2986,2909
2026-08-21,B,AST-019,480,0,0,16,8.0,2868,2827
2026-08-21,C,AST-019,480,0,0,10,8.0,2929,2854
2026-08-22,A,AST-019,480,0,0,1,8.0,3027,2975
2026-08-22,B,AST-019,480,0,0,4,8.0,2934,2914
2026-08-22,C,AST-019,480,0,0,12,8.0,2812,2768
2026-08-23,A,AST-019,480,0,0,9,8.0,2939,2909
2026-08-23,B,AST-019,480,0,0,11,8.0,3018,2950
2026-08-23,C,AST-019,480,0,0,12,8.0,2916,2886
2026-08-24,A,AST-019,480,0,0,16,8.0,3016,2959
2026-08-24,B,AST-019,480,0,0,20,8.0,2919,2866
2026-08-24,C,AST-019,480,0,0,40,8.0,2775,2731
2026-08-25,A,AST-019,480,0,0,40,8.0,2701,2663
2026-08-25,B,AST-019,480,0,0,19,8.0,2888,2855
2026-08-25,C,AST-019,480,0,0,15,8.0,3013,2956
2026-08-26,A,AST-019,480,0,0,40,8.0,2809,2773
2026-08-26,B,AST-019,480,0,0,4,8.0,2959,2935
2026-08-26,C,AST-019,480,0,0,6,8.0,2965,2933
2026-08-27,A,AST-019,480,0,0,27,8.0,2803,2774
2026-08-27,B,AST-019,480,0,0,0,8.0,2942,2915
2026-08-27,C,AST-019,480,0,0,2,8.0,2802,2756
2026-08-28,A,AST-019,480,0,0,2,8.0,3154,3103
2026-08-28,B,AST-019,480,0,0,6,8.0,3005,2985
2026-08-28,C,AST-019,480,0,0,5,8.0,2873,2838
2026-08-29,A,AST-019,480,0,0,23,8.0,2910,2860
2026-08-29,B,AST-019,480,0,0,5,8.0,2883,2859
2026-08-29,C,AST-019,480,0,0,0,8.0,3142,3075
2026-08-30,A,AST-019,480,0,0,13,8.0,3273,3240
2026-08-30,B,AST-019,480,0,0,1,8.0,3125,3081
2026-08-30,C,AST-019,480,0,0,12,8.0,2854,2809
2026-08-31,A,AST-019,480,0,0,2,8.0,3098,3065
2026-08-31,B,AST-019,480,0,0,0,8.0,2769,2725
2026-08-31,C,AST-019,480,0,0,1,8.0,3212,3152
2026-09-01,A,AST-019,480,0,0,3,8.0,2732,2693
2026-09-01,B,AST-019,480,0,0,6,8.0,2825,2749
2026-09-01,C,AST-019,480,0,0,1,8.0,3028,2997
2026-09-02,A,AST-019,480,0,0,3,8.0,3072,3025
2026-09-02,B,AST-019,480,0,0,0,8.0,2866,2830
2026-09-02,C,AST-019,480,0,0,3,8.0,2832,2781
2026-09-03,A,AST-019,480,0,0,9,8.0,3047,2988
2026-09-03,B,AST-019,480,0,0,4,8.0,3035,2982
2026-09-03,C,AST-019,480,0,0,17,8.0,3078,3043
2026-09-04,A,AST-019,480,0,0,6,8.0,2980,2936
2026-09-04,B,AST-019,480,0,0,40,8.0,2696,2670
2026-09-04,C,AST-019,480,0,0,39,8.0,2620,2585
2026-09-05,A,AST-019,480,0,0,14,8.0,2967,2930
2026-09-05,B,AST-019,480,0,0,29,8.0,2690,2656
2026-09-05,C,AST-019,480,0,0,3,8.0,3025,2971
2026-09-06,A,AST-019,480,0,0,2,8.0,2894,2844
2026-09-06,B,AST-019,480,0,0,12,8.0,2920,2888
2026-09-06,C,AST-019,480,0,0,37,8.0,2785,2755
2026-09-07,A,AST-019,480,0,0,40,8.0,2789,2742
2026-09-07,B,AST-019,480,0,0,14,8.0,2930,2865
2026-09-07,C,AST-019,480,0,0,40,8.0,2821,2754
2026-09-08,A,AST-019,480,0,0,4,8.0,3245,3197
2026-09-08,B,AST-019,480,0,0,9,8.0,2997,2976
2026-09-08,C,AST-019,480,0,0,23,8.0,2931,2894
2026-09-09,A,AST-019,480,0,0,25,8.0,2863,2821
2026-09-09,B,AST-019,480,0,0,26,8.0,2786,2754
2026-09-09,C,AST-019,480,0,0,7,8.0,3104,3057
2026-09-10,A,AST-019,480,0,0,40,8.0,2538,2503
2026-09-10,B,AST-019,480,0,0,6,8.0,2913,2867
2026-09-10,C,AST-019,480,0,0,17,8.0,3029,2981
2026-09-11,A,AST-019,480,0,0,3,8.0,2915,2876
2026-09-11,B,AST-019,480,0,0,9,8.0,2780,2717
2026-09-11,C,AST-019,480,0,0,20,8.0,2922,2895
2026-09-12,A,AST-019,480,0,0,40,8.0,2755,2700
2026-09-12,B,AST-019,480,0,0,7,8.0,2895,2863
2026-09-12,C,AST-019,480,0,0,7,8.0,2872,2840
2026-09-13,A,AST-019,480,0,0,4,8.0,3117,3066
2026-09-13,B,AST-019,480,0,0,2,8.0,3140,3096
2026-09-13,C,AST-019,480,0,0,13,8.0,2831,2803
2026-09-14,A,AST-019,480,0,0,14,8.0,3024,2985
2026-09-14,B,AST-019,480,0,0,9,8.0,3005,2971
2026-09-14,C,AST-019,480,0,0,6,8.0,2926,2884
2026-09-15,A,AST-019,480,0,0,4,8.0,2984,2934
2026-09-15,B,AST-019,480,0,0,8,8.0,2731,2708
2026-09-15,C,AST-019,480,0,0,6,8.0,3065,3030
2026-09-16,A,AST-019,480,0,0,22,8.0,2820,2786
2026-09-16,B,AST-019,480,0,0,8,8.0,2924,2902
2026-09-16,C,AST-019,480,0,0,4,8.0,3008,2963
2026-09-17,A,AST-019,480,0,0,11,8.0,2957,2912
2026-09-17,B,AST-019,480,0,0,5,8.0,3152,3118
2026-09-17,C,AST-019,480,0,0,10,8.0,2923,2865
2026-09-18,A,AST-019,480,0,120,19,8.0,2287,2244
2026-09-18,B,AST-019,480,0,0,0,8.0,3174,3129
2026-09-18,C,AST-019,480,0,0,24,8.0,2817,2787
2026-09-19,A,AST-019,480,0,0,40,8.0,2886,2864
2026-09-19,B,AST-019,480,0,0,0,8.0,2974,2916
2026-09-19,C,AST-019,480,0,0,40,8.0,2725,2676
2026-09-20,A,AST-019,480,0,0,1,8.0,3224,3160
2026-09-20,B,AST-019,480,0,0,0,8.0,2950,2932
2026-09-20,C,AST-019,480,0,0,16,8.0,2896,2877
2026-09-21,A,AST-019,480,0,0,11,8.0,3030,2990
2026-09-21,B,AST-019,480,0,0,2,8.0,2993,2969
2026-09-21,C,AST-019,480,0,0,5,8.0,2821,2771
2026-09-22,A,AST-019,480,0,0,14,8.0,3048,3018
2026-09-22,B,AST-019,480,0,0,0,8.0,2839,2810
2026-09-22,C,AST-019,480,0,0,1,8.0,3136,3059
2026-09-23,A,AST-019,480,0,0,12,8.0,2990,2904
2026-09-23,B,AST-019,480,0,0,28,8.0,2875,2815
2026-09-23,C,AST-019,480,0,0,31,8.0,2714,2694
2026-09-24,A,AST-019,480,0,0,36,8.0,2767,2714
2026-09-24,B,AST-019,480,0,0,14,8.0,3037,2996
2026-09-24,C,AST-019,480,0,0,3,8.0,3177,3123
2026-09-25,A,AST-019,480,0,0,19,8.0,3052,3020
2026-09-25,B,AST-019,480,0,0,35,8.0,2832,2796
2026-09-25,C,AST-019,480,0,0,3,8.0,2709,2670
2026-09-26,A,AST-019,480,0,0,0,8.0,3294,3268
2026-09-26,B,AST-019,480,0,0,1,8.0,2914,2876
2026-09-26,C,AST-019,480,0,0,3,8.0,2969,2944
2026-09-27,A,AST-019,480,0,0,40,8.0,2612,2588
2026-09-27,B,AST-019,480,0,0,12,8.0,2991,2940
2026-09-27,C,AST-019,480,0,0,1,8.0,2947,2900
2026-09-28,A,AST-019,480,0,0,10,8.0,2950,2927
2026-09-28,B,AST-019,480,0,0,8,8.0,2934,2893
2026-06-01,A,AST-020,480,0,0,1,7.8,3143,3085
2026-06-01,B,AST-020,480,0,0,11,7.8,2841,2778
2026-06-01,C,AST-020,480,0,0,20,7.8,2984,2963
2026-06-02,A,AST-020,480,0,0,1,7.8,2937,2878
2026-06-02,B,AST-020,480,0,0,24,7.8,2859,2825
2026-06-02,C,AST-020,480,0,0,3,7.8,3047,3005
2026-06-03,A,AST-020,480,0,0,39,7.8,2775,2733
2026-06-03,B,AST-020,480,0,0,22,7.8,2948,2879
2026-06-03,C,AST-020,480,0,0,40,7.8,2716,2691
2026-06-04,A,AST-020,480,0,120,17,7.8,2323,2297
2026-06-04,B,AST-020,480,0,0,0,7.8,2904,2884
2026-06-04,C,AST-020,480,0,0,13,7.8,3179,3135
2026-06-05,A,AST-020,480,0,0,12,7.8,3006,2960
2026-06-05,B,AST-020,480,0,0,3,7.8,2952,2919
2026-06-05,C,AST-020,480,0,0,4,7.8,2874,2826
2026-06-06,A,AST-020,480,0,0,6,7.8,2940,2922
2026-06-06,B,AST-020,480,0,0,7,7.8,2901,2864
2026-06-06,C,AST-020,480,0,0,1,7.8,3099,3062
2026-06-07,A,AST-020,480,0,0,13,7.8,3182,3125
2026-06-07,B,AST-020,480,0,0,12,7.8,2915,2858
2026-06-07,C,AST-020,480,0,0,3,7.8,3138,3088
2026-06-08,A,AST-020,480,0,0,10,7.8,2847,2827
2026-06-08,B,AST-020,480,0,0,30,7.8,3001,2960
2026-06-08,C,AST-020,480,0,0,7,7.8,3066,3010
2026-06-09,A,AST-020,480,0,0,2,7.8,3054,3017
2026-06-09,B,AST-020,480,0,0,4,7.8,2903,2877
2026-06-09,C,AST-020,480,0,0,16,7.8,2973,2936
2026-06-10,A,AST-020,480,0,0,6,7.8,2897,2853
2026-06-10,B,AST-020,480,0,0,10,7.8,2926,2882
2026-06-10,C,AST-020,480,0,0,8,7.8,3116,3071
2026-06-11,A,AST-020,480,0,0,40,7.8,2877,2837
2026-06-11,B,AST-020,480,0,0,13,7.8,3324,3273
2026-06-11,C,AST-020,480,0,0,1,7.8,3193,3146
2026-06-12,A,AST-020,480,0,0,22,7.8,2955,2911
2026-06-12,B,AST-020,480,0,0,16,7.8,2923,2846
2026-06-12,C,AST-020,480,0,0,32,7.8,3006,2938
2026-06-13,A,AST-020,480,0,0,5,7.8,3181,3147
2026-06-13,B,AST-020,480,0,0,23,7.8,3028,2975
2026-06-13,C,AST-020,480,0,0,3,7.8,3004,2984
2026-06-14,A,AST-020,480,0,0,23,7.8,2979,2937
2026-06-14,B,AST-020,480,0,0,5,7.8,3089,3052
2026-06-14,C,AST-020,480,0,0,1,7.8,3110,3086
2026-06-15,A,AST-020,480,0,0,1,7.8,3102,3058
2026-06-15,B,AST-020,480,0,0,9,7.8,2903,2837
2026-06-15,C,AST-020,480,0,0,6,7.8,3183,3122
2026-06-16,A,AST-020,480,0,0,40,7.8,2644,2611
2026-06-16,B,AST-020,480,0,0,3,7.8,3316,3286
2026-06-16,C,AST-020,480,0,0,7,7.8,3256,3192
2026-06-17,A,AST-020,480,0,0,12,7.8,2954,2902
2026-06-17,B,AST-020,480,0,0,34,7.8,2923,2881
2026-06-17,C,AST-020,480,0,0,15,7.8,2900,2856
2026-06-18,A,AST-020,480,0,0,10,7.8,3047,2997
2026-06-18,B,AST-020,480,0,0,40,7.8,2846,2813
2026-06-18,C,AST-020,480,0,0,1,7.8,3223,3162
2026-06-19,A,AST-020,480,0,0,40,7.8,2704,2668
2026-06-19,B,AST-020,480,0,0,6,7.8,3215,3167
2026-06-19,C,AST-020,480,0,0,2,7.8,3232,3216
2026-06-20,A,AST-020,480,0,0,9,7.8,2960,2908
2026-06-20,B,AST-020,480,0,0,11,7.8,2839,2804
2026-06-20,C,AST-020,480,0,0,4,7.8,3181,3118
2026-06-21,A,AST-020,480,0,0,7,7.8,2911,2881
2026-06-21,B,AST-020,480,0,0,5,7.8,3114,3067
2026-06-21,C,AST-020,480,0,0,1,7.8,2998,2950
2026-06-22,A,AST-020,480,0,0,13,7.8,3015,2973
2026-06-22,B,AST-020,480,0,0,11,7.8,3036,2972
2026-06-22,C,AST-020,480,0,0,2,7.8,3139,3068
2026-06-23,A,AST-020,480,0,0,0,7.8,2892,2872
2026-06-23,B,AST-020,480,0,0,24,7.8,2857,2809
2026-06-23,C,AST-020,480,0,0,15,7.8,3110,3025
2026-06-24,A,AST-020,480,0,0,32,7.8,2953,2919
2026-06-24,B,AST-020,480,0,0,7,7.8,3139,3101
2026-06-24,C,AST-020,480,0,0,10,7.8,3020,2951
2026-06-25,A,AST-020,480,0,0,40,7.8,2793,2758
2026-06-25,B,AST-020,480,0,0,40,7.8,2747,2728
2026-06-25,C,AST-020,480,0,0,3,7.8,3057,3023
2026-06-26,A,AST-020,480,0,0,5,7.8,2926,2883
2026-06-26,B,AST-020,480,0,0,0,7.8,2943,2906
2026-06-26,C,AST-020,480,0,0,5,7.8,3048,2992
2026-06-27,A,AST-020,480,0,0,7,7.8,2966,2928
2026-06-27,B,AST-020,480,0,0,24,7.8,3024,2982
2026-06-27,C,AST-020,480,0,0,7,7.8,3029,2976
2026-06-28,A,AST-020,480,0,0,1,7.8,3066,3032
2026-06-28,B,AST-020,480,0,0,0,7.8,3202,3146
2026-06-28,C,AST-020,480,0,0,12,7.8,3030,2990
2026-06-29,A,AST-020,480,0,0,4,7.8,3096,3040
2026-06-29,B,AST-020,480,0,0,19,7.8,2856,2817
2026-06-29,C,AST-020,480,0,0,10,7.8,2995,2948
2026-06-30,A,AST-020,480,0,0,3,7.8,3117,3056
2026-06-30,B,AST-020,480,0,0,3,7.8,2970,2913
2026-06-30,C,AST-020,480,0,0,17,7.8,3157,3101
2026-07-01,A,AST-020,480,0,0,5,7.8,2998,2966
2026-07-01,B,AST-020,480,0,0,9,7.8,2944,2923
2026-07-01,C,AST-020,480,0,0,23,7.8,2975,2911
2026-07-02,A,AST-020,480,0,0,3,7.8,3067,3021
2026-07-02,B,AST-020,480,0,0,33,7.8,2876,2836
2026-07-02,C,AST-020,480,0,0,27,7.8,2940,2909
2026-07-03,A,AST-020,480,0,0,20,7.8,3057,3021
2026-07-03,B,AST-020,480,0,0,40,7.8,2973,2932
2026-07-03,C,AST-020,480,0,0,2,7.8,3186,3120
2026-07-04,A,AST-020,480,0,120,4,7.8,2393,2375
2026-07-04,B,AST-020,480,0,0,21,7.8,2962,2927
2026-07-04,C,AST-020,480,0,0,40,7.8,2928,2878
2026-07-05,A,AST-020,480,0,0,0,7.8,3109,3049
2026-07-05,B,AST-020,480,0,0,11,7.8,3098,3080
2026-07-05,C,AST-020,480,0,0,26,7.8,3040,2973
2026-07-06,A,AST-020,480,0,0,4,7.8,3024,2978
2026-07-06,B,AST-020,480,0,0,6,7.8,3166,3115
2026-07-06,C,AST-020,480,0,0,37,7.8,2637,2592
2026-07-07,A,AST-020,480,0,0,9,7.8,3106,3065
2026-07-07,B,AST-020,480,0,0,27,7.8,2963,2937
2026-07-07,C,AST-020,480,0,0,14,7.8,3082,3032
2026-07-08,A,AST-020,480,0,0,12,7.8,2816,2786
2026-07-08,B,AST-020,480,0,0,34,7.8,2950,2910
2026-07-08,C,AST-020,480,0,0,9,7.8,3026,2986
2026-07-09,A,AST-020,480,0,0,6,7.8,3181,3136
2026-07-09,B,AST-020,480,0,0,3,7.8,3092,3006
2026-07-09,C,AST-020,480,0,0,4,7.8,2893,2865
2026-07-10,A,AST-020,480,0,0,5,7.8,3161,3113
2026-07-10,B,AST-020,480,0,0,4,7.8,3178,3139
2026-07-10,C,AST-020,480,0,0,8,7.8,3068,3008
2026-07-11,A,AST-020,480,0,0,2,7.8,2956,2933
2026-07-11,B,AST-020,480,0,0,4,7.8,3140,3086
2026-07-11,C,AST-020,480,0,0,40,7.8,2978,2912
2026-07-12,A,AST-020,480,0,0,21,7.8,3104,3029
2026-07-12,B,AST-020,480,0,0,1,7.8,3023,3019
2026-07-12,C,AST-020,480,0,0,1,7.8,3112,3062
2026-07-13,A,AST-020,480,0,0,6,7.8,3101,3034
2026-07-13,B,AST-020,480,0,0,7,7.8,2985,2974
2026-07-13,C,AST-020,480,0,0,2,7.8,3067,3035
2026-07-14,A,AST-020,480,0,0,5,7.8,3090,3076
2026-07-14,B,AST-020,480,0,0,36,7.8,2859,2805
2026-07-14,C,AST-020,480,0,0,6,7.8,3238,3192
2026-07-15,A,AST-020,480,0,0,0,7.8,3126,3042
2026-07-15,B,AST-020,480,0,0,1,7.8,3185,3134
2026-07-15,C,AST-020,480,0,0,2,7.8,3084,3033
2026-07-16,A,AST-020,480,0,0,15,7.8,2885,2848
2026-07-16,B,AST-020,480,0,0,1,7.8,3226,3148
2026-07-16,C,AST-020,480,0,0,13,7.8,3129,3093
2026-07-17,A,AST-020,480,0,0,17,7.8,2916,2871
2026-07-17,B,AST-020,480,0,0,23,7.8,3063,3003
2026-07-17,C,AST-020,480,0,0,12,7.8,2901,2867
2026-07-18,A,AST-020,480,0,0,0,7.8,2995,2969
2026-07-18,B,AST-020,480,0,0,1,7.8,3113,3088
2026-07-18,C,AST-020,480,0,0,3,7.8,3059,3028
2026-07-19,A,AST-020,480,0,0,39,7.8,2811,2769
2026-07-19,B,AST-020,480,0,0,18,7.8,3246,3171
2026-07-19,C,AST-020,480,0,0,21,7.8,2844,2792
2026-07-20,A,AST-020,480,0,0,15,7.8,3152,3110
2026-07-20,B,AST-020,480,0,0,1,7.8,3079,3039
2026-07-20,C,AST-020,480,0,0,4,7.8,3207,3160
2026-07-21,A,AST-020,480,0,0,1,7.8,3213,3168
2026-07-21,B,AST-020,480,0,0,23,7.8,2727,2677
2026-07-21,C,AST-020,480,0,0,31,7.8,2832,2799
2026-07-22,A,AST-020,480,0,0,7,7.8,3020,2988
2026-07-22,B,AST-020,480,0,0,4,7.8,3076,3011
2026-07-22,C,AST-020,480,0,0,1,7.8,2943,2921
2026-07-23,A,AST-020,480,0,0,22,7.8,3086,3010
2026-07-23,B,AST-020,480,0,0,6,7.8,3041,2959
2026-07-23,C,AST-020,480,0,0,3,7.8,2955,2877
2026-07-24,A,AST-020,480,0,0,16,7.8,2927,2873
2026-07-24,B,AST-020,480,0,0,3,7.8,3056,2971
2026-07-24,C,AST-020,480,0,0,17,7.8,3012,2931
2026-07-25,A,AST-020,480,0,0,6,7.8,2905,2806
2026-07-25,B,AST-020,480,0,0,5,7.8,2574,2492
2026-07-25,C,AST-020,480,0,0,8,7.8,2917,2850
2026-07-26,A,AST-020,480,0,0,13,7.8,2858,2779
2026-07-26,B,AST-020,480,0,0,40,7.8,2609,2506
2026-07-26,C,AST-020,480,0,0,14,7.8,2833,2713
2026-07-27,A,AST-020,480,0,0,20,7.8,2744,2640
2026-07-27,B,AST-020,480,0,0,16,7.8,2758,2630
2026-07-27,C,AST-020,480,0,0,9,7.8,2635,2492
2026-07-28,A,AST-020,480,0,0,11,7.8,2745,2598
2026-07-28,B,AST-020,480,0,0,17,7.8,2778,2618
2026-07-28,C,AST-020,480,0,0,18,7.8,2469,2328
2026-07-29,A,AST-020,480,0,0,4,7.8,2564,2403
2026-07-29,B,AST-020,480,0,0,31,7.8,2440,2274
2026-07-29,C,AST-020,480,0,0,20,7.8,2519,2344
2026-07-30,A,AST-020,480,0,0,5,7.8,2689,2495
2026-07-30,B,AST-020,480,450,0,13,7.8,101,99
2026-07-30,C,AST-020,480,480,0,34,7.8,0,0
2026-07-31,A,AST-020,480,480,0,37,7.8,0,0
2026-07-31,B,AST-020,480,480,0,1,7.8,0,0
2026-07-31,C,AST-020,480,480,0,13,7.8,0,0
2026-08-01,A,AST-020,480,480,0,7,7.8,0,0
2026-08-01,B,AST-020,480,480,0,10,7.8,0,0
2026-08-01,C,AST-020,480,180,0,11,7.8,1743,1725
2026-08-02,A,AST-020,480,0,0,12,7.8,3055,3019
2026-08-02,B,AST-020,480,0,0,6,7.8,3131,3071
2026-08-02,C,AST-020,480,0,0,19,7.8,3090,3041
2026-08-03,A,AST-020,480,0,120,30,7.8,2138,2087
2026-08-03,B,AST-020,480,0,0,7,7.8,3074,3034
2026-08-03,C,AST-020,480,0,0,5,7.8,2984,2939
2026-08-04,A,AST-020,480,0,0,2,7.8,3036,2984
2026-08-04,B,AST-020,480,0,0,26,7.8,2827,2796
2026-08-04,C,AST-020,480,0,0,12,7.8,3150,3124
2026-08-05,A,AST-020,480,0,0,13,7.8,3004,2938
2026-08-05,B,AST-020,480,0,0,2,7.8,3084,3029
2026-08-05,C,AST-020,480,0,0,0,7.8,3033,2997
2026-08-06,A,AST-020,480,0,0,17,7.8,2990,2971
2026-08-06,B,AST-020,480,0,0,4,7.8,3192,3146
2026-08-06,C,AST-020,480,0,0,4,7.8,2910,2886
2026-08-07,A,AST-020,480,0,0,28,7.8,2919,2858
2026-08-07,B,AST-020,480,0,0,21,7.8,3013,2942
2026-08-07,C,AST-020,480,0,0,9,7.8,3273,3224
2026-08-08,A,AST-020,480,0,0,2,7.8,3159,3105
2026-08-08,B,AST-020,480,0,0,3,7.8,3077,3048
2026-08-08,C,AST-020,480,0,0,8,7.8,2971,2920
2026-08-09,A,AST-020,480,0,0,13,7.8,3012,2965
2026-08-09,B,AST-020,480,0,0,7,7.8,2905,2837
2026-08-09,C,AST-020,480,0,0,18,7.8,2943,2908
2026-08-10,A,AST-020,480,0,0,5,7.8,3114,3051
2026-08-10,B,AST-020,480,0,0,0,7.8,3105,3049
2026-08-10,C,AST-020,480,0,0,25,7.8,3036,3008
2026-08-11,A,AST-020,480,0,0,2,7.8,3013,2959
2026-08-11,B,AST-020,480,0,0,14,7.8,3010,2971
2026-08-11,C,AST-020,480,0,0,0,7.8,3083,3034
2026-08-12,A,AST-020,480,0,0,3,7.8,3255,3202
2026-08-12,B,AST-020,480,0,0,0,7.8,2960,2910
2026-08-12,C,AST-020,480,0,0,6,7.8,3140,3082
2026-08-13,A,AST-020,480,0,0,1,7.8,2994,2980
2026-08-13,B,AST-020,480,0,0,40,7.8,2822,2773
2026-08-13,C,AST-020,480,0,0,36,7.8,3002,2930
2026-08-14,A,AST-020,480,0,0,40,7.8,2748,2707
2026-08-14,B,AST-020,480,0,0,3,7.8,3097,3047
2026-08-14,C,AST-020,480,0,0,25,7.8,2927,2883
2026-08-15,A,AST-020,480,0,0,2,7.8,3018,2970
2026-08-15,B,AST-020,480,0,0,25,7.8,3007,2953
2026-08-15,C,AST-020,480,0,0,9,7.8,2918,2858
2026-08-16,A,AST-020,480,0,0,32,7.8,2943,2898
2026-08-16,B,AST-020,480,0,0,7,7.8,3076,3028
2026-08-16,C,AST-020,480,0,0,25,7.8,2951,2910
2026-08-17,A,AST-020,480,0,0,8,7.8,3051,3008
2026-08-17,B,AST-020,480,0,0,4,7.8,2935,2884
2026-08-17,C,AST-020,480,0,0,8,7.8,2875,2810
2026-08-18,A,AST-020,480,0,0,19,7.8,2884,2827
2026-08-18,B,AST-020,480,0,0,19,7.8,2908,2870
2026-08-18,C,AST-020,480,0,0,19,7.8,2656,2635
2026-08-19,A,AST-020,480,0,0,10,7.8,3065,2990
2026-08-19,B,AST-020,480,0,0,18,7.8,3059,3013
2026-08-19,C,AST-020,480,0,0,1,7.8,3004,2958
2026-08-20,A,AST-020,480,0,0,2,7.8,3236,3183
2026-08-20,B,AST-020,480,0,0,7,7.8,3095,3065
2026-08-20,C,AST-020,480,0,0,1,7.8,3057,3013
2026-08-21,A,AST-020,480,0,0,14,7.8,3111,3078
2026-08-21,B,AST-020,480,0,0,6,7.8,3117,3082
2026-08-21,C,AST-020,480,0,0,18,7.8,2829,2796
2026-08-22,A,AST-020,480,0,0,7,7.8,2983,2918
2026-08-22,B,AST-020,480,0,0,7,7.8,2984,2915
2026-08-22,C,AST-020,480,0,0,30,7.8,2804,2763
2026-08-23,A,AST-020,480,0,0,19,7.8,3130,3051
2026-08-23,B,AST-020,480,0,0,0,7.8,3289,3222
2026-08-23,C,AST-020,480,0,0,32,7.8,2683,2631
2026-08-24,A,AST-020,480,0,0,6,7.8,3025,2998
2026-08-24,B,AST-020,480,0,0,8,7.8,3228,3168
2026-08-24,C,AST-020,480,0,0,13,7.8,2835,2790
2026-08-25,A,AST-020,480,0,0,7,7.8,3141,3096
2026-08-25,B,AST-020,480,0,0,31,7.8,2942,2871
2026-08-25,C,AST-020,480,0,0,4,7.8,3169,3118
2026-08-26,A,AST-020,480,0,0,25,7.8,3028,2951
2026-08-26,B,AST-020,480,0,0,1,7.8,3098,3068
2026-08-26,C,AST-020,480,0,0,5,7.8,3088,3023
2026-08-27,A,AST-020,480,0,0,22,7.8,3070,3035
2026-08-27,B,AST-020,480,0,0,23,7.8,2857,2803
2026-08-27,C,AST-020,480,0,0,40,7.8,3001,2962
2026-08-28,A,AST-020,480,0,0,26,7.8,2861,2835
2026-08-28,B,AST-020,480,0,0,37,7.8,2717,2686
2026-08-28,C,AST-020,480,0,0,8,7.8,3066,3062
2026-08-29,A,AST-020,480,0,0,6,7.8,2984,2939
2026-08-29,B,AST-020,480,0,0,3,7.8,2996,2964
2026-08-29,C,AST-020,480,0,0,40,7.8,2887,2849
2026-08-30,A,AST-020,480,0,0,2,7.8,3077,3021
2026-08-30,B,AST-020,480,0,0,17,7.8,3148,3091
2026-08-30,C,AST-020,480,0,0,4,7.8,3143,3098
2026-08-31,A,AST-020,480,0,0,17,7.8,3124,3098
2026-08-31,B,AST-020,480,0,0,3,7.8,2908,2858
2026-08-31,C,AST-020,480,0,0,12,7.8,3117,3075
2026-09-01,A,AST-020,480,0,0,8,7.8,2994,2917
2026-09-01,B,AST-020,480,0,0,2,7.8,3098,3069
2026-09-01,C,AST-020,480,0,0,18,7.8,2854,2798
2026-09-02,A,AST-020,480,0,120,20,7.8,2051,2024
2026-09-02,B,AST-020,480,0,0,0,7.8,3009,2981
2026-09-02,C,AST-020,480,0,0,22,7.8,2936,2863
2026-09-03,A,AST-020,480,0,0,40,7.8,2923,2866
2026-09-03,B,AST-020,480,0,0,7,7.8,2996,2949
2026-09-03,C,AST-020,480,0,0,40,7.8,2746,2714
2026-09-04,A,AST-020,480,0,0,1,7.8,2991,2930
2026-09-04,B,AST-020,480,0,0,29,7.8,2874,2816
2026-09-04,C,AST-020,480,0,0,0,7.8,3132,3068
2026-09-05,A,AST-020,480,0,0,11,7.8,2949,2905
2026-09-05,B,AST-020,480,0,0,30,7.8,2819,2781
2026-09-05,C,AST-020,480,0,0,3,7.8,3164,3141
2026-09-06,A,AST-020,480,0,0,26,7.8,2772,2713
2026-09-06,B,AST-020,480,0,0,18,7.8,2904,2865
2026-09-06,C,AST-020,480,0,0,10,7.8,3009,2965
2026-09-07,A,AST-020,480,0,0,0,7.8,3113,3049
2026-09-07,B,AST-020,480,0,0,12,7.8,3133,3053
2026-09-07,C,AST-020,480,0,0,40,7.8,2855,2798
2026-09-08,A,AST-020,480,0,0,10,7.8,3088,3034
2026-09-08,B,AST-020,480,0,0,7,7.8,2908,2863
2026-09-08,C,AST-020,480,0,0,4,7.8,3092,3051
2026-09-09,A,AST-020,480,0,0,1,7.8,3368,3331
2026-09-09,B,AST-020,480,0,0,23,7.8,2795,2777
2026-09-09,C,AST-020,480,0,0,28,7.8,2871,2813
2026-09-10,A,AST-020,480,0,0,14,7.8,2853,2791
2026-09-10,B,AST-020,480,0,0,34,7.8,3027,3027
2026-09-10,C,AST-020,480,0,0,1,7.8,3203,3169
2026-09-11,A,AST-020,480,0,0,5,7.8,3020,2964
2026-09-11,B,AST-020,480,0,0,2,7.8,3057,3017
2026-09-11,C,AST-020,480,0,0,0,7.8,3241,3185
2026-09-12,A,AST-020,480,0,0,15,7.8,2926,2884
2026-09-12,B,AST-020,480,0,0,30,7.8,2927,2869
2026-09-12,C,AST-020,480,0,0,7,7.8,3105,3041
2026-09-13,A,AST-020,480,0,0,20,7.8,3167,3113
2026-09-13,B,AST-020,480,0,0,9,7.8,3144,3104
2026-09-13,C,AST-020,480,0,0,13,7.8,3045,2987
2026-09-14,A,AST-020,480,0,0,15,7.8,2975,2950
2026-09-14,B,AST-020,480,0,0,16,7.8,2910,2876
2026-09-14,C,AST-020,480,0,0,31,7.8,2866,2795
2026-09-15,A,AST-020,480,0,0,8,7.8,2988,2937
2026-09-15,B,AST-020,480,0,0,7,7.8,2911,2898
2026-09-15,C,AST-020,480,0,0,7,7.8,3147,3090
2026-09-16,A,AST-020,480,0,0,23,7.8,3101,3041
2026-09-16,B,AST-020,480,0,0,6,7.8,3167,3110
2026-09-16,C,AST-020,480,0,0,25,7.8,2835,2781
2026-09-17,A,AST-020,480,0,0,35,7.8,2918,2871
2026-09-17,B,AST-020,480,0,0,40,7.8,2885,2839
2026-09-17,C,AST-020,480,0,0,2,7.8,3347,3301
2026-09-18,A,AST-020,480,0,0,2,7.8,3120,3067
2026-09-18,B,AST-020,480,0,0,18,7.8,2931,2876
2026-09-18,C,AST-020,480,0,0,27,7.8,3186,3139
2026-09-19,A,AST-020,480,0,0,30,7.8,3120,3073
2026-09-19,B,AST-020,480,0,0,13,7.8,2943,2877
2026-09-19,C,AST-020,480,0,0,40,7.8,2969,2917
2026-09-20,A,AST-020,480,0,0,40,7.8,2815,2757
2026-09-20,B,AST-020,480,0,0,6,7.8,2980,2926
2026-09-20,C,AST-020,480,0,0,38,7.8,2839,2788
2026-09-21,A,AST-020,480,0,0,30,7.8,2832,2792
2026-09-21,B,AST-020,480,0,0,18,7.8,2895,2850
2026-09-21,C,AST-020,480,0,0,0,7.8,3021,2980
2026-09-22,A,AST-020,480,0,0,9,7.8,2816,2779
2026-09-22,B,AST-020,480,0,0,9,7.8,2948,2897
2026-09-22,C,AST-020,480,0,0,2,7.8,3013,2965
2026-09-23,A,AST-020,480,0,0,4,7.8,3080,3041
2026-09-23,B,AST-020,480,0,0,19,7.8,2915,2885
2026-09-23,C,AST-020,480,0,0,16,7.8,2917,2866
2026-09-24,A,AST-020,480,0,0,4,7.8,3029,2994
2026-09-24,B,AST-020,480,0,0,6,7.8,3201,3127
2026-09-24,C,AST-020,480,0,0,20,7.8,3029,2992
2026-09-25,A,AST-020,480,0,0,11,7.8,3143,3107
2026-09-25,B,AST-020,480,0,0,11,7.8,3040,2985
2026-09-25,C,AST-020,480,0,0,9,7.8,2871,2810
2026-09-26,A,AST-020,480,0,0,10,7.8,3138,3096
2026-09-26,B,AST-020,480,0,0,13,7.8,3172,3102
2026-09-26,C,AST-020,480,0,0,1,7.8,2995,2962
2026-09-27,A,AST-020,480,0,0,5,7.8,3180,3157
2026-09-27,B,AST-020,480,0,0,23,7.8,2866,2806
2026-09-27,C,AST-020,480,0,0,6,7.8,2979,2932
2026-09-28,A,AST-020,480,0,0,24,7.8,2745,2705
2026-09-28,B,AST-020,480,0,0,2,7.8,3021,2971
2026-06-01,A,AST-021,480,0,0,20,8.8,2621,2587
2026-06-01,B,AST-021,480,0,0,16,8.8,2588,2543
2026-06-01,C,AST-021,480,0,0,10,8.8,2703,2672
2026-06-02,A,AST-021,480,0,0,5,8.8,2785,2727
2026-06-02,B,AST-021,480,0,0,11,8.8,2739,2723
2026-06-02,C,AST-021,480,0,0,0,8.8,2648,2603
2026-06-03,A,AST-021,480,0,0,19,8.8,2834,2798
2026-06-03,B,AST-021,480,0,0,34,8.8,2495,2451
2026-06-03,C,AST-021,480,0,0,2,8.8,2640,2594
2026-06-04,A,AST-021,480,0,0,18,8.8,2778,2753
2026-06-04,B,AST-021,480,0,0,40,8.8,2570,2535
2026-06-04,C,AST-021,480,0,0,6,8.8,2664,2631
2026-06-05,A,AST-021,480,0,0,4,8.8,2807,2750
2026-06-05,B,AST-021,480,0,0,33,8.8,2504,2459
2026-06-05,C,AST-021,480,0,0,37,8.8,2526,2487
2026-06-06,A,AST-021,480,0,0,15,8.8,2789,2746
2026-06-06,B,AST-021,480,0,0,21,8.8,2668,2628
2026-06-06,C,AST-021,480,0,0,33,8.8,2507,2483
2026-06-07,A,AST-021,480,0,0,4,8.8,2738,2698
2026-06-07,B,AST-021,480,0,0,2,8.8,2937,2928
2026-06-07,C,AST-021,480,0,0,27,8.8,2571,2527
2026-06-08,A,AST-021,480,0,0,2,8.8,2846,2800
2026-06-08,B,AST-021,480,0,0,16,8.8,2678,2647
2026-06-08,C,AST-021,480,0,0,5,8.8,2575,2549
2026-06-09,A,AST-021,480,0,0,7,8.8,2591,2544
2026-06-09,B,AST-021,480,0,0,18,8.8,2612,2582
2026-06-09,C,AST-021,480,0,0,3,8.8,2686,2642
2026-06-10,A,AST-021,480,0,0,1,8.8,2672,2638
2026-06-10,B,AST-021,480,0,0,31,8.8,2604,2590
2026-06-10,C,AST-021,480,0,0,13,8.8,2524,2486
2026-06-11,A,AST-021,480,0,120,16,8.8,2005,1956
2026-06-11,B,AST-021,480,0,0,17,8.8,2602,2564
2026-06-11,C,AST-021,480,0,0,3,8.8,2761,2734
2026-06-12,A,AST-021,480,0,0,4,8.8,2755,2713
2026-06-12,B,AST-021,480,0,0,1,8.8,2791,2749
2026-06-12,C,AST-021,480,0,0,15,8.8,2798,2773
2026-06-13,A,AST-021,480,0,0,11,8.8,2635,2591
2026-06-13,B,AST-021,480,0,0,15,8.8,2781,2753
2026-06-13,C,AST-021,480,0,0,15,8.8,2649,2638
2026-06-14,A,AST-021,480,0,0,16,8.8,2654,2578
2026-06-14,B,AST-021,480,0,0,40,8.8,2500,2461
2026-06-14,C,AST-021,480,0,0,6,8.8,2601,2583
2026-06-15,A,AST-021,480,0,0,1,8.8,2635,2578
2026-06-15,B,AST-021,480,0,0,3,8.8,2777,2720
2026-06-15,C,AST-021,480,0,0,4,8.8,2726,2698
2026-06-16,A,AST-021,480,0,0,6,8.8,2660,2622
2026-06-16,B,AST-021,480,0,0,21,8.8,2682,2642
2026-06-16,C,AST-021,480,0,0,18,8.8,2585,2541
2026-06-17,A,AST-021,480,0,0,9,8.8,2688,2646
2026-06-17,B,AST-021,480,0,0,8,8.8,2840,2780
2026-06-17,C,AST-021,480,0,0,30,8.8,2754,2724
2026-06-18,A,AST-021,480,0,0,21,8.8,2499,2451
2026-06-18,B,AST-021,480,0,0,8,8.8,2821,2781
2026-06-18,C,AST-021,480,0,0,5,8.8,2769,2702
2026-06-19,A,AST-021,480,0,0,9,8.8,2453,2390
2026-06-19,B,AST-021,480,0,0,40,8.8,2419,2353
2026-06-19,C,AST-021,480,0,0,34,8.8,2504,2434
2026-06-20,A,AST-021,480,0,0,5,8.8,2678,2579
2026-06-20,B,AST-021,480,0,0,3,8.8,2635,2528
2026-06-20,C,AST-021,480,0,0,16,8.8,2479,2378
2026-06-21,A,AST-021,480,0,0,5,8.8,2482,2391
2026-06-21,B,AST-021,480,0,0,4,8.8,2391,2260
2026-06-21,C,AST-021,480,0,0,15,8.8,2417,2266
2026-06-22,A,AST-021,480,0,0,29,8.8,2224,2073
2026-06-22,B,AST-021,480,270,0,4,8.8,1126,1079
2026-06-22,C,AST-021,480,480,0,10,8.8,0,0
2026-06-23,A,AST-021,480,480,0,40,8.8,0,0
2026-06-23,B,AST-021,480,180,0,4,8.8,1627,1601
2026-06-23,C,AST-021,480,0,0,23,8.8,2686,2643
2026-06-24,A,AST-021,480,0,0,13,8.8,2824,2767
2026-06-24,B,AST-021,480,0,0,40,8.8,2514,2490
2026-06-24,C,AST-021,480,0,0,31,8.8,2572,2522
2026-06-25,A,AST-021,480,0,0,9,8.8,2804,2758
2026-06-25,B,AST-021,480,0,0,6,8.8,2706,2662
2026-06-25,C,AST-021,480,0,0,4,8.8,2615,2582
2026-06-26,A,AST-021,480,0,0,3,8.8,2619,2594
2026-06-26,B,AST-021,480,0,0,11,8.8,2685,2626
2026-06-26,C,AST-021,480,0,0,8,8.8,2660,2614
2026-06-27,A,AST-021,480,0,0,23,8.8,2566,2552
2026-06-27,B,AST-021,480,0,0,10,8.8,2498,2450
2026-06-27,C,AST-021,480,0,0,34,8.8,2601,2562
2026-06-28,A,AST-021,480,0,0,1,8.8,2623,2580
2026-06-28,B,AST-021,480,0,0,12,8.8,2816,2780
2026-06-28,C,AST-021,480,0,0,25,8.8,2546,2530
2026-06-29,A,AST-021,480,0,0,11,8.8,2693,2658
2026-06-29,B,AST-021,480,0,0,0,8.8,2629,2595
2026-06-29,C,AST-021,480,0,0,3,8.8,2857,2804
2026-06-30,A,AST-021,480,0,0,10,8.8,2768,2719
2026-06-30,B,AST-021,480,0,0,7,8.8,2636,2602
2026-06-30,C,AST-021,480,0,0,12,8.8,2669,2632
2026-07-01,A,AST-021,480,0,0,10,8.8,2575,2532
2026-07-01,B,AST-021,480,0,0,5,8.8,2830,2775
2026-07-01,C,AST-021,480,0,0,3,8.8,2962,2911
2026-07-02,A,AST-021,480,0,0,0,8.8,2768,2732
2026-07-02,B,AST-021,480,0,0,7,8.8,2684,2647
2026-07-02,C,AST-021,480,0,0,23,8.8,2487,2442
2026-07-03,A,AST-021,480,0,0,28,8.8,2557,2523
2026-07-03,B,AST-021,480,0,0,19,8.8,2574,2505
2026-07-03,C,AST-021,480,0,0,7,8.8,2546,2518
2026-07-04,A,AST-021,480,0,0,1,8.8,2584,2559
2026-07-04,B,AST-021,480,0,0,29,8.8,2625,2593
2026-07-04,C,AST-021,480,0,0,13,8.8,2735,2690
2026-07-05,A,AST-021,480,0,0,21,8.8,2604,2571
2026-07-05,B,AST-021,480,0,0,21,8.8,2486,2449
2026-07-05,C,AST-021,480,0,0,39,8.8,2554,2519
2026-07-06,A,AST-021,480,0,0,1,8.8,2603,2559
2026-07-06,B,AST-021,480,0,0,3,8.8,2686,2629
2026-07-06,C,AST-021,480,0,0,6,8.8,2756,2702
2026-07-07,A,AST-021,480,0,0,15,8.8,2645,2616
2026-07-07,B,AST-021,480,0,0,4,8.8,2717,2628
2026-07-07,C,AST-021,480,0,0,29,8.8,2567,2532
2026-07-08,A,AST-021,480,0,0,34,8.8,2470,2400
2026-07-08,B,AST-021,480,0,0,13,8.8,2752,2713
2026-07-08,C,AST-021,480,0,0,23,8.8,2677,2628
2026-07-09,A,AST-021,480,0,0,7,8.8,2718,2683
2026-07-09,B,AST-021,480,0,0,9,8.8,2581,2559
2026-07-09,C,AST-021,480,0,0,8,8.8,2582,2551
2026-07-10,A,AST-021,480,0,0,0,8.8,2693,2663
2026-07-10,B,AST-021,480,0,0,21,8.8,2584,2548
2026-07-10,C,AST-021,480,0,0,9,8.8,2722,2687
2026-07-11,A,AST-021,480,0,120,13,8.8,1952,1895
2026-07-11,B,AST-021,480,0,0,23,8.8,2600,2552
2026-07-11,C,AST-021,480,0,0,11,8.8,2598,2575
2026-07-12,A,AST-021,480,0,0,6,8.8,2434,2400
2026-07-12,B,AST-021,480,0,0,6,8.8,2817,2774
2026-07-12,C,AST-021,480,0,0,27,8.8,2613,2579
2026-07-13,A,AST-021,480,0,0,18,8.8,2566,2538
2026-07-13,B,AST-021,480,0,0,11,8.8,2739,2723
2026-07-13,C,AST-021,480,0,0,23,8.8,2631,2595
2026-07-14,A,AST-021,480,0,0,30,8.8,2707,2680
2026-07-14,B,AST-021,480,0,0,1,8.8,2670,2612
2026-07-14,C,AST-021,480,0,0,4,8.8,2701,2649
2026-07-15,A,AST-021,480,0,0,2,8.8,2996,2942
2026-07-15,B,AST-021,480,0,0,15,8.8,2674,2625
2026-07-15,C,AST-021,480,0,0,2,8.8,2746,2686
2026-07-16,A,AST-021,480,0,0,6,8.8,2726,2711
2026-07-16,B,AST-021,480,0,0,15,8.8,2479,2456
2026-07-16,C,AST-021,480,0,0,30,8.8,2601,2564
2026-07-17,A,AST-021,480,0,0,1,8.8,2766,2705
2026-07-17,B,AST-021,480,0,0,6,8.8,2696,2649
2026-07-17,C,AST-021,480,0,0,12,8.8,2573,2513
2026-07-18,A,AST-021,480,0,0,9,8.8,2678,2613
2026-07-18,B,AST-021,480,0,0,4,8.8,2573,2507
2026-07-18,C,AST-021,480,0,0,2,8.8,2525,2460
2026-07-19,A,AST-021,480,0,0,40,8.8,2415,2345
2026-07-19,B,AST-021,480,0,0,6,8.8,2693,2603
2026-07-19,C,AST-021,480,0,0,10,8.8,2497,2417
2026-07-20,A,AST-021,480,0,0,35,8.8,2368,2275
2026-07-20,B,AST-021,480,0,0,0,8.8,2580,2469
2026-07-20,C,AST-021,480,0,0,25,8.8,2344,2243
2026-07-21,A,AST-021,480,0,0,25,8.8,2280,2172
2026-07-21,B,AST-021,480,0,0,2,8.8,2360,2255
2026-07-21,C,AST-021,480,0,0,0,8.8,2299,2164
2026-07-22,A,AST-021,480,0,0,6,8.8,2297,2134
2026-07-22,B,AST-021,480,0,0,20,8.8,2116,1979
2026-07-22,C,AST-021,480,0,0,9,8.8,2311,2150
2026-07-23,A,AST-021,480,450,0,3,8.8,161,158
2026-07-23,B,AST-021,480,480,0,6,8.8,0,0
2026-07-23,C,AST-021,480,480,0,5,8.8,0,0
2026-07-24,A,AST-021,480,480,0,25,8.8,0,0
2026-07-24,B,AST-021,480,480,0,15,8.8,0,0
2026-07-24,C,AST-021,480,480,0,40,8.8,0,0
2026-07-25,A,AST-021,480,480,0,7,8.8,0,0
2026-07-25,B,AST-021,480,480,0,37,8.8,0,0
2026-07-25,C,AST-021,480,480,0,18,8.8,0,0
2026-07-26,A,AST-021,480,480,0,12,8.8,0,0
2026-07-26,B,AST-021,480,480,0,36,8.8,0,0
2026-07-26,C,AST-021,480,480,0,10,8.8,0,0
2026-07-27,A,AST-021,480,480,0,2,8.8,0,0
2026-07-27,B,AST-021,480,480,0,27,8.8,0,0
2026-07-27,C,AST-021,480,480,0,8,8.8,0,0
2026-07-28,A,AST-021,480,480,0,17,8.8,0,0
2026-07-28,B,AST-021,480,90,0,1,8.8,2264,2225
2026-07-28,C,AST-021,480,0,0,34,8.8,2562,2526
2026-07-29,A,AST-021,480,0,0,1,8.8,2873,2828
2026-07-29,B,AST-021,480,0,0,16,8.8,2612,2597
2026-07-29,C,AST-021,480,0,0,15,8.8,2775,2726
2026-07-30,A,AST-021,480,0,0,21,8.8,2627,2580
2026-07-30,B,AST-021,480,0,0,3,8.8,2596,2549
2026-07-30,C,AST-021,480,0,0,5,8.8,2682,2647
2026-07-31,A,AST-021,480,0,0,0,8.8,2835,2790
2026-07-31,B,AST-021,480,0,0,14,8.8,2660,2596
2026-07-31,C,AST-021,480,0,0,14,8.8,2630,2562
2026-08-01,A,AST-021,480,0,0,10,8.8,2609,2562
2026-08-01,B,AST-021,480,0,0,33,8.8,2675,2636
2026-08-01,C,AST-021,480,0,0,9,8.8,2761,2695
2026-08-02,A,AST-021,480,0,0,1,8.8,2854,2800
2026-08-02,B,AST-021,480,0,0,20,8.8,2626,2575
2026-08-02,C,AST-021,480,0,0,0,8.8,2734,2696
2026-08-03,A,AST-021,480,0,0,7,8.8,2717,2701
2026-08-03,B,AST-021,480,0,0,4,8.8,2666,2621
2026-08-03,C,AST-021,480,0,0,40,8.8,2325,2306
2026-08-04,A,AST-021,480,0,0,18,8.8,2610,2583
2026-08-04,B,AST-021,480,0,0,27,8.8,2572,2543
2026-08-04,C,AST-021,480,0,0,12,8.8,2703,2664
2026-08-05,A,AST-021,480,0,0,12,8.8,2732,2692
2026-08-05,B,AST-021,480,0,0,0,8.8,2816,2752
2026-08-05,C,AST-021,480,0,0,9,8.8,2667,2638
2026-08-06,A,AST-021,480,0,0,12,8.8,2656,2628
2026-08-06,B,AST-021,480,0,0,2,8.8,2683,2622
2026-08-06,C,AST-021,480,0,0,1,8.8,2752,2720
2026-08-07,A,AST-021,480,0,0,22,8.8,2544,2481
2026-08-07,B,AST-021,480,0,0,23,8.8,2587,2536
2026-08-07,C,AST-021,480,0,0,7,8.8,2846,2832
2026-08-08,A,AST-021,480,0,0,31,8.8,2413,2396
2026-08-08,B,AST-021,480,0,0,8,8.8,2737,2710
2026-08-08,C,AST-021,480,0,0,1,8.8,2742,2711
2026-08-09,A,AST-021,480,0,0,6,8.8,2765,2739
2026-08-09,B,AST-021,480,0,0,6,8.8,2796,2768
2026-08-09,C,AST-021,480,0,0,0,8.8,2649,2600
2026-08-10,A,AST-021,480,0,120,40,8.8,1948,1910
2026-08-10,B,AST-021,480,0,0,0,8.8,2814,2769
2026-08-10,C,AST-021,480,0,0,40,8.8,2635,2614
2026-08-11,A,AST-021,480,0,0,7,8.8,2654,2637
2026-08-11,B,AST-021,480,0,0,14,8.8,2758,2726
2026-08-11,C,AST-021,480,0,0,25,8.8,2546,2479
2026-08-12,A,AST-021,480,0,0,23,8.8,2710,2675
2026-08-12,B,AST-021,480,0,0,8,8.8,2743,2677
2026-08-12,C,AST-021,480,0,0,15,8.8,2614,2584
2026-08-13,A,AST-021,480,0,0,6,8.8,2573,2520
2026-08-13,B,AST-021,480,0,0,5,8.8,2560,2515
2026-08-13,C,AST-021,480,0,0,15,8.8,2845,2807
2026-08-14,A,AST-021,480,0,0,28,8.8,2672,2650
2026-08-14,B,AST-021,480,0,0,7,8.8,2546,2491
2026-08-14,C,AST-021,480,0,0,2,8.8,2694,2642
2026-08-15,A,AST-021,480,0,0,40,8.8,2589,2579
2026-08-15,B,AST-021,480,0,0,3,8.8,2696,2639
2026-08-15,C,AST-021,480,0,0,10,8.8,2673,2658
2026-08-16,A,AST-021,480,0,0,4,8.8,2814,2753
2026-08-16,B,AST-021,480,0,0,4,8.8,2841,2804
2026-08-16,C,AST-021,480,0,0,4,8.8,2939,2881
2026-08-17,A,AST-021,480,0,0,16,8.8,2769,2732
2026-08-17,B,AST-021,480,0,0,14,8.8,2659,2604
2026-08-17,C,AST-021,480,0,0,16,8.8,2639,2608
2026-08-18,A,AST-021,480,0,0,24,8.8,2592,2561
2026-08-18,B,AST-021,480,0,0,8,8.8,2870,2845
2026-08-18,C,AST-021,480,0,0,4,8.8,2620,2604
2026-08-19,A,AST-021,480,0,0,3,8.8,2578,2530
2026-08-19,B,AST-021,480,0,0,8,8.8,2726,2694
2026-08-19,C,AST-021,480,0,0,0,8.8,2755,2726
2026-08-20,A,AST-021,480,0,0,40,8.8,2500,2455
2026-08-20,B,AST-021,480,0,0,4,8.8,2629,2590
2026-08-20,C,AST-021,480,0,0,3,8.8,2656,2609
2026-08-21,A,AST-021,480,0,0,5,8.8,2642,2582
2026-08-21,B,AST-021,480,0,0,10,8.8,2778,2726
2026-08-21,C,AST-021,480,0,0,28,8.8,2641,2601
2026-08-22,A,AST-021,480,0,0,0,8.8,2672,2632
2026-08-22,B,AST-021,480,0,0,3,8.8,2887,2843
2026-08-22,C,AST-021,480,0,0,1,8.8,2650,2613
2026-08-23,A,AST-021,480,0,0,4,8.8,2969,2890
2026-08-23,B,AST-021,480,0,0,40,8.8,2415,2368
2026-08-23,C,AST-021,480,0,0,20,8.8,2656,2614
2026-08-24,A,AST-021,480,0,0,15,8.8,2679,2629
2026-08-24,B,AST-021,480,0,0,1,8.8,2786,2736
2026-08-24,C,AST-021,480,0,0,1,8.8,2662,2626
2026-08-25,A,AST-021,480,0,0,17,8.8,2777,2729
2026-08-25,B,AST-021,480,0,0,14,8.8,2623,2566
2026-08-25,C,AST-021,480,0,0,17,8.8,2616,2570
2026-08-26,A,AST-021,480,0,0,5,8.8,2850,2808
2026-08-26,B,AST-021,480,0,0,1,8.8,2688,2657
2026-08-26,C,AST-021,480,0,0,2,8.8,2892,2852
2026-08-27,A,AST-021,480,0,0,12,8.8,2707,2650
2026-08-27,B,AST-021,480,0,0,15,8.8,2789,2759
2026-08-27,C,AST-021,480,0,0,2,8.8,2695,2662
2026-08-28,A,AST-021,480,0,0,15,8.8,2545,2500
2026-08-28,B,AST-021,480,0,0,2,8.8,2810,2770
2026-08-28,C,AST-021,480,0,0,2,8.8,2742,2712
2026-08-29,A,AST-021,480,0,0,4,8.8,2683,2646
2026-08-29,B,AST-021,480,0,0,1,8.8,2929,2882
2026-08-29,C,AST-021,480,0,0,37,8.8,2520,2500
2026-08-30,A,AST-021,480,0,0,4,8.8,2713,2674
2026-08-30,B,AST-021,480,0,0,11,8.8,2672,2606
2026-08-30,C,AST-021,480,0,0,12,8.8,2594,2565
2026-08-31,A,AST-021,480,0,0,1,8.8,2754,2711
2026-08-31,B,AST-021,480,0,0,0,8.8,2879,2849
2026-08-31,C,AST-021,480,0,0,4,8.8,2728,2677
2026-09-01,A,AST-021,480,0,0,4,8.8,2707,2666
2026-09-01,B,AST-021,480,0,0,5,8.8,2752,2705
2026-09-01,C,AST-021,480,0,0,3,8.8,2543,2509
2026-09-02,A,AST-021,480,0,0,40,8.8,2767,2713
2026-09-02,B,AST-021,480,0,0,0,8.8,2615,2547
2026-09-02,C,AST-021,480,0,0,17,8.8,2585,2541
2026-09-03,A,AST-021,480,0,0,4,8.8,2694,2653
2026-09-03,B,AST-021,480,0,0,6,8.8,2755,2713
2026-09-03,C,AST-021,480,0,0,0,8.8,2795,2771
2026-09-04,A,AST-021,480,0,0,16,8.8,2687,2673
2026-09-04,B,AST-021,480,0,0,0,8.8,2729,2696
2026-09-04,C,AST-021,480,0,0,14,8.8,2645,2608
2026-09-05,A,AST-021,480,0,0,4,8.8,2659,2654
2026-09-05,B,AST-021,480,0,0,17,8.8,2725,2695
2026-09-05,C,AST-021,480,0,0,10,8.8,2655,2581
2026-09-06,A,AST-021,480,0,0,2,8.8,2826,2755
2026-09-06,B,AST-021,480,0,0,13,8.8,2750,2719
2026-09-06,C,AST-021,480,0,0,7,8.8,2584,2540
2026-09-07,A,AST-021,480,0,0,9,8.8,2694,2662
2026-09-07,B,AST-021,480,0,0,23,8.8,2619,2564
2026-09-07,C,AST-021,480,0,0,1,8.8,2684,2653
2026-09-08,A,AST-021,480,0,0,6,8.8,2683,2641
2026-09-08,B,AST-021,480,0,0,4,8.8,2772,2723
2026-09-08,C,AST-021,480,0,0,13,8.8,2771,2754
2026-09-09,A,AST-021,480,0,120,38,8.8,1905,1872
2026-09-09,B,AST-021,480,0,0,5,8.8,2645,2599
2026-09-09,C,AST-021,480,0,0,11,8.8,2500,2459
2026-09-10,A,AST-021,480,0,0,8,8.8,2813,2746
2026-09-10,B,AST-021,480,0,0,34,8.8,2687,2654
2026-09-10,C,AST-021,480,0,0,7,8.8,2779,2723
2026-09-11,A,AST-021,480,0,0,11,8.8,2700,2657
2026-09-11,B,AST-021,480,0,0,0,8.8,2817,2769
2026-09-11,C,AST-021,480,0,0,5,8.8,2435,2403
2026-09-12,A,AST-021,480,0,0,23,8.8,2683,2644
2026-09-12,B,AST-021,480,0,0,40,8.8,2540,2479
2026-09-12,C,AST-021,480,0,0,7,8.8,2904,2875
2026-09-13,A,AST-021,480,0,0,10,8.8,2718,2673
2026-09-13,B,AST-021,480,0,0,28,8.8,2609,2569
2026-09-13,C,AST-021,480,0,0,1,8.8,2749,2713
2026-09-14,A,AST-021,480,0,0,24,8.8,2648,2608
2026-09-14,B,AST-021,480,0,0,10,8.8,2475,2439
2026-09-14,C,AST-021,480,0,0,18,8.8,2728,2686
2026-09-15,A,AST-021,480,0,0,16,8.8,2683,2633
2026-09-15,B,AST-021,480,0,0,40,8.8,2515,2489
2026-09-15,C,AST-021,480,0,0,40,8.8,2294,2265
2026-09-16,A,AST-021,480,0,0,33,8.8,2466,2453
2026-09-16,B,AST-021,480,0,0,23,8.8,2420,2385
2026-09-16,C,AST-021,480,0,0,14,8.8,2666,2623
2026-09-17,A,AST-021,480,0,0,22,8.8,2672,2612
2026-09-17,B,AST-021,480,0,0,0,8.8,2663,2642
2026-09-17,C,AST-021,480,0,0,13,8.8,2599,2557
2026-09-18,A,AST-021,480,0,0,24,8.8,2534,2491
2026-09-18,B,AST-021,480,0,0,20,8.8,2755,2706
2026-09-18,C,AST-021,480,0,0,2,8.8,2838,2814
2026-09-19,A,AST-021,480,0,0,19,8.8,2743,2725
2026-09-19,B,AST-021,480,0,0,11,8.8,2589,2549
2026-09-19,C,AST-021,480,0,0,2,8.8,2745,2674
2026-09-20,A,AST-021,480,0,0,3,8.8,2764,2724
2026-09-20,B,AST-021,480,0,0,27,8.8,2630,2580
2026-09-20,C,AST-021,480,0,0,14,8.8,2534,2497
2026-09-21,A,AST-021,480,0,0,11,8.8,2660,2648
2026-09-21,B,AST-021,480,0,0,27,8.8,2426,2385
2026-09-21,C,AST-021,480,0,0,7,8.8,2791,2736
2026-09-22,A,AST-021,480,0,0,17,8.8,2604,2568
2026-09-22,B,AST-021,480,0,0,0,8.8,2720,2709
2026-09-22,C,AST-021,480,0,0,2,8.8,2746,2711
2026-09-23,A,AST-021,480,0,0,17,8.8,2706,2657
2026-09-23,B,AST-021,480,0,0,5,8.8,2750,2694
2026-09-23,C,AST-021,480,0,0,40,8.8,2406,2369
2026-09-24,A,AST-021,480,0,0,2,8.8,2810,2769
2026-09-24,B,AST-021,480,0,0,0,8.8,2650,2601
2026-09-24,C,AST-021,480,0,0,9,8.8,2638,2575
2026-09-25,A,AST-021,480,0,0,1,8.8,2726,2677
2026-09-25,B,AST-021,480,0,0,34,8.8,2460,2442
2026-09-25,C,AST-021,480,0,0,5,8.8,2885,2832
2026-09-26,A,AST-021,480,0,0,1,8.8,2613,2557
2026-09-26,B,AST-021,480,0,0,12,8.8,2691,2662
2026-09-26,C,AST-021,480,0,0,11,8.8,2675,2646
2026-09-27,A,AST-021,480,0,0,9,8.8,2734,2685
2026-09-27,B,AST-021,480,0,0,0,8.8,2718,2718
2026-09-27,C,AST-021,480,0,0,3,8.8,2629,2617
2026-09-28,A,AST-021,480,0,0,19,8.8,2818,2778
2026-09-28,B,AST-021,480,0,0,9,8.8,2649,2608
2026-06-01,A,AST-022,480,0,0,1,7.9,3207,3148
2026-06-01,B,AST-022,480,0,0,40,7.9,2838,2816
2026-06-01,C,AST-022,480,0,0,2,7.9,3162,3114
2026-06-02,A,AST-022,480,0,0,8,7.9,3161,3101
2026-06-02,B,AST-022,480,0,0,5,7.9,3030,2986
2026-06-02,C,AST-022,480,0,0,9,7.9,2965,2923
2026-06-03,A,AST-022,480,0,0,28,7.9,2826,2786
2026-06-03,B,AST-022,480,0,0,19,7.9,2898,2841
2026-06-03,C,AST-022,480,0,0,25,7.9,2816,2789
2026-06-04,A,AST-022,480,0,0,7,7.9,3071,3030
2026-06-04,B,AST-022,480,0,0,0,7.9,3090,3061
2026-06-04,C,AST-022,480,0,0,37,7.9,2718,2679
2026-06-05,A,AST-022,480,0,0,17,7.9,3217,3184
2026-06-05,B,AST-022,480,0,0,13,7.9,2919,2881
2026-06-05,C,AST-022,480,0,0,3,7.9,2971,2932
2026-06-06,A,AST-022,480,0,0,19,7.9,2903,2860
2026-06-06,B,AST-022,480,0,0,35,7.9,2776,2728
2026-06-06,C,AST-022,480,0,0,1,7.9,3100,3034
2026-06-07,A,AST-022,480,0,0,7,7.9,3097,3094
2026-06-07,B,AST-022,480,0,0,17,7.9,3011,2962
2026-06-07,C,AST-022,480,0,0,5,7.9,2980,2911
2026-06-08,A,AST-022,480,0,0,3,7.9,3065,3012
2026-06-08,B,AST-022,480,0,0,12,7.9,2966,2912
2026-06-08,C,AST-022,480,0,0,3,7.9,3009,2951
2026-06-09,A,AST-022,480,0,0,12,7.9,3059,3005
2026-06-09,B,AST-022,480,0,0,9,7.9,2953,2890
2026-06-09,C,AST-022,480,0,0,24,7.9,2914,2867
2026-06-10,A,AST-022,480,0,0,6,7.9,3120,3082
2026-06-10,B,AST-022,480,0,0,14,7.9,2887,2837
2026-06-10,C,AST-022,480,0,0,40,7.9,2732,2674
2026-06-11,A,AST-022,480,0,0,34,7.9,2768,2739
2026-06-11,B,AST-022,480,0,0,1,7.9,2873,2809
2026-06-11,C,AST-022,480,0,0,2,7.9,2964,2951
2026-06-12,A,AST-022,480,0,0,27,7.9,2815,2787
2026-06-12,B,AST-022,480,0,0,10,7.9,3249,3210
2026-06-12,C,AST-022,480,0,0,4,7.9,2911,2893
2026-06-13,A,AST-022,480,0,0,1,7.9,3125,3095
2026-06-13,B,AST-022,480,0,0,17,7.9,2790,2735
2026-06-13,C,AST-022,480,0,0,2,7.9,3243,3243
2026-06-14,A,AST-022,480,0,0,0,7.9,3183,3142
2026-06-14,B,AST-022,480,0,0,1,7.9,3169,3117
2026-06-14,C,AST-022,480,0,0,0,7.9,2909,2877
2026-06-15,A,AST-022,480,0,0,0,7.9,3118,3068
2026-06-15,B,AST-022,480,0,0,2,7.9,3101,3042
2026-06-15,C,AST-022,480,0,0,0,7.9,3127,3063
2026-06-16,A,AST-022,480,0,0,13,7.9,3094,3056
2026-06-16,B,AST-022,480,0,0,10,7.9,2976,2916
2026-06-16,C,AST-022,480,0,0,0,7.9,2954,2931
2026-06-17,A,AST-022,480,0,0,7,7.9,3134,3099
2026-06-17,B,AST-022,480,0,0,6,7.9,3118,3068
2026-06-17,C,AST-022,480,0,0,0,7.9,3112,3066
2026-06-18,A,AST-022,480,0,0,3,7.9,2951,2931
2026-06-18,B,AST-022,480,0,0,1,7.9,3120,3084
2026-06-18,C,AST-022,480,0,0,1,7.9,3125,3076
2026-06-19,A,AST-022,480,0,0,21,7.9,3091,3027
2026-06-19,B,AST-022,480,0,0,18,7.9,3060,2992
2026-06-19,C,AST-022,480,0,0,18,7.9,3047,3002
2026-06-20,A,AST-022,480,0,0,21,7.9,2838,2785
2026-06-20,B,AST-022,480,0,0,3,7.9,3228,3175
2026-06-20,C,AST-022,480,0,0,8,7.9,2996,2955
2026-06-21,A,AST-022,480,0,0,1,7.9,3175,3138
2026-06-21,B,AST-022,480,0,0,14,7.9,2921,2859
2026-06-21,C,AST-022,480,0,0,14,7.9,2915,2862
2026-06-22,A,AST-022,480,0,0,34,7.9,2913,2878
2026-06-22,B,AST-022,480,0,0,1,7.9,3266,3214
2026-06-22,C,AST-022,480,0,0,8,7.9,2961,2924
2026-06-23,A,AST-022,480,0,0,2,7.9,3059,3032
2026-06-23,B,AST-022,480,0,0,13,7.9,3042,3013
2026-06-23,C,AST-022,480,0,0,18,7.9,2876,2819
2026-06-24,A,AST-022,480,0,0,10,7.9,2924,2881
2026-06-24,B,AST-022,480,0,0,34,7.9,2844,2802
2026-06-24,C,AST-022,480,0,0,7,7.9,2895,2834
2026-06-25,A,AST-022,480,0,0,3,7.9,3053,2994
2026-06-25,B,AST-022,480,0,0,3,7.9,2876,2835
2026-06-25,C,AST-022,480,0,0,36,7.9,2933,2856
2026-06-26,A,AST-022,480,0,0,3,7.9,3043,3001
2026-06-26,B,AST-022,480,0,0,3,7.9,3066,3000
2026-06-26,C,AST-022,480,0,0,2,7.9,3127,3089
2026-06-27,A,AST-022,480,0,120,6,7.9,2355,2339
2026-06-27,B,AST-022,480,0,0,1,7.9,3089,3023
2026-06-27,C,AST-022,480,0,0,29,7.9,2892,2850
2026-06-28,A,AST-022,480,0,0,1,7.9,3237,3194
2026-06-28,B,AST-022,480,0,0,11,7.9,3040,2989
2026-06-28,C,AST-022,480,0,0,11,7.9,2884,2841
2026-06-29,A,AST-022,480,0,0,8,7.9,3034,2989
2026-06-29,B,AST-022,480,0,0,14,7.9,2886,2810
2026-06-29,C,AST-022,480,0,0,14,7.9,2973,2913
2026-06-30,A,AST-022,480,0,0,40,7.9,2862,2801
2026-06-30,B,AST-022,480,0,0,9,7.9,3081,3054
2026-06-30,C,AST-022,480,0,0,10,7.9,3024,2974
2026-07-01,A,AST-022,480,0,0,5,7.9,2969,2938
2026-07-01,B,AST-022,480,0,0,8,7.9,3065,3036
2026-07-01,C,AST-022,480,0,0,24,7.9,2844,2816
2026-07-02,A,AST-022,480,0,0,31,7.9,3061,2985
2026-07-02,B,AST-022,480,0,0,11,7.9,3030,2970
2026-07-02,C,AST-022,480,0,0,4,7.9,2995,2970
2026-07-03,A,AST-022,480,0,0,2,7.9,2977,2932
2026-07-03,B,AST-022,480,0,0,9,7.9,3012,2990
2026-07-03,C,AST-022,480,0,0,2,7.9,2971,2935
2026-07-04,A,AST-022,480,0,0,2,7.9,3194,3153
2026-07-04,B,AST-022,480,0,0,40,7.9,2845,2809
2026-07-04,C,AST-022,480,0,0,25,7.9,3004,2949
2026-07-05,A,AST-022,480,0,0,4,7.9,2953,2890
2026-07-05,B,AST-022,480,0,0,11,7.9,2944,2901
2026-07-05,C,AST-022,480,0,0,7,7.9,3207,3180
2026-07-06,A,AST-022,480,0,0,7,7.9,3239,3161
2026-07-06,B,AST-022,480,0,0,0,7.9,3225,3198
2026-07-06,C,AST-022,480,0,0,29,7.9,2826,2794
2026-07-07,A,AST-022,480,0,0,0,7.9,3079,3032
2026-07-07,B,AST-022,480,0,0,18,7.9,3084,3056
2026-07-07,C,AST-022,480,0,0,29,7.9,2837,2794
2026-07-08,A,AST-022,480,0,0,19,7.9,3089,3023
2026-07-08,B,AST-022,480,0,0,22,7.9,2888,2836
2026-07-08,C,AST-022,480,0,0,10,7.9,3007,2939
2026-07-09,A,AST-022,480,0,0,10,7.9,2932,2867
2026-07-09,B,AST-022,480,0,0,15,7.9,2935,2886
2026-07-09,C,AST-022,480,0,0,1,7.9,3121,3101
2026-07-10,A,AST-022,480,0,0,18,7.9,2965,2935
2026-07-10,B,AST-022,480,0,0,9,7.9,2832,2793
2026-07-10,C,AST-022,480,0,0,3,7.9,2947,2899
2026-07-11,A,AST-022,480,0,0,1,7.9,2720,2673
2026-07-11,B,AST-022,480,0,0,5,7.9,2876,2808
2026-07-11,C,AST-022,480,0,0,5,7.9,2984,2959
2026-07-12,A,AST-022,480,0,0,19,7.9,2870,2826
2026-07-12,B,AST-022,480,0,0,11,7.9,3056,3023
2026-07-12,C,AST-022,480,0,0,19,7.9,2935,2876
2026-07-13,A,AST-022,480,0,0,9,7.9,2954,2906
2026-07-13,B,AST-022,480,0,0,39,7.9,2758,2711
2026-07-13,C,AST-022,480,0,0,4,7.9,3211,3162
2026-07-14,A,AST-022,480,0,0,8,7.9,2992,2947
2026-07-14,B,AST-022,480,0,0,1,7.9,2972,2930
2026-07-14,C,AST-022,480,0,0,0,7.9,3160,3124
2026-07-15,A,AST-022,480,0,0,6,7.9,2784,2746
2026-07-15,B,AST-022,480,0,0,18,7.9,3077,3015
2026-07-15,C,AST-022,480,0,0,5,7.9,3068,3046
2026-07-16,A,AST-022,480,0,0,20,7.9,2923,2873
2026-07-16,B,AST-022,480,0,0,19,7.9,3021,2976
2026-07-16,C,AST-022,480,0,0,13,7.9,2815,2765
2026-07-17,A,AST-022,480,0,0,9,7.9,3097,3069
2026-07-17,B,AST-022,480,0,0,0,7.9,2915,2872
2026-07-17,C,AST-022,480,0,0,10,7.9,2835,2795
2026-07-18,A,AST-022,480,0,0,13,7.9,2996,2960
2026-07-18,B,AST-022,480,0,0,8,7.9,2914,2865
2026-07-18,C,AST-022,480,0,0,25,7.9,3115,3068
2026-07-19,A,AST-022,480,0,0,8,7.9,2892,2848
2026-07-19,B,AST-022,480,0,0,24,7.9,3060,3018
2026-07-19,C,AST-022,480,0,0,8,7.9,3085,3066
2026-07-20,A,AST-022,480,0,0,3,7.9,2835,2788
2026-07-20,B,AST-022,480,0,0,1,7.9,3029,2948
2026-07-20,C,AST-022,480,0,0,6,7.9,3092,3032
2026-07-21,A,AST-022,480,0,0,0,7.9,3087,3049
2026-07-21,B,AST-022,480,0,0,5,7.9,3122,3051
2026-07-21,C,AST-022,480,0,0,5,7.9,3149,3103
2026-07-22,A,AST-022,480,0,0,12,7.9,2877,2829
2026-07-22,B,AST-022,480,0,0,5,7.9,3018,2990
2026-07-22,C,AST-022,480,0,0,14,7.9,2991,2958
2026-07-23,A,AST-022,480,0,0,15,7.9,3206,3163
2026-07-23,B,AST-022,480,0,0,30,7.9,2820,2801
2026-07-23,C,AST-022,480,0,0,6,7.9,3005,2969
2026-07-24,A,AST-022,480,0,0,11,7.9,2933,2873
2026-07-24,B,AST-022,480,0,0,3,7.9,3174,3129
2026-07-24,C,AST-022,480,0,0,21,7.9,3053,3002
2026-07-25,A,AST-022,480,0,0,13,7.9,2915,2893
2026-07-25,B,AST-022,480,0,0,40,7.9,2727,2667
2026-07-25,C,AST-022,480,0,0,35,7.9,2794,2740
2026-07-26,A,AST-022,480,0,0,12,7.9,3212,3141
2026-07-26,B,AST-022,480,0,0,1,7.9,2977,2928
2026-07-26,C,AST-022,480,0,0,4,7.9,3104,3073
2026-07-27,A,AST-022,480,0,120,17,7.9,2164,2142
2026-07-27,B,AST-022,480,0,0,19,7.9,2988,2913
2026-07-27,C,AST-022,480,0,0,6,7.9,2932,2916
2026-07-28,A,AST-022,480,0,0,1,7.9,2976,2931
2026-07-28,B,AST-022,480,0,0,22,7.9,2899,2857
2026-07-28,C,AST-022,480,0,0,19,7.9,3018,2967
2026-07-29,A,AST-022,480,0,0,0,7.9,3026,2982
2026-07-29,B,AST-022,480,0,0,9,7.9,3180,3159
2026-07-29,C,AST-022,480,0,0,3,7.9,3174,3153
2026-07-30,A,AST-022,480,0,0,8,7.9,3200,3163
2026-07-30,B,AST-022,480,0,0,3,7.9,3097,3050
2026-07-30,C,AST-022,480,0,0,1,7.9,2991,2947
2026-07-31,A,AST-022,480,0,0,1,7.9,3229,3199
2026-07-31,B,AST-022,480,0,0,19,7.9,2982,2935
2026-07-31,C,AST-022,480,0,0,30,7.9,2688,2653
2026-08-01,A,AST-022,480,0,0,20,7.9,3164,3126
2026-08-01,B,AST-022,480,0,0,0,7.9,2991,2919
2026-08-01,C,AST-022,480,0,0,6,7.9,3187,3119
2026-08-02,A,AST-022,480,0,0,8,7.9,2693,2656
2026-08-02,B,AST-022,480,0,0,11,7.9,3000,2966
2026-08-02,C,AST-022,480,0,0,8,7.9,2969,2892
2026-08-03,A,AST-022,480,0,0,0,7.9,2871,2821
2026-08-03,B,AST-022,480,0,0,2,7.9,2996,2973
2026-08-03,C,AST-022,480,0,0,23,7.9,2895,2861
2026-08-04,A,AST-022,480,0,0,23,7.9,2855,2821
2026-08-04,B,AST-022,480,0,0,5,7.9,3059,3022
2026-08-04,C,AST-022,480,0,0,2,7.9,3017,2966
2026-08-05,A,AST-022,480,0,0,0,7.9,3149,3100
2026-08-05,B,AST-022,480,0,0,18,7.9,2863,2836
2026-08-05,C,AST-022,480,0,0,4,7.9,3100,3055
2026-08-06,A,AST-022,480,0,0,31,7.9,2717,2681
2026-08-06,B,AST-022,480,0,0,3,7.9,3184,3137
2026-08-06,C,AST-022,480,0,0,0,7.9,3349,3305
2026-08-07,A,AST-022,480,0,0,12,7.9,2873,2823
2026-08-07,B,AST-022,480,0,0,32,7.9,2701,2660
2026-08-07,C,AST-022,480,0,0,21,7.9,3139,3096
2026-08-08,A,AST-022,480,0,0,7,7.9,3033,2982
2026-08-08,B,AST-022,480,0,0,1,7.9,3122,3100
2026-08-08,C,AST-022,480,0,0,2,7.9,3006,2971
2026-08-09,A,AST-022,480,0,0,9,7.9,3137,3100
2026-08-09,B,AST-022,480,0,0,6,7.9,2999,2950
2026-08-09,C,AST-022,480,0,0,35,7.9,2961,2917
2026-08-10,A,AST-022,480,0,0,15,7.9,3017,2989
2026-08-10,B,AST-022,480,0,0,12,7.9,3032,2990
2026-08-10,C,AST-022,480,0,0,3,7.9,2951,2878
2026-08-11,A,AST-022,480,0,0,22,7.9,2799,2763
2026-08-11,B,AST-022,480,0,0,27,7.9,2925,2887
2026-08-11,C,AST-022,480,0,0,3,7.9,3101,3065
2026-08-12,A,AST-022,480,0,0,21,7.9,2981,2927
2026-08-12,B,AST-022,480,0,0,5,7.9,2955,2890
2026-08-12,C,AST-022,480,0,0,19,7.9,3025,2989
2026-08-13,A,AST-022,480,0,0,9,7.9,3237,3156
2026-08-13,B,AST-022,480,0,0,12,7.9,3043,3000
2026-08-13,C,AST-022,480,0,0,40,7.9,2727,2683
2026-08-14,A,AST-022,480,0,0,4,7.9,3054,2994
2026-08-14,B,AST-022,480,0,0,9,7.9,3121,3068
2026-08-14,C,AST-022,480,0,0,35,7.9,2884,2845
2026-08-15,A,AST-022,480,0,0,27,7.9,2839,2788
2026-08-15,B,AST-022,480,0,0,19,7.9,2763,2724
2026-08-15,C,AST-022,480,0,0,4,7.9,3057,3006
2026-08-16,A,AST-022,480,0,0,17,7.9,2889,2866
2026-08-16,B,AST-022,480,0,0,17,7.9,2989,2939
2026-08-16,C,AST-022,480,0,0,1,7.9,3193,3146
2026-08-17,A,AST-022,480,0,0,4,7.9,2992,2942
2026-08-17,B,AST-022,480,0,0,3,7.9,3154,3095
2026-08-17,C,AST-022,480,0,0,10,7.9,2958,2901
2026-08-18,A,AST-022,480,0,0,11,7.9,2954,2924
2026-08-18,B,AST-022,480,0,0,1,7.9,3007,2962
2026-08-18,C,AST-022,480,0,0,6,7.9,2860,2806
2026-08-19,A,AST-022,480,0,0,12,7.9,2989,2958
2026-08-19,B,AST-022,480,0,0,7,7.9,2955,2902
2026-08-19,C,AST-022,480,0,0,27,7.9,2982,2934
2026-08-20,A,AST-022,480,0,0,19,7.9,2858,2819
2026-08-20,B,AST-022,480,0,0,15,7.9,2850,2822
2026-08-20,C,AST-022,480,0,0,13,7.9,3082,3028
2026-08-21,A,AST-022,480,0,0,2,7.9,3229,3179
2026-08-21,B,AST-022,480,0,0,5,7.9,2944,2892
2026-08-21,C,AST-022,480,0,0,27,7.9,2876,2842
2026-08-22,A,AST-022,480,0,0,19,7.9,2840,2794
2026-08-22,B,AST-022,480,0,0,11,7.9,3075,3059
2026-08-22,C,AST-022,480,0,0,25,7.9,2858,2802
2026-08-23,A,AST-022,480,0,0,2,7.9,2958,2902
2026-08-23,B,AST-022,480,0,0,7,7.9,3028,2989
2026-08-23,C,AST-022,480,0,0,10,7.9,2975,2900
2026-08-24,A,AST-022,480,0,0,9,7.9,3102,3056
2026-08-24,B,AST-022,480,0,0,4,7.9,3047,3001
2026-08-24,C,AST-022,480,0,0,13,7.9,2884,2862
2026-08-25,A,AST-022,480,0,0,12,7.9,2936,2898
2026-08-25,B,AST-022,480,0,0,9,7.9,2903,2862
2026-08-25,C,AST-022,480,0,0,8,7.9,3206,3176
2026-08-26,A,AST-022,480,0,120,10,7.9,2239,2186
2026-08-26,B,AST-022,480,0,0,2,7.9,3232,3188
2026-08-26,C,AST-022,480,0,0,8,7.9,2940,2902
2026-08-27,A,AST-022,480,0,0,0,7.9,3010,2967
2026-08-27,B,AST-022,480,0,0,1,7.9,3004,2958
2026-08-27,C,AST-022,480,0,0,25,7.9,2901,2852
2026-08-28,A,AST-022,480,0,0,39,7.9,2790,2757
2026-08-28,B,AST-022,480,0,0,11,7.9,3097,3019
2026-08-28,C,AST-022,480,0,0,24,7.9,2986,2911
2026-08-29,A,AST-022,480,0,0,1,7.9,2998,2971
2026-08-29,B,AST-022,480,0,0,14,7.9,2947,2889
2026-08-29,C,AST-022,480,0,0,40,7.9,3018,2981
2026-08-30,A,AST-022,480,0,0,2,7.9,3012,2964
2026-08-30,B,AST-022,480,0,0,24,7.9,2771,2712
2026-08-30,C,AST-022,480,0,0,18,7.9,2993,2969
2026-08-31,A,AST-022,480,0,0,2,7.9,3056,3032
2026-08-31,B,AST-022,480,0,0,3,7.9,3018,2972
2026-08-31,C,AST-022,480,0,0,0,7.9,2956,2889
2026-09-01,A,AST-022,480,0,0,7,7.9,2931,2884
2026-09-01,B,AST-022,480,0,0,11,7.9,2949,2900
2026-09-01,C,AST-022,480,0,0,2,7.9,2934,2875
2026-09-02,A,AST-022,480,0,0,3,7.9,3026,2985
2026-09-02,B,AST-022,480,0,0,1,7.9,3099,3053
2026-09-02,C,AST-022,480,0,0,3,7.9,3108,3074
2026-09-03,A,AST-022,480,0,0,35,7.9,2947,2890
2026-09-03,B,AST-022,480,0,0,20,7.9,2930,2899
2026-09-03,C,AST-022,480,0,0,8,7.9,2984,2914
2026-09-04,A,AST-022,480,0,0,40,7.9,2871,2843
2026-09-04,B,AST-022,480,0,0,25,7.9,2915,2888
2026-09-04,C,AST-022,480,0,0,3,7.9,3077,2999
2026-09-05,A,AST-022,480,0,0,5,7.9,3095,3063
2026-09-05,B,AST-022,480,0,0,1,7.9,3221,3181
2026-09-05,C,AST-022,480,0,0,4,7.9,3009,2959
2026-09-06,A,AST-022,480,0,0,27,7.9,2737,2677
2026-09-06,B,AST-022,480,0,0,27,7.9,2792,2723
2026-09-06,C,AST-022,480,0,0,13,7.9,3154,3108
2026-09-07,A,AST-022,480,0,0,38,7.9,2982,2933
2026-09-07,B,AST-022,480,0,0,2,7.9,3157,3088
2026-09-07,C,AST-022,480,0,0,31,7.9,2817,2762
2026-09-08,A,AST-022,480,0,0,24,7.9,2807,2770
2026-09-08,B,AST-022,480,0,0,0,7.9,3071,3004
2026-09-08,C,AST-022,480,0,0,6,7.9,2929,2925
2026-09-09,A,AST-022,480,0,0,7,7.9,3004,2954
2026-09-09,B,AST-022,480,0,0,9,7.9,3024,2967
2026-09-09,C,AST-022,480,0,0,7,7.9,2887,2826
2026-09-10,A,AST-022,480,0,0,16,7.9,2985,2932
2026-09-10,B,AST-022,480,0,0,0,7.9,3036,2991
2026-09-10,C,AST-022,480,0,0,0,7.9,2875,2839
2026-09-11,A,AST-022,480,0,0,2,7.9,2920,2855
2026-09-11,B,AST-022,480,0,0,11,7.9,3115,3077
2026-09-11,C,AST-022,480,0,0,0,7.9,3233,3165
2026-09-12,A,AST-022,480,0,0,13,7.9,3180,3117
2026-09-12,B,AST-022,480,0,0,40,7.9,2881,2830
2026-09-12,C,AST-022,480,0,0,34,7.9,2871,2831
2026-09-13,A,AST-022,480,0,0,2,7.9,2986,2974
2026-09-13,B,AST-022,480,0,0,16,7.9,2798,2769
2026-09-13,C,AST-022,480,0,0,40,7.9,2984,2983
2026-09-14,A,AST-022,480,0,0,25,7.9,2948,2884
2026-09-14,B,AST-022,480,0,0,21,7.9,2987,2936
2026-09-14,C,AST-022,480,0,0,6,7.9,3058,3020
2026-09-15,A,AST-022,480,0,0,40,7.9,2902,2883
2026-09-15,B,AST-022,480,0,0,9,7.9,3112,3056
2026-09-15,C,AST-022,480,0,0,20,7.9,2901,2838
2026-09-16,A,AST-022,480,0,0,29,7.9,3020,2958
2026-09-16,B,AST-022,480,0,0,3,7.9,3059,3015
2026-09-16,C,AST-022,480,0,0,12,7.9,2990,2947
2026-09-17,A,AST-022,480,0,0,9,7.9,2898,2834
2026-09-17,B,AST-022,480,0,0,7,7.9,3158,3122
2026-09-17,C,AST-022,480,0,0,5,7.9,3142,3098
2026-09-18,A,AST-022,480,0,0,12,7.9,3129,3093
2026-09-18,B,AST-022,480,0,0,14,7.9,3030,2999
2026-09-18,C,AST-022,480,0,0,9,7.9,2824,2802
2026-09-19,A,AST-022,480,0,0,13,7.9,2979,2946
2026-09-19,B,AST-022,480,0,0,39,7.9,2546,2528
2026-09-19,C,AST-022,480,0,0,20,7.9,3019,2952
2026-09-20,A,AST-022,480,0,0,0,7.9,2906,2848
2026-09-20,B,AST-022,480,0,0,3,7.9,3027,2986
2026-09-20,C,AST-022,480,0,0,3,7.9,3001,2956
2026-09-21,A,AST-022,480,0,0,6,7.9,2958,2924
2026-09-21,B,AST-022,480,0,0,3,7.9,3098,3062
2026-09-21,C,AST-022,480,0,0,24,7.9,2865,2834
2026-09-22,A,AST-022,480,0,0,13,7.9,2906,2887
2026-09-22,B,AST-022,480,0,0,0,7.9,3002,2957
2026-09-22,C,AST-022,480,0,0,0,7.9,3070,2993
2026-09-23,A,AST-022,480,0,0,1,7.9,3105,3074
2026-09-23,B,AST-022,480,0,0,6,7.9,3037,3003
2026-09-23,C,AST-022,480,0,0,7,7.9,3046,2981
2026-09-24,A,AST-022,480,0,0,15,7.9,2951,2894
2026-09-24,B,AST-022,480,0,0,10,7.9,3027,2975
2026-09-24,C,AST-022,480,0,0,2,7.9,3097,3069
2026-09-25,A,AST-022,480,0,120,4,7.9,2289,2274
2026-09-25,B,AST-022,480,0,0,24,7.9,2882,2846
2026-09-25,C,AST-022,480,0,0,5,7.9,3025,2993
2026-09-26,A,AST-022,480,0,0,1,7.9,2856,2813
2026-09-26,B,AST-022,480,0,0,10,7.9,2888,2849
2026-09-26,C,AST-022,480,0,0,31,7.9,3077,3018
2026-09-27,A,AST-022,480,0,0,19,7.9,3013,2952
2026-09-27,B,AST-022,480,0,0,0,7.9,3010,2979
2026-09-27,C,AST-022,480,0,0,12,7.9,2867,2833
2026-09-28,A,AST-022,480,0,0,7,7.9,3005,2972
2026-09-28,B,AST-022,480,0,0,2,7.9,2988,2939
2026-06-01,A,AST-023,480,0,0,2,8.7,2937,2887
2026-06-01,B,AST-023,480,0,0,21,8.7,2679,2662
2026-06-01,C,AST-023,480,0,0,29,8.7,2499,2445
2026-06-02,A,AST-023,480,0,0,5,8.7,2740,2685
2026-06-02,B,AST-023,480,0,0,16,8.7,2559,2511
2026-06-02,C,AST-023,480,0,0,14,8.7,2675,2624
2026-06-03,A,AST-023,480,0,0,22,8.7,2627,2575
2026-06-03,B,AST-023,480,0,0,0,8.7,2719,2671
2026-06-03,C,AST-023,480,0,0,2,8.7,2669,2620
2026-06-04,A,AST-023,480,0,0,3,8.7,2541,2514
2026-06-04,B,AST-023,480,0,0,14,8.7,2671,2642
2026-06-04,C,AST-023,480,0,0,18,8.7,2809,2745
2026-06-05,A,AST-023,480,0,0,22,8.7,2807,2773
2026-06-05,B,AST-023,480,0,0,15,8.7,2740,2725
2026-06-05,C,AST-023,480,0,0,25,8.7,2599,2567
2026-06-06,A,AST-023,480,0,0,4,8.7,2700,2649
2026-06-06,B,AST-023,480,0,0,40,8.7,2443,2423
2026-06-06,C,AST-023,480,0,0,26,8.7,2699,2678
2026-06-07,A,AST-023,480,0,0,22,8.7,2599,2579
2026-06-07,B,AST-023,480,0,0,36,8.7,2568,2553
2026-06-07,C,AST-023,480,0,0,7,8.7,2697,2654
2026-06-08,A,AST-023,480,0,0,8,8.7,2869,2803
2026-06-08,B,AST-023,480,0,0,15,8.7,2556,2519
2026-06-08,C,AST-023,480,0,0,0,8.7,2596,2562
2026-06-09,A,AST-023,480,0,0,14,8.7,2730,2692
2026-06-09,B,AST-023,480,0,0,21,8.7,2748,2688
2026-06-09,C,AST-023,480,0,0,24,8.7,2640,2602
2026-06-10,A,AST-023,480,0,0,2,8.7,2644,2619
2026-06-10,B,AST-023,480,0,0,1,8.7,2724,2671
2026-06-10,C,AST-023,480,0,0,22,8.7,2643,2608
2026-06-11,A,AST-023,480,0,0,6,8.7,2856,2812
2026-06-11,B,AST-023,480,0,0,7,8.7,2770,2726
2026-06-11,C,AST-023,480,0,0,12,8.7,2741,2701
2026-06-12,A,AST-023,480,0,0,16,8.7,2709,2683
2026-06-12,B,AST-023,480,0,0,2,8.7,2776,2750
2026-06-12,C,AST-023,480,0,0,19,8.7,2547,2512
2026-06-13,A,AST-023,480,0,0,5,8.7,2758,2745
2026-06-13,B,AST-023,480,0,0,6,8.7,2766,2716
2026-06-13,C,AST-023,480,0,0,14,8.7,2678,2655
2026-06-14,A,AST-023,480,0,0,12,8.7,2631,2607
2026-06-14,B,AST-023,480,0,0,7,8.7,2575,2519
2026-06-14,C,AST-023,480,0,0,13,8.7,2619,2585
2026-06-15,A,AST-023,480,0,0,8,8.7,2754,2691
2026-06-15,B,AST-023,480,0,0,5,8.7,2818,2768
2026-06-15,C,AST-023,480,0,0,4,8.7,2943,2902
2026-06-16,A,AST-023,480,0,120,8,8.7,1951,1909
2026-06-16,B,AST-023,480,0,0,0,8.7,2691,2643
2026-06-16,C,AST-023,480,0,0,6,8.7,2748,2718
2026-06-17,A,AST-023,480,0,0,4,8.7,2817,2766
2026-06-17,B,AST-023,480,0,0,4,8.7,2675,2650
2026-06-17,C,AST-023,480,0,0,19,8.7,2658,2613
2026-06-18,A,AST-023,480,0,0,20,8.7,2618,2595
2026-06-18,B,AST-023,480,0,0,14,8.7,2565,2539
2026-06-18,C,AST-023,480,0,0,5,8.7,2850,2834
2026-06-19,A,AST-023,480,0,0,37,8.7,2545,2502
2026-06-19,B,AST-023,480,0,0,4,8.7,2921,2860
2026-06-19,C,AST-023,480,0,0,3,8.7,2788,2730
2026-06-20,A,AST-023,480,0,0,12,8.7,2724,2679
2026-06-20,B,AST-023,480,0,0,10,8.7,2624,2599
2026-06-20,C,AST-023,480,0,0,11,8.7,2632,2585
2026-06-21,A,AST-023,480,0,0,25,8.7,2526,2457
2026-06-21,B,AST-023,480,0,0,1,8.7,2837,2777
2026-06-21,C,AST-023,480,0,0,9,8.7,2557,2520
2026-06-22,A,AST-023,480,0,0,9,8.7,2805,2751
2026-06-22,B,AST-023,480,0,0,0,8.7,2769,2720
2026-06-22,C,AST-023,480,0,0,2,8.7,2815,2770
2026-06-23,A,AST-023,480,0,0,3,8.7,2950,2934
2026-06-23,B,AST-023,480,0,0,0,8.7,2673,2624
2026-06-23,C,AST-023,480,0,0,8,8.7,2648,2623
2026-06-24,A,AST-023,480,0,0,9,8.7,2609,2552
2026-06-24,B,AST-023,480,0,0,40,8.7,2757,2723
2026-06-24,C,AST-023,480,0,0,10,8.7,2625,2588
2026-06-25,A,AST-023,480,0,0,36,8.7,2635,2603
2026-06-25,B,AST-023,480,0,0,5,8.7,2592,2554
2026-06-25,C,AST-023,480,0,0,2,8.7,2669,2625
2026-06-26,A,AST-023,480,0,0,6,8.7,2845,2787
2026-06-26,B,AST-023,480,0,0,8,8.7,2708,2660
2026-06-26,C,AST-023,480,0,0,2,8.7,2780,2737
2026-06-27,A,AST-023,480,0,0,25,8.7,2737,2695
2026-06-27,B,AST-023,480,0,0,16,8.7,2630,2573
2026-06-27,C,AST-023,480,0,0,12,8.7,2497,2450
2026-06-28,A,AST-023,480,0,0,24,8.7,2535,2511
2026-06-28,B,AST-023,480,0,0,6,8.7,2667,2630
2026-06-28,C,AST-023,480,0,0,30,8.7,2510,2448
2026-06-29,A,AST-023,480,0,0,4,8.7,2877,2843
2026-06-29,B,AST-023,480,0,0,35,8.7,2529,2486
2026-06-29,C,AST-023,480,0,0,4,8.7,2952,2919
2026-06-30,A,AST-023,480,0,0,15,8.7,2688,2633
2026-06-30,B,AST-023,480,0,0,24,8.7,2683,2646
2026-06-30,C,AST-023,480,0,0,30,8.7,2658,2625
2026-07-01,A,AST-023,480,0,0,18,8.7,2718,2683
2026-07-01,B,AST-023,480,0,0,4,8.7,2731,2679
2026-07-01,C,AST-023,480,0,0,31,8.7,2564,2523
2026-07-02,A,AST-023,480,0,0,2,8.7,2941,2894
2026-07-02,B,AST-023,480,0,0,17,8.7,2837,2810
2026-07-02,C,AST-023,480,0,0,15,8.7,2678,2624
2026-07-03,A,AST-023,480,0,0,23,8.7,2685,2664
2026-07-03,B,AST-023,480,0,0,4,8.7,2767,2743
2026-07-03,C,AST-023,480,0,0,0,8.7,2921,2873
2026-07-04,A,AST-023,480,0,0,2,8.7,2784,2765
2026-07-04,B,AST-023,480,0,0,13,8.7,2781,2752
2026-07-04,C,AST-023,480,0,0,8,8.7,2651,2604
2026-07-05,A,AST-023,480,0,0,9,8.7,2740,2685
2026-07-05,B,AST-023,480,0,0,6,8.7,2725,2672
2026-07-05,C,AST-023,480,0,0,12,8.7,2757,2714
2026-07-06,A,AST-023,480,0,0,0,8.7,2844,2813
2026-07-06,B,AST-023,480,0,0,1,8.7,2929,2881
2026-07-06,C,AST-023,480,0,0,16,8.7,2864,2821
2026-07-07,A,AST-023,480,0,0,7,8.7,2851,2829
2026-07-07,B,AST-023,480,0,0,21,8.7,2808,2756
2026-07-07,C,AST-023,480,0,0,13,8.7,2589,2544
2026-07-08,A,AST-023,480,0,0,13,8.7,2786,2753
2026-07-08,B,AST-023,480,0,0,5,8.7,2681,2628
2026-07-08,C,AST-023,480,0,0,4,8.7,2875,2815
2026-07-09,A,AST-023,480,0,0,2,8.7,2753,2718
2026-07-09,B,AST-023,480,0,0,1,8.7,2803,2751
2026-07-09,C,AST-023,480,0,0,40,8.7,2669,2629
2026-07-10,A,AST-023,480,0,0,1,8.7,2582,2547
2026-07-10,B,AST-023,480,0,0,40,8.7,2445,2411
2026-07-10,C,AST-023,480,0,0,14,8.7,2650,2616
2026-07-11,A,AST-023,480,0,0,11,8.7,2678,2643
2026-07-11,B,AST-023,480,0,0,9,8.7,2797,2748
2026-07-11,C,AST-023,480,0,0,0,8.7,2722,2668
2026-07-12,A,AST-023,480,0,0,16,8.7,2576,2535
2026-07-12,B,AST-023,480,0,0,1,8.7,2784,2751
2026-07-12,C,AST-023,480,0,0,5,8.7,2612,2574
2026-07-13,A,AST-023,480,0,0,12,8.7,2672,2630
2026-07-13,B,AST-023,480,0,0,7,8.7,2749,2687
2026-07-13,C,AST-023,480,0,0,21,8.7,2736,2684
2026-07-14,A,AST-023,480,0,0,2,8.7,2775,2723
2026-07-14,B,AST-023,480,0,0,2,8.7,2761,2708
2026-07-14,C,AST-023,480,0,0,40,8.7,2633,2600
2026-07-15,A,AST-023,480,0,0,20,8.7,2828,2809
2026-07-15,B,AST-023,480,0,0,2,8.7,2735,2681
2026-07-15,C,AST-023,480,0,0,1,8.7,2815,2746
2026-07-16,A,AST-023,480,0,120,17,8.7,1976,1946
2026-07-16,B,AST-023,480,0,0,4,8.7,2924,2894
2026-07-16,C,AST-023,480,0,0,2,8.7,2729,2673
2026-07-17,A,AST-023,480,0,0,38,8.7,2503,2486
2026-07-17,B,AST-023,480,0,0,18,8.7,2629,2563
2026-07-17,C,AST-023,480,0,0,4,8.7,2857,2771
2026-07-18,A,AST-023,480,0,0,19,8.7,2519,2485
2026-07-18,B,AST-023,480,0,0,7,8.7,2851,2821
2026-07-18,C,AST-023,480,0,0,6,8.7,2767,2709
2026-07-19,A,AST-023,480,0,0,6,8.7,2838,2795
2026-07-19,B,AST-023,480,0,0,1,8.7,2683,2648
2026-07-19,C,AST-023,480,0,0,10,8.7,2714,2670
2026-07-20,A,AST-023,480,0,0,2,8.7,2682,2633
2026-07-20,B,AST-023,480,0,0,17,8.7,2798,2743
2026-07-20,C,AST-023,480,0,0,18,8.7,2768,2731
2026-07-21,A,AST-023,480,0,0,3,8.7,2739,2709
2026-07-21,B,AST-023,480,0,0,3,8.7,2837,2769
2026-07-21,C,AST-023,480,0,0,6,8.7,2780,2749
2026-07-22,A,AST-023,480,0,0,0,8.7,2608,2568
2026-07-22,B,AST-023,480,0,0,0,8.7,2927,2888
2026-07-22,C,AST-023,480,0,0,7,8.7,2722,2697
2026-07-23,A,AST-023,480,0,0,8,8.7,2692,2646
2026-07-23,B,AST-023,480,0,0,0,8.7,2747,2711
2026-07-23,C,AST-023,480,0,0,11,8.7,2584,2521
2026-07-24,A,AST-023,480,0,0,1,8.7,2751,2722
2026-07-24,B,AST-023,480,0,0,4,8.7,2860,2802
2026-07-24,C,AST-023,480,0,0,1,8.7,2828,2767
2026-07-25,A,AST-023,480,0,0,11,8.7,2658,2647
2026-07-25,B,AST-023,480,0,0,19,8.7,2563,2523
2026-07-25,C,AST-023,480,0,0,40,8.7,2599,2553
2026-07-26,A,AST-023,480,0,0,2,8.7,2847,2793
2026-07-26,B,AST-023,480,0,0,30,8.7,2568,2546
2026-07-26,C,AST-023,480,0,0,9,8.7,2724,2673
2026-07-27,A,AST-023,480,0,0,12,8.7,2730,2690
2026-07-27,B,AST-023,480,0,0,35,8.7,2635,2622
2026-07-27,C,AST-023,480,0,0,10,8.7,2746,2688
2026-07-28,A,AST-023,480,0,0,3,8.7,2694,2654
2026-07-28,B,AST-023,480,0,0,3,8.7,2729,2693
2026-07-28,C,AST-023,480,0,0,24,8.7,2745,2726
2026-07-29,A,AST-023,480,0,0,5,8.7,2849,2801
2026-07-29,B,AST-023,480,0,0,3,8.7,2795,2746
2026-07-29,C,AST-023,480,0,0,20,8.7,2638,2607
2026-07-30,A,AST-023,480,0,0,8,8.7,2754,2711
2026-07-30,B,AST-023,480,0,0,0,8.7,2834,2786
2026-07-30,C,AST-023,480,0,0,14,8.7,2721,2680
2026-07-31,A,AST-023,480,0,0,29,8.7,2475,2439
2026-07-31,B,AST-023,480,0,0,1,8.7,3108,3067
2026-07-31,C,AST-023,480,0,0,40,8.7,2658,2633
2026-08-01,A,AST-023,480,0,0,30,8.7,2630,2587
2026-08-01,B,AST-023,480,0,0,5,8.7,2837,2794
2026-08-01,C,AST-023,480,0,0,14,8.7,2642,2598
2026-08-02,A,AST-023,480,0,0,5,8.7,2768,2725
2026-08-02,B,AST-023,480,0,0,34,8.7,2467,2447
2026-08-02,C,AST-023,480,0,0,37,8.7,2665,2613
2026-08-03,A,AST-023,480,0,0,23,8.7,2638,2591
2026-08-03,B,AST-023,480,0,0,17,8.7,2500,2478
2026-08-03,C,AST-023,480,0,0,38,8.7,2502,2480
2026-08-04,A,AST-023,480,0,0,14,8.7,2611,2552
2026-08-04,B,AST-023,480,0,0,37,8.7,2665,2615
2026-08-04,C,AST-023,480,0,0,17,8.7,2760,2731
2026-08-05,A,AST-023,480,0,0,31,8.7,2620,2591
2026-08-05,B,AST-023,480,0,0,18,8.7,2817,2763
2026-08-05,C,AST-023,480,0,0,32,8.7,2444,2410
2026-08-06,A,AST-023,480,0,0,26,8.7,2581,2571
2026-08-06,B,AST-023,480,0,0,5,8.7,2780,2740
2026-08-06,C,AST-023,480,0,0,12,8.7,2711,2678
2026-08-07,A,AST-023,480,0,0,17,8.7,2736,2702
2026-08-07,B,AST-023,480,0,0,1,8.7,2644,2590
2026-08-07,C,AST-023,480,0,0,12,8.7,2847,2808
2026-08-08,A,AST-023,480,0,0,11,8.7,2844,2808
2026-08-08,B,AST-023,480,0,0,25,8.7,2642,2602
2026-08-08,C,AST-023,480,0,0,24,8.7,2657,2626
2026-08-09,A,AST-023,480,0,0,9,8.7,2877,2846
2026-08-09,B,AST-023,480,0,0,1,8.7,2641,2628
2026-08-09,C,AST-023,480,0,0,1,8.7,2819,2764
2026-08-10,A,AST-023,480,0,0,3,8.7,2673,2626
2026-08-10,B,AST-023,480,0,0,13,8.7,2974,2938
2026-08-10,C,AST-023,480,0,0,8,8.7,2751,2703
2026-08-11,A,AST-023,480,0,0,4,8.7,2879,2841
2026-08-11,B,AST-023,480,0,0,7,8.7,2703,2651
2026-08-11,C,AST-023,480,0,0,0,8.7,2851,2802
2026-08-12,A,AST-023,480,0,0,20,8.7,2662,2622
2026-08-12,B,AST-023,480,0,0,7,8.7,2894,2856
2026-08-12,C,AST-023,480,0,0,1,8.7,2667,2611
2026-08-13,A,AST-023,480,0,0,5,8.7,2747,2688
2026-08-13,B,AST-023,480,0,0,4,8.7,2752,2727
2026-08-13,C,AST-023,480,0,0,16,8.7,2635,2590
2026-08-14,A,AST-023,480,0,0,7,8.7,2591,2551
2026-08-14,B,AST-023,480,0,0,1,8.7,2944,2898
2026-08-14,C,AST-023,480,0,0,1,8.7,2801,2770
2026-08-15,A,AST-023,480,0,120,18,8.7,2050,2031
2026-08-15,B,AST-023,480,0,0,1,8.7,2645,2616
2026-08-15,C,AST-023,480,0,0,13,8.7,2564,2545
2026-08-16,A,AST-023,480,0,0,11,8.7,2679,2662
2026-08-16,B,AST-023,480,0,0,4,8.7,2863,2837
2026-08-16,C,AST-023,480,0,0,4,8.7,2599,2576
2026-08-17,A,AST-023,480,0,0,40,8.7,2415,2362
2026-08-17,B,AST-023,480,0,0,24,8.7,2723,2697
2026-08-17,C,AST-023,480,0,0,10,8.7,2900,2868
2026-08-18,A,AST-023,480,0,0,14,8.7,2660,2606
2026-08-18,B,AST-023,480,0,0,18,8.7,2720,2688
2026-08-18,C,AST-023,480,0,0,8,8.7,2881,2839
2026-08-19,A,AST-023,480,0,0,10,8.7,2507,2455
2026-08-19,B,AST-023,480,0,0,16,8.7,2771,2717
2026-08-19,C,AST-023,480,0,0,3,8.7,2878,2841
2026-08-20,A,AST-023,480,0,0,40,8.7,2607,2561
2026-08-20,B,AST-023,480,0,0,7,8.7,2735,2694
2026-08-20,C,AST-023,480,0,0,3,8.7,2691,2644
2026-08-21,A,AST-023,480,0,0,2,8.7,2653,2626
2026-08-21,B,AST-023,480,0,0,35,8.7,2554,2539
2026-08-21,C,AST-023,480,0,0,0,8.7,2915,2873
2026-08-22,A,AST-023,480,0,0,24,8.7,2697,2601
2026-08-22,B,AST-023,480,0,0,40,8.7,2636,2589
2026-08-22,C,AST-023,480,0,0,5,8.7,2770,2737
2026-08-23,A,AST-023,480,0,0,19,8.7,2741,2710
2026-08-23,B,AST-023,480,0,0,1,8.7,2760,2729
2026-08-23,C,AST-023,480,0,0,40,8.7,2535,2493
2026-08-24,A,AST-023,480,0,0,10,8.7,2609,2566
2026-08-24,B,AST-023,480,0,0,22,8.7,2723,2669
2026-08-24,C,AST-023,480,0,0,8,8.7,2745,2690
2026-08-25,A,AST-023,480,0,0,40,8.7,2678,2627
2026-08-25,B,AST-023,480,0,0,8,8.7,2782,2740
2026-08-25,C,AST-023,480,0,0,1,8.7,2665,2625
2026-08-26,A,AST-023,480,0,0,4,8.7,2783,2732
2026-08-26,B,AST-023,480,0,0,10,8.7,2766,2729
2026-08-26,C,AST-023,480,0,0,6,8.7,2660,2605
2026-08-27,A,AST-023,480,0,0,5,8.7,2724,2686
2026-08-27,B,AST-023,480,0,0,16,8.7,2669,2617
2026-08-27,C,AST-023,480,0,0,27,8.7,2749,2700
2026-08-28,A,AST-023,480,0,0,5,8.7,2875,2821
2026-08-28,B,AST-023,480,0,0,9,8.7,2681,2641
2026-08-28,C,AST-023,480,0,0,12,8.7,2713,2682
2026-08-29,A,AST-023,480,0,0,5,8.7,2634,2593
2026-08-29,B,AST-023,480,0,0,19,8.7,2791,2774
2026-08-29,C,AST-023,480,0,0,11,8.7,2646,2592
2026-08-30,A,AST-023,480,0,0,4,8.7,2856,2812
2026-08-30,B,AST-023,480,0,0,40,8.7,2641,2607
2026-08-30,C,AST-023,480,0,0,28,8.7,2557,2509
2026-08-31,A,AST-023,480,0,0,8,8.7,2705,2646
2026-08-31,B,AST-023,480,0,0,9,8.7,2696,2665
2026-08-31,C,AST-023,480,0,0,14,8.7,2571,2535
2026-09-01,A,AST-023,480,0,0,40,8.7,2737,2699
2026-09-01,B,AST-023,480,0,0,0,8.7,2615,2610
2026-09-01,C,AST-023,480,0,0,4,8.7,2652,2588
2026-09-02,A,AST-023,480,0,0,20,8.7,2699,2648
2026-09-02,B,AST-023,480,0,0,20,8.7,2754,2722
2026-09-02,C,AST-023,480,0,0,31,8.7,2544,2518
2026-09-03,A,AST-023,480,0,0,23,8.7,2566,2537
2026-09-03,B,AST-023,480,0,0,7,8.7,2606,2560
2026-09-03,C,AST-023,480,0,0,29,8.7,2696,2679
2026-09-04,A,AST-023,480,0,0,6,8.7,2798,2740
2026-09-04,B,AST-023,480,0,0,4,8.7,2693,2619
2026-09-04,C,AST-023,480,0,0,2,8.7,2789,2735
2026-09-05,A,AST-023,480,0,0,10,8.7,2753,2728
2026-09-05,B,AST-023,480,0,0,11,8.7,2618,2560
2026-09-05,C,AST-023,480,0,0,4,8.7,2650,2612
2026-09-06,A,AST-023,480,0,0,25,8.7,2520,2472
2026-09-06,B,AST-023,480,0,0,40,8.7,2487,2444
2026-09-06,C,AST-023,480,0,0,1,8.7,2854,2806
2026-09-07,A,AST-023,480,0,0,36,8.7,2461,2422
2026-09-07,B,AST-023,480,0,0,1,8.7,2853,2802
2026-09-07,C,AST-023,480,0,0,16,8.7,2787,2734
2026-09-08,A,AST-023,480,0,0,14,8.7,2816,2767
2026-09-08,B,AST-023,480,0,0,4,8.7,2751,2712
2026-09-08,C,AST-023,480,0,0,20,8.7,2586,2556
2026-09-09,A,AST-023,480,0,0,8,8.7,2735,2706
2026-09-09,B,AST-023,480,0,0,10,8.7,2863,2820
2026-09-09,C,AST-023,480,0,0,8,8.7,2619,2579
2026-09-10,A,AST-023,480,0,0,1,8.7,2619,2588
2026-09-10,B,AST-023,480,0,0,1,8.7,2917,2900
2026-09-10,C,AST-023,480,0,0,40,8.7,2418,2368
2026-09-11,A,AST-023,480,0,0,22,8.7,2681,2644
2026-09-11,B,AST-023,480,0,0,2,8.7,2648,2590
2026-09-11,C,AST-023,480,0,0,32,8.7,2579,2520
2026-09-12,A,AST-023,480,0,0,7,8.7,2722,2689
2026-09-12,B,AST-023,480,0,0,14,8.7,2587,2546
2026-09-12,C,AST-023,480,0,0,34,8.7,2524,2477
2026-09-13,A,AST-023,480,0,0,9,8.7,2798,2770
2026-09-13,B,AST-023,480,0,0,6,8.7,2825,2790
2026-09-13,C,AST-023,480,0,0,20,8.7,2719,2683
2026-09-14,A,AST-023,480,0,120,1,8.7,2051,2019
2026-09-14,B,AST-023,480,0,0,13,8.7,2738,2709
2026-09-14,C,AST-023,480,0,0,23,8.7,2480,2441
2026-09-15,A,AST-023,480,0,0,8,8.7,2640,2572
2026-09-15,B,AST-023,480,0,0,3,8.7,2777,2733
2026-09-15,C,AST-023,480,0,0,13,8.7,2776,2707
2026-09-16,A,AST-023,480,0,0,24,8.7,2703,2660
2026-09-16,B,AST-023,480,0,0,7,8.7,2576,2555
2026-09-16,C,AST-023,480,0,0,16,8.7,2655,2613
2026-09-17,A,AST-023,480,0,0,2,8.7,2702,2658
2026-09-17,B,AST-023,480,0,0,0,8.7,2674,2633
2026-09-17,C,AST-023,480,0,0,5,8.7,2800,2770
2026-09-18,A,AST-023,480,0,0,3,8.7,2399,2374
2026-09-18,B,AST-023,480,0,0,1,8.7,2607,2547
2026-09-18,C,AST-023,480,0,0,7,8.7,2666,2616
2026-09-19,A,AST-023,480,0,0,14,8.7,2698,2648
2026-09-19,B,AST-023,480,0,0,34,8.7,2503,2432
2026-09-19,C,AST-023,480,0,0,4,8.7,2845,2809
2026-09-20,A,AST-023,480,0,0,1,8.7,2754,2693
2026-09-20,B,AST-023,480,0,0,33,8.7,2512,2466
2026-09-20,C,AST-023,480,0,0,7,8.7,2751,2717
2026-09-21,A,AST-023,480,0,0,6,8.7,2749,2722
2026-09-21,B,AST-023,480,0,0,24,8.7,2614,2571
2026-09-21,C,AST-023,480,0,0,26,8.7,2608,2562
2026-09-22,A,AST-023,480,0,0,1,8.7,2717,2666
2026-09-22,B,AST-023,480,0,0,19,8.7,2653,2632
2026-09-22,C,AST-023,480,0,0,5,8.7,2680,2633
2026-09-23,A,AST-023,480,0,0,0,8.7,2590,2550
2026-09-23,B,AST-023,480,0,0,11,8.7,2661,2630
2026-09-23,C,AST-023,480,0,0,18,8.7,2673,2608
2026-09-24,A,AST-023,480,0,0,0,8.7,2827,2766
2026-09-24,B,AST-023,480,0,0,4,8.7,2908,2845
2026-09-24,C,AST-023,480,0,0,28,8.7,2455,2412
2026-09-25,A,AST-023,480,0,0,16,8.7,2695,2626
2026-09-25,B,AST-023,480,0,0,35,8.7,2610,2577
2026-09-25,C,AST-023,480,0,0,1,8.7,2737,2736
2026-09-26,A,AST-023,480,0,0,16,8.7,2656,2614
2026-09-26,B,AST-023,480,0,0,30,8.7,2570,2527
2026-09-26,C,AST-023,480,0,0,12,8.7,2762,2715
2026-09-27,A,AST-023,480,0,0,4,8.7,2893,2849
2026-09-27,B,AST-023,480,0,0,5,8.7,2809,2794
2026-09-27,C,AST-023,480,0,0,9,8.7,2670,2633
2026-09-28,A,AST-023,480,0,0,4,8.7,2751,2690
2026-09-28,B,AST-023,480,0,0,1,8.7,2830,2775
2026-06-01,A,AST-024,480,0,0,10,8.8,2768,2720
2026-06-01,B,AST-024,480,0,0,2,8.8,2757,2743
2026-06-01,C,AST-024,480,0,0,15,8.8,2601,2573
2026-06-02,A,AST-024,480,0,0,11,8.8,2670,2626
2026-06-02,B,AST-024,480,0,0,16,8.8,2870,2827
2026-06-02,C,AST-024,480,0,0,12,8.8,2852,2825
2026-06-03,A,AST-024,480,0,0,2,8.8,2569,2521
2026-06-03,B,AST-024,480,0,0,2,8.8,2724,2675
2026-06-03,C,AST-024,480,0,0,26,8.8,2588,2536
2026-06-04,A,AST-024,480,0,0,3,8.8,2708,2677
2026-06-04,B,AST-024,480,0,0,6,8.8,2829,2806
2026-06-04,C,AST-024,480,0,0,27,8.8,2601,2568
2026-06-05,A,AST-024,480,0,0,40,8.8,2609,2570
2026-06-05,B,AST-024,480,0,0,8,8.8,2845,2794
2026-06-05,C,AST-024,480,0,0,10,8.8,2834,2796
2026-06-06,A,AST-024,480,0,0,0,8.8,2776,2735
2026-06-06,B,AST-024,480,0,0,15,8.8,2683,2624
2026-06-06,C,AST-024,480,0,0,8,8.8,2709,2677
2026-06-07,A,AST-024,480,0,0,13,8.8,2633,2606
2026-06-07,B,AST-024,480,0,0,5,8.8,2715,2653
2026-06-07,C,AST-024,480,0,0,1,8.8,2879,2836
2026-06-08,A,AST-024,480,0,0,2,8.8,2473,2437
2026-06-08,B,AST-024,480,0,0,8,8.8,2669,2628
2026-06-08,C,AST-024,480,0,0,4,8.8,2657,2595
2026-06-09,A,AST-024,480,0,0,24,8.8,2753,2715
2026-06-09,B,AST-024,480,0,0,6,8.8,2730,2689
2026-06-09,C,AST-024,480,0,0,20,8.8,2679,2668
2026-06-10,A,AST-024,480,0,120,29,8.8,1984,1943
2026-06-10,B,AST-024,480,0,0,4,8.8,2630,2594
2026-06-10,C,AST-024,480,0,0,4,8.8,2814,2744
2026-06-11,A,AST-024,480,0,0,14,8.8,2738,2696
2026-06-11,B,AST-024,480,0,0,37,8.8,2434,2387
2026-06-11,C,AST-024,480,0,0,2,8.8,2745,2706
2026-06-12,A,AST-024,480,0,0,13,8.8,2621,2572
2026-06-12,B,AST-024,480,0,0,12,8.8,2602,2565
2026-06-12,C,AST-024,480,0,0,18,8.8,2872,2856
2026-06-13,A,AST-024,480,0,0,3,8.8,2711,2657
2026-06-13,B,AST-024,480,0,0,0,8.8,2576,2548
2026-06-13,C,AST-024,480,0,0,0,8.8,2743,2679
2026-06-14,A,AST-024,480,0,0,18,8.8,2707,2669
2026-06-14,B,AST-024,480,0,0,19,8.8,2615,2573
2026-06-14,C,AST-024,480,0,0,10,8.8,2641,2613
2026-06-15,A,AST-024,480,0,0,1,8.8,2681,2652
2026-06-15,B,AST-024,480,0,0,16,8.8,2680,2645
2026-06-15,C,AST-024,480,0,0,40,8.8,2520,2490
2026-06-16,A,AST-024,480,0,0,11,8.8,2618,2572
2026-06-16,B,AST-024,480,0,0,3,8.8,2618,2602
2026-06-16,C,AST-024,480,0,0,2,8.8,2769,2701
2026-06-17,A,AST-024,480,0,0,5,8.8,2767,2710
2026-06-17,B,AST-024,480,0,0,0,8.8,2843,2801
2026-06-17,C,AST-024,480,0,0,35,8.8,2606,2562
2026-06-18,A,AST-024,480,0,0,8,8.8,2659,2626
2026-06-18,B,AST-024,480,0,0,3,8.8,2860,2799
2026-06-18,C,AST-024,480,0,0,2,8.8,2686,2663
2026-06-19,A,AST-024,480,0,0,22,8.8,2697,2652
2026-06-19,B,AST-024,480,0,0,8,8.8,2839,2806
2026-06-19,C,AST-024,480,0,0,9,8.8,2820,2775
2026-06-20,A,AST-024,480,0,0,10,8.8,2765,2707
2026-06-20,B,AST-024,480,0,0,36,8.8,2504,2466
2026-06-20,C,AST-024,480,0,0,2,8.8,2997,2953
2026-06-21,A,AST-024,480,0,0,17,8.8,2850,2795
2026-06-21,B,AST-024,480,0,0,26,8.8,2562,2515
2026-06-21,C,AST-024,480,0,0,2,8.8,2670,2643
2026-06-22,A,AST-024,480,0,0,10,8.8,2659,2618
2026-06-22,B,AST-024,480,0,0,3,8.8,2729,2691
2026-06-22,C,AST-024,480,0,0,3,8.8,2589,2565
2026-06-23,A,AST-024,480,0,0,2,8.8,2694,2652
2026-06-23,B,AST-024,480,0,0,40,8.8,2562,2509
2026-06-23,C,AST-024,480,0,0,2,8.8,2674,2639
2026-06-24,A,AST-024,480,0,0,36,8.8,2518,2476
2026-06-24,B,AST-024,480,0,0,40,8.8,2419,2383
2026-06-24,C,AST-024,480,0,0,0,8.8,2750,2703
2026-06-25,A,AST-024,480,0,0,1,8.8,2744,2717
2026-06-25,B,AST-024,480,0,0,2,8.8,2696,2648
2026-06-25,C,AST-024,480,0,0,10,8.8,2682,2634
2026-06-26,A,AST-024,480,0,0,21,8.8,2501,2460
2026-06-26,B,AST-024,480,0,0,5,8.8,2758,2708
2026-06-26,C,AST-024,480,0,0,8,8.8,2588,2581
2026-06-27,A,AST-024,480,0,0,11,8.8,2592,2534
2026-06-27,B,AST-024,480,0,0,18,8.8,2649,2604
2026-06-27,C,AST-024,480,0,0,5,8.8,2795,2749
2026-06-28,A,AST-024,480,0,0,1,8.8,2594,2518
2026-06-28,B,AST-024,480,0,0,9,8.8,2601,2548
2026-06-28,C,AST-024,480,0,0,15,8.8,2750,2683
2026-06-29,A,AST-024,480,0,0,5,8.8,2662,2637
2026-06-29,B,AST-024,480,0,0,32,8.8,2533,2506
2026-06-29,C,AST-024,480,0,0,38,8.8,2634,2576
2026-06-30,A,AST-024,480,0,0,13,8.8,2700,2651
2026-06-30,B,AST-024,480,0,0,1,8.8,2797,2769
2026-06-30,C,AST-024,480,0,0,29,8.8,2397,2340
2026-07-01,A,AST-024,480,0,0,4,8.8,2658,2612
2026-07-01,B,AST-024,480,0,0,14,8.8,2474,2428
2026-07-01,C,AST-024,480,0,0,8,8.8,2565,2522
2026-07-02,A,AST-024,480,0,0,16,8.8,2532,2495
2026-07-02,B,AST-024,480,0,0,1,8.8,2465,2425
2026-07-02,C,AST-024,480,0,0,24,8.8,2755,2701
2026-07-03,A,AST-024,480,0,0,1,8.8,2708,2664
2026-07-03,B,AST-024,480,0,0,40,8.8,2542,2506
2026-07-03,C,AST-024,480,0,0,9,8.8,2714,2661
2026-07-04,A,AST-024,480,0,0,1,8.8,2700,2651
2026-07-04,B,AST-024,480,0,0,7,8.8,2772,2726
2026-07-04,C,AST-024,480,0,0,4,8.8,2635,2608
2026-07-05,A,AST-024,480,0,0,32,8.8,2558,2524
2026-07-05,B,AST-024,480,0,0,15,8.8,2673,2637
2026-07-05,C,AST-024,480,0,0,1,8.8,2787,2746
2026-07-06,A,AST-024,480,0,0,0,8.8,2815,2760
2026-07-06,B,AST-024,480,0,0,14,8.8,2553,2515
2026-07-06,C,AST-024,480,0,0,35,8.8,2617,2588
2026-07-07,A,AST-024,480,0,0,8,8.8,2678,2622
2026-07-07,B,AST-024,480,0,0,6,8.8,2745,2715
2026-07-07,C,AST-024,480,0,0,17,8.8,2497,2451
2026-07-08,A,AST-024,480,0,0,8,8.8,2548,2501
2026-07-08,B,AST-024,480,0,0,18,8.8,2590,2547
2026-07-08,C,AST-024,480,0,0,34,8.8,2391,2376
2026-07-09,A,AST-024,480,0,0,2,8.8,2533,2489
2026-07-09,B,AST-024,480,0,0,3,8.8,2859,2816
2026-07-09,C,AST-024,480,0,0,4,8.8,2786,2739
2026-07-10,A,AST-024,480,0,120,3,8.8,2079,2049
2026-07-10,B,AST-024,480,0,0,5,8.8,2812,2777
2026-07-10,C,AST-024,480,0,0,24,8.8,2537,2486
2026-07-11,A,AST-024,480,0,0,12,8.8,2673,2633
2026-07-11,B,AST-024,480,0,0,38,8.8,2351,2314
2026-07-11,C,AST-024,480,0,0,7,8.8,2867,2835
2026-07-12,A,AST-024,480,0,0,9,8.8,2687,2672
2026-07-12,B,AST-024,480,0,0,18,8.8,2652,2600
2026-07-12,C,AST-024,480,0,0,3,8.8,2838,2774
2026-07-13,A,AST-024,480,0,0,25,8.8,2617,2591
2026-07-13,B,AST-024,480,0,0,13,8.8,2628,2556
2026-07-13,C,AST-024,480,0,0,14,8.8,2642,2579
2026-07-14,A,AST-024,480,0,0,24,8.8,2758,2725
2026-07-14,B,AST-024,480,0,0,11,8.8,2787,2745
2026-07-14,C,AST-024,480,0,0,15,8.8,2802,2764
2026-07-15,A,AST-024,480,0,0,5,8.8,2864,2808
2026-07-15,B,AST-024,480,0,0,4,8.8,2711,2674
2026-07-15,C,AST-024,480,0,0,10,8.8,2611,2565
2026-07-16,A,AST-024,480,0,0,8,8.8,2649,2613
2026-07-16,B,AST-024,480,0,0,9,8.8,2620,2594
2026-07-16,C,AST-024,480,0,0,25,8.8,2676,2645
2026-07-17,A,AST-024,480,0,0,7,8.8,2812,2785
2026-07-17,B,AST-024,480,0,0,7,8.8,2764,2709
2026-07-17,C,AST-024,480,0,0,11,8.8,2767,2723
2026-07-18,A,AST-024,480,0,0,10,8.8,2680,2639
2026-07-18,B,AST-024,480,0,0,8,8.8,2686,2639
2026-07-18,C,AST-024,480,0,0,27,8.8,2576,2558
2026-07-19,A,AST-024,480,0,0,0,8.8,2498,2457
2026-07-19,B,AST-024,480,0,0,8,8.8,2689,2630
2026-07-19,C,AST-024,480,0,0,19,8.8,2411,2379
2026-07-20,A,AST-024,480,0,0,40,8.8,2557,2516
2026-07-20,B,AST-024,480,0,0,8,8.8,2630,2583
2026-07-20,C,AST-024,480,0,0,10,8.8,2673,2630
2026-07-21,A,AST-024,480,0,0,19,8.8,2730,2685
2026-07-21,B,AST-024,480,0,0,17,8.8,2732,2712
2026-07-21,C,AST-024,480,0,0,9,8.8,2728,2692
2026-07-22,A,AST-024,480,0,0,13,8.8,2755,2718
2026-07-22,B,AST-024,480,0,0,1,8.8,2774,2714
2026-07-22,C,AST-024,480,0,0,7,8.8,2767,2707
2026-07-23,A,AST-024,480,0,0,21,8.8,2629,2582
2026-07-23,B,AST-024,480,0,0,0,8.8,2883,2830
2026-07-23,C,AST-024,480,0,0,23,8.8,2572,2503
2026-07-24,A,AST-024,480,0,0,10,8.8,2749,2711
2026-07-24,B,AST-024,480,0,0,12,8.8,2653,2590
2026-07-24,C,AST-024,480,0,0,12,8.8,2579,2549
2026-07-25,A,AST-024,480,0,0,40,8.8,2469,2437
2026-07-25,B,AST-024,480,0,0,13,8.8,2766,2731
2026-07-25,C,AST-024,480,0,0,5,8.8,2737,2704
2026-07-26,A,AST-024,480,0,0,2,8.8,2750,2703
2026-07-26,B,AST-024,480,0,0,0,8.8,2890,2858
2026-07-26,C,AST-024,480,0,0,31,8.8,2423,2409
2026-07-27,A,AST-024,480,0,0,1,8.8,2746,2704
2026-07-27,B,AST-024,480,0,0,5,8.8,2656,2597
2026-07-27,C,AST-024,480,0,0,17,8.8,2666,2619
2026-07-28,A,AST-024,480,0,0,40,8.8,2553,2513
2026-07-28,B,AST-024,480,0,0,4,8.8,2671,2626
2026-07-28,C,AST-024,480,0,0,25,8.8,2679,2643
2026-07-29,A,AST-024,480,0,0,28,8.8,2645,2602
2026-07-29,B,AST-024,480,0,0,8,8.8,2917,2861
2026-07-29,C,AST-024,480,0,0,23,8.8,2521,2485
2026-07-30,A,AST-024,480,0,0,4,8.8,2733,2700
2026-07-30,B,AST-024,480,0,0,8,8.8,2740,2690
2026-07-30,C,AST-024,480,0,0,22,8.8,2464,2422
2026-07-31,A,AST-024,480,0,0,2,8.8,2778,2728
2026-07-31,B,AST-024,480,0,0,9,8.8,2640,2600
2026-07-31,C,AST-024,480,0,0,4,8.8,2729,2673
2026-08-01,A,AST-024,480,0,0,40,8.8,2491,2440
2026-08-01,B,AST-024,480,0,0,11,8.8,2658,2606
2026-08-01,C,AST-024,480,0,0,23,8.8,2719,2670
2026-08-02,A,AST-024,480,0,0,15,8.8,2721,2667
2026-08-02,B,AST-024,480,0,0,17,8.8,2590,2552
2026-08-02,C,AST-024,480,0,0,18,8.8,2548,2535
2026-08-03,A,AST-024,480,0,0,7,8.8,2752,2715
2026-08-03,B,AST-024,480,0,0,11,8.8,2560,2512
2026-08-03,C,AST-024,480,0,0,8,8.8,2806,2779
2026-08-04,A,AST-024,480,0,0,18,8.8,2686,2642
2026-08-04,B,AST-024,480,0,0,5,8.8,2665,2640
2026-08-04,C,AST-024,480,0,0,1,8.8,2600,2565
2026-08-05,A,AST-024,480,0,0,24,8.8,2724,2676
2026-08-05,B,AST-024,480,0,0,14,8.8,2572,2545
2026-08-05,C,AST-024,480,0,0,12,8.8,2811,2772
2026-08-06,A,AST-024,480,0,0,0,8.8,2898,2868
2026-08-06,B,AST-024,480,0,0,10,8.8,2634,2596
2026-08-06,C,AST-024,480,0,0,6,8.8,2864,2788
2026-08-07,A,AST-024,480,0,0,10,8.8,2794,2745
2026-08-07,B,AST-024,480,0,0,5,8.8,2627,2623
2026-08-07,C,AST-024,480,0,0,17,8.8,2727,2667
2026-08-08,A,AST-024,480,0,0,0,8.8,2625,2576
2026-08-08,B,AST-024,480,0,0,3,8.8,2629,2579
2026-08-08,C,AST-024,480,0,0,8,8.8,2678,2638
2026-08-09,A,AST-024,480,0,120,4,8.8,2073,2045
2026-08-09,B,AST-024,480,0,0,24,8.8,2582,2555
2026-08-09,C,AST-024,480,0,0,28,8.8,2667,2625
2026-08-10,A,AST-024,480,0,0,0,8.8,2679,2652
2026-08-10,B,AST-024,480,0,0,8,8.8,2606,2559
2026-08-10,C,AST-024,480,0,0,11,8.8,2660,2652
2026-08-11,A,AST-024,480,0,0,21,8.8,2425,2386
2026-08-11,B,AST-024,480,0,0,17,8.8,2640,2597
2026-08-11,C,AST-024,480,0,0,14,8.8,2627,2583
2026-08-12,A,AST-024,480,0,0,6,8.8,2692,2648
2026-08-12,B,AST-024,480,0,0,3,8.8,2718,2671
2026-08-12,C,AST-024,480,0,0,5,8.8,2899,2891
2026-08-13,A,AST-024,480,0,0,36,8.8,2560,2537
2026-08-13,B,AST-024,480,0,0,28,8.8,2663,2617
2026-08-13,C,AST-024,480,0,0,25,8.8,2670,2631
2026-08-14,A,AST-024,480,0,0,13,8.8,2585,2526
2026-08-14,B,AST-024,480,0,0,32,8.8,2411,2365
2026-08-14,C,AST-024,480,0,0,11,8.8,2699,2650
2026-08-15,A,AST-024,480,0,0,40,8.8,2484,2454
2026-08-15,B,AST-024,480,0,0,3,8.8,2687,2630
2026-08-15,C,AST-024,480,0,0,0,8.8,2884,2859
2026-08-16,A,AST-024,480,0,0,15,8.8,2693,2652
2026-08-16,B,AST-024,480,0,0,1,8.8,2744,2725
2026-08-16,C,AST-024,480,0,0,40,8.8,2416,2382
2026-08-17,A,AST-024,480,0,0,12,8.8,2560,2548
2026-08-17,B,AST-024,480,0,0,28,8.8,2504,2478
2026-08-17,C,AST-024,480,0,0,6,8.8,2461,2432
2026-08-18,A,AST-024,480,0,0,16,8.8,2733,2686
2026-08-18,B,AST-024,480,0,0,3,8.8,2683,2632
2026-08-18,C,AST-024,480,0,0,0,8.8,2843,2834
2026-08-19,A,AST-024,480,0,0,8,8.8,2649,2615
2026-08-19,B,AST-024,480,0,0,1,8.8,2763,2712
2026-08-19,C,AST-024,480,0,0,2,8.8,2680,2637
2026-08-20,A,AST-024,480,0,0,33,8.8,2529,2493
2026-08-20,B,AST-024,480,0,0,15,8.8,2706,2653
2026-08-20,C,AST-024,480,0,0,40,8.8,2557,2513
2026-08-21,A,AST-024,480,0,0,2,8.8,2830,2788
2026-08-21,B,AST-024,480,0,0,10,8.8,2519,2499
2026-08-21,C,AST-024,480,0,0,18,8.8,2689,2642
2026-08-22,A,AST-024,480,0,0,3,8.8,2703,2652
2026-08-22,B,AST-024,480,0,0,6,8.8,2709,2682
2026-08-22,C,AST-024,480,0,0,40,8.8,2517,2455
2026-08-23,A,AST-024,480,0,0,37,8.8,2503,2464
2026-08-23,B,AST-024,480,0,0,2,8.8,2795,2757
2026-08-23,C,AST-024,480,0,0,36,8.8,2630,2601
2026-08-24,A,AST-024,480,0,0,39,8.8,2512,2471
2026-08-24,B,AST-024,480,0,0,39,8.8,2359,2311
2026-08-24,C,AST-024,480,0,0,11,8.8,2904,2873
2026-08-25,A,AST-024,480,0,0,5,8.8,2618,2582
2026-08-25,B,AST-024,480,0,0,24,8.8,2612,2581
2026-08-25,C,AST-024,480,0,0,25,8.8,2547,2504
2026-08-26,A,AST-024,480,0,0,35,8.8,2624,2616
2026-08-26,B,AST-024,480,0,0,2,8.8,2696,2669
2026-08-26,C,AST-024,480,0,0,1,8.8,2879,2844
2026-08-27,A,AST-024,480,0,0,17,8.8,2577,2541
2026-08-27,B,AST-024,480,0,0,22,8.8,2803,2736
2026-08-27,C,AST-024,480,0,0,3,8.8,2617,2564
2026-08-28,A,AST-024,480,0,0,11,8.8,2718,2661
2026-08-28,B,AST-024,480,0,0,17,8.8,2760,2745
2026-08-28,C,AST-024,480,0,0,6,8.8,2650,2612
2026-08-29,A,AST-024,480,0,0,40,8.8,2651,2615
2026-08-29,B,AST-024,480,0,0,18,8.8,2710,2670
2026-08-29,C,AST-024,480,0,0,2,8.8,2589,2576
2026-08-30,A,AST-024,480,0,0,6,8.8,2793,2782
2026-08-30,B,AST-024,480,0,0,40,8.8,2683,2658
2026-08-30,C,AST-024,480,0,0,16,8.8,2724,2660
2026-08-31,A,AST-024,480,0,0,4,8.8,2656,2622
2026-08-31,B,AST-024,480,0,0,39,8.8,2374,2311
2026-08-31,C,AST-024,480,0,0,8,8.8,2726,2700
2026-09-01,A,AST-024,480,0,0,13,8.8,2712,2668
2026-09-01,B,AST-024,480,0,0,4,8.8,2711,2678
2026-09-01,C,AST-024,480,0,0,2,8.8,2662,2613
2026-09-02,A,AST-024,480,0,0,23,8.8,2697,2649
2026-09-02,B,AST-024,480,0,0,30,8.8,2528,2473
2026-09-02,C,AST-024,480,0,0,7,8.8,2821,2778
2026-09-03,A,AST-024,480,0,0,11,8.8,2727,2667
2026-09-03,B,AST-024,480,0,0,0,8.8,2662,2610
2026-09-03,C,AST-024,480,0,0,23,8.8,2675,2656
2026-09-04,A,AST-024,480,0,0,6,8.8,2809,2768
2026-09-04,B,AST-024,480,0,0,3,8.8,2710,2678
2026-09-04,C,AST-024,480,0,0,2,8.8,2712,2670
2026-09-05,A,AST-024,480,0,0,2,8.8,2786,2742
2026-09-05,B,AST-024,480,0,0,10,8.8,2726,2668
2026-09-05,C,AST-024,480,0,0,3,8.8,2810,2772
2026-09-06,A,AST-024,480,0,0,6,8.8,2725,2662
2026-09-06,B,AST-024,480,0,0,4,8.8,2609,2574
2026-09-06,C,AST-024,480,0,0,1,8.8,2898,2877
2026-09-07,A,AST-024,480,0,0,31,8.8,2579,2513
2026-09-07,B,AST-024,480,0,0,27,8.8,2437,2397
2026-09-07,C,AST-024,480,0,0,39,8.8,2449,2419
2026-09-08,A,AST-024,480,0,120,11,8.8,1963,1928
2026-09-08,B,AST-024,480,0,0,1,8.8,2759,2732
2026-09-08,C,AST-024,480,0,0,13,8.8,2563,2488
2026-09-09,A,AST-024,480,0,0,18,8.8,2703,2655
2026-09-09,B,AST-024,480,0,0,40,8.8,2513,2485
2026-09-09,C,AST-024,480,0,0,6,8.8,2828,2789
2026-09-10,A,AST-024,480,0,0,2,8.8,2495,2461
2026-09-10,B,AST-024,480,0,0,1,8.8,2647,2613
2026-09-10,C,AST-024,480,0,0,18,8.8,2521,2469
2026-09-11,A,AST-024,480,0,0,1,8.8,2917,2879
2026-09-11,B,AST-024,480,0,0,7,8.8,2647,2595
2026-09-11,C,AST-024,480,0,0,14,8.8,2798,2761
2026-09-12,A,AST-024,480,0,0,14,8.8,2608,2588
2026-09-12,B,AST-024,480,0,0,2,8.8,2623,2569
2026-09-12,C,AST-024,480,0,0,13,8.8,2618,2588
2026-09-13,A,AST-024,480,0,0,23,8.8,2836,2800
2026-09-13,B,AST-024,480,0,0,14,8.8,2656,2627
2026-09-13,C,AST-024,480,0,0,17,8.8,2745,2706
2026-09-14,A,AST-024,480,0,0,5,8.8,2655,2614
2026-09-14,B,AST-024,480,0,0,2,8.8,2734,2714
2026-09-14,C,AST-024,480,0,0,10,8.8,2556,2516
2026-09-15,A,AST-024,480,0,0,13,8.8,2700,2627
2026-09-15,B,AST-024,480,0,0,5,8.8,2813,2772
2026-09-15,C,AST-024,480,0,0,37,8.8,2449,2408
2026-09-16,A,AST-024,480,0,0,1,8.8,2685,2660
2026-09-16,B,AST-024,480,0,0,40,8.8,2670,2634
2026-09-16,C,AST-024,480,0,0,20,8.8,2687,2623
2026-09-17,A,AST-024,480,0,0,30,8.8,2668,2652
2026-09-17,B,AST-024,480,0,0,9,8.8,2681,2643
2026-09-17,C,AST-024,480,0,0,1,8.8,2654,2615
2026-09-18,A,AST-024,480,0,0,0,8.8,2778,2753
2026-09-18,B,AST-024,480,0,0,40,8.8,2577,2546
2026-09-18,C,AST-024,480,0,0,14,8.8,2461,2418
2026-09-19,A,AST-024,480,0,0,40,8.8,2543,2499
2026-09-19,B,AST-024,480,0,0,1,8.8,2696,2658
2026-09-19,C,AST-024,480,0,0,3,8.8,2650,2608
2026-09-20,A,AST-024,480,0,0,3,8.8,2721,2684
2026-09-20,B,AST-024,480,0,0,9,8.8,2570,2547
2026-09-20,C,AST-024,480,0,0,0,8.8,2939,2890
2026-09-21,A,AST-024,480,0,0,24,8.8,2674,2621
2026-09-21,B,AST-024,480,0,0,30,8.8,2457,2416
2026-09-21,C,AST-024,480,0,0,13,8.8,2641,2603
2026-09-22,A,AST-024,480,0,0,0,8.8,2768,2732
2026-09-22,B,AST-024,480,0,0,35,8.8,2566,2518
2026-09-22,C,AST-024,480,0,0,14,8.8,2818,2757
2026-09-23,A,AST-024,480,0,0,3,8.8,2963,2954
2026-09-23,B,AST-024,480,0,0,10,8.8,2622,2580
2026-09-23,C,AST-024,480,0,0,23,8.8,2673,2637
2026-09-24,A,AST-024,480,0,0,40,8.8,2459,2406
2026-09-24,B,AST-024,480,0,0,10,8.8,2661,2611
2026-09-24,C,AST-024,480,0,0,10,8.8,2552,2533
2026-09-25,A,AST-024,480,0,0,14,8.8,2514,2464
2026-09-25,B,AST-024,480,0,0,3,8.8,2791,2756
2026-09-25,C,AST-024,480,0,0,15,8.8,2600,2544
2026-09-26,A,AST-024,480,0,0,37,8.8,2414,2356
2026-09-26,B,AST-024,480,0,0,4,8.8,2782,2742
2026-09-26,C,AST-024,480,0,0,2,8.8,2696,2648
2026-09-27,A,AST-024,480,0,0,9,8.8,2723,2640
2026-09-27,B,AST-024,480,0,0,10,8.8,2686,2619
2026-09-27,C,AST-024,480,0,0,27,8.8,2464,2387
2026-09-28,A,AST-024,480,0,0,23,8.8,2496,2445
2026-09-28,B,AST-024,480,0,0,3,8.8,2617,2564
2026-06-01,A,AST-025,480,0,0,4,6.4,3828,3781
2026-06-01,B,AST-025,480,0,0,8,6.4,3605,3536
2026-06-02,A,AST-025,480,0,0,1,6.4,3838,3779
2026-06-02,B,AST-025,480,0,0,40,6.4,3550,3489
2026-06-03,A,AST-025,480,0,0,24,6.4,3560,3468
2026-06-03,B,AST-025,480,0,0,16,6.4,3722,3622
2026-06-04,A,AST-025,480,0,0,17,6.4,3636,3584
2026-06-04,B,AST-025,480,0,0,17,6.4,3362,3313
2026-06-05,A,AST-025,480,0,0,1,6.4,3795,3748
2026-06-05,B,AST-025,480,0,0,8,6.4,3704,3675
2026-06-06,A,AST-025,480,0,0,0,6.4,3777,3717
2026-06-08,A,AST-025,480,0,0,23,6.4,3495,3430
2026-06-08,B,AST-025,480,0,0,2,6.4,3789,3778
2026-06-09,A,AST-025,480,0,0,6,6.4,3601,3525
2026-06-09,B,AST-025,480,0,0,10,6.4,3605,3534
2026-06-10,A,AST-025,480,0,0,1,6.4,3783,3691
2026-06-10,B,AST-025,480,0,0,4,6.4,3863,3800
2026-06-11,A,AST-025,480,0,0,30,6.4,3542,3472
2026-06-11,B,AST-025,480,0,0,3,6.4,3694,3660
2026-06-12,A,AST-025,480,0,0,10,6.4,3852,3800
2026-06-12,B,AST-025,480,0,0,3,6.4,3909,3852
2026-06-13,A,AST-025,480,0,0,0,6.4,3731,3656
2026-06-15,A,AST-025,480,0,0,11,6.4,3575,3515
2026-06-15,B,AST-025,480,0,0,19,6.4,3759,3704
2026-06-16,A,AST-025,480,0,0,6,6.4,3783,3700
2026-06-16,B,AST-025,480,0,0,4,6.4,4012,3945
2026-06-17,A,AST-025,480,0,0,2,6.4,3767,3722
2026-06-17,B,AST-025,480,0,0,16,6.4,3660,3586
2026-06-18,A,AST-025,480,0,0,9,6.4,3653,3583
2026-06-18,B,AST-025,480,0,0,5,6.4,3641,3612
2026-06-19,A,AST-025,480,0,0,1,6.4,3539,3474
2026-06-19,B,AST-025,480,0,0,40,6.4,3678,3612
2026-06-20,A,AST-025,480,0,0,40,6.4,3466,3397
2026-06-22,A,AST-025,480,0,120,12,6.4,2914,2859
2026-06-22,B,AST-025,480,0,0,8,6.4,3698,3622
2026-06-23,A,AST-025,480,0,0,10,6.4,3775,3703
2026-06-23,B,AST-025,480,0,0,3,6.4,3671,3606
2026-06-24,A,AST-025,480,0,0,5,6.4,3737,3675
2026-06-24,B,AST-025,480,0,0,2,6.4,3719,3655
2026-06-25,A,AST-025,480,0,0,0,6.4,3635,3594
2026-06-25,B,AST-025,480,0,0,14,6.4,3698,3646
2026-06-26,A,AST-025,480,0,0,5,6.4,3546,3498
2026-06-26,B,AST-025,480,0,0,4,6.4,3687,3633
2026-06-27,A,AST-025,480,0,0,4,6.4,3580,3523
2026-06-29,A,AST-025,480,0,0,3,6.4,3748,3708
2026-06-29,B,AST-025,480,0,0,7,6.4,3867,3817
2026-06-30,A,AST-025,480,0,0,7,6.4,3798,3737
2026-06-30,B,AST-025,480,0,0,14,6.4,3846,3794
2026-07-01,A,AST-025,480,0,0,40,6.4,3468,3432
2026-07-01,B,AST-025,480,0,0,18,6.4,3788,3728
2026-07-02,A,AST-025,480,0,0,4,6.4,3587,3541
2026-07-02,B,AST-025,480,0,0,13,6.4,3867,3816
2026-07-03,A,AST-025,480,0,0,21,6.4,3690,3609
2026-07-03,B,AST-025,480,0,0,12,6.4,3310,3248
2026-07-04,A,AST-025,480,0,0,3,6.4,3774,3756
2026-07-06,A,AST-025,480,0,0,11,6.4,3780,3717
2026-07-06,B,AST-025,480,0,0,40,6.4,3346,3301
2026-07-07,A,AST-025,480,0,0,8,6.4,3817,3763
2026-07-07,B,AST-025,480,0,0,15,6.4,3675,3578
2026-07-08,A,AST-025,480,0,0,9,6.4,3630,3591
2026-07-08,B,AST-025,480,0,0,3,6.4,3780,3710
2026-07-09,A,AST-025,480,0,0,12,6.4,3582,3528
2026-07-09,B,AST-025,480,0,0,28,6.4,3604,3536
2026-07-10,A,AST-025,480,0,0,7,6.4,3554,3500
2026-07-10,B,AST-025,480,0,0,13,6.4,3612,3548
2026-07-11,A,AST-025,480,0,0,4,6.4,3607,3542
2026-07-13,A,AST-025,480,0,0,7,6.4,3710,3630
2026-07-13,B,AST-025,480,0,0,27,6.4,3550,3496
2026-07-14,A,AST-025,480,0,0,3,6.4,3781,3726
2026-07-14,B,AST-025,480,0,0,24,6.4,3649,3614
2026-07-15,A,AST-025,480,0,0,23,6.4,3794,3767
2026-07-15,B,AST-025,480,0,0,0,6.4,3911,3828
2026-07-16,A,AST-025,480,0,0,13,6.4,3943,3883
2026-07-16,B,AST-025,480,0,0,1,6.4,3652,3615
2026-07-17,A,AST-025,480,0,0,24,6.4,3691,3627
2026-07-17,B,AST-025,480,0,0,7,6.4,3769,3663
2026-07-18,A,AST-025,480,0,0,0,6.4,4014,3960
2026-07-20,A,AST-025,480,0,0,8,6.4,3730,3693
2026-07-20,B,AST-025,480,0,0,13,6.4,3848,3796
2026-07-21,A,AST-025,480,0,0,10,6.4,3467,3400
2026-07-21,B,AST-025,480,0,0,6,6.4,3728,3644
2026-07-22,A,AST-025,480,0,120,11,6.4,2690,2628
2026-07-22,B,AST-025,480,0,0,4,6.4,3512,3386
2026-07-23,A,AST-025,480,0,0,10,6.4,3535,3433
2026-07-23,B,AST-025,480,0,0,3,6.4,3339,3220
2026-07-24,A,AST-025,480,0,0,24,6.4,3212,3051
2026-07-24,B,AST-025,480,0,0,0,6.4,3295,3103
2026-07-25,A,AST-025,480,0,0,21,6.4,2985,2814
2026-07-27,A,AST-025,480,480,0,21,6.4,0,0
2026-07-27,B,AST-025,480,480,0,2,6.4,0,0
2026-07-28,A,AST-025,480,480,0,8,6.4,0,0
2026-07-28,B,AST-025,480,480,0,6,6.4,0,0
2026-07-29,A,AST-025,480,480,0,15,6.4,0,0
2026-07-29,B,AST-025,480,480,0,2,6.4,0,0
2026-07-30,A,AST-025,480,480,0,33,6.4,0,0
2026-07-30,B,AST-025,480,480,0,1,6.4,0,0
2026-07-31,A,AST-025,480,0,0,5,6.4,3616,3545
2026-07-31,B,AST-025,480,0,0,0,6.4,3677,3609
2026-08-01,A,AST-025,480,0,0,2,6.4,3845,3779
2026-08-03,A,AST-025,480,0,0,9,6.4,3888,3804
2026-08-03,B,AST-025,480,0,0,31,6.4,3595,3548
2026-08-04,A,AST-025,480,0,0,10,6.4,3413,3343
2026-08-04,B,AST-025,480,0,0,2,6.4,3850,3772
2026-08-05,A,AST-025,480,0,0,8,6.4,3720,3694
2026-08-05,B,AST-025,480,0,0,5,6.4,3609,3536
2026-08-06,A,AST-025,480,0,0,14,6.4,3754,3699
2026-08-06,B,AST-025,480,0,0,12,6.4,3540,3496
2026-08-07,A,AST-025,480,0,0,0,6.4,3845,3792
2026-08-07,B,AST-025,480,0,0,3,6.4,3824,3775
2026-08-08,A,AST-025,480,0,0,3,6.4,3577,3507
2026-08-10,A,AST-025,480,0,0,3,6.4,3661,3592
2026-08-10,B,AST-025,480,0,0,2,6.4,3625,3544
2026-08-11,A,AST-025,480,0,0,1,6.4,3837,3779
2026-08-11,B,AST-025,480,0,0,40,6.4,3464,3405
2026-08-12,A,AST-025,480,0,0,11,6.4,3538,3483
2026-08-12,B,AST-025,480,0,0,15,6.4,3803,3769
2026-08-13,A,AST-025,480,0,0,17,6.4,3778,3688
2026-08-13,B,AST-025,480,0,0,2,6.4,4027,3975
2026-08-14,A,AST-025,480,0,0,4,6.4,3783,3736
2026-08-14,B,AST-025,480,0,0,11,6.4,3605,3540
2026-08-15,A,AST-025,480,0,0,3,6.4,3600,3551
2026-08-17,A,AST-025,480,0,0,1,6.4,3650,3624
2026-08-17,B,AST-025,480,0,0,0,6.4,3765,3683
2026-08-18,A,AST-025,480,0,0,9,6.4,3600,3544
2026-08-18,B,AST-025,480,0,0,40,6.4,3616,3550
2026-08-19,A,AST-025,480,0,0,6,6.4,3656,3614
2026-08-19,B,AST-025,480,0,0,21,6.4,3781,3753
2026-08-20,A,AST-025,480,0,0,1,6.4,3832,3779
2026-08-20,B,AST-025,480,0,0,39,6.4,3876,3816
2026-08-21,A,AST-025,480,0,120,8,6.4,2955,2905
2026-08-21,B,AST-025,480,0,0,3,6.4,3788,3745
2026-08-22,A,AST-025,480,0,0,16,6.4,3783,3739
2026-08-24,A,AST-025,480,0,0,3,6.4,3574,3512
2026-08-24,B,AST-025,480,0,0,5,6.4,3538,3474
2026-08-25,A,AST-025,480,0,0,8,6.4,3704,3645
2026-08-25,B,AST-025,480,0,0,20,6.4,3611,3561
2026-08-26,A,AST-025,480,0,0,2,6.4,3678,3633
2026-08-26,B,AST-025,480,0,0,9,6.4,3767,3726
2026-08-27,A,AST-025,480,0,0,40,6.4,3237,3189
2026-08-27,B,AST-025,480,0,0,0,6.4,4026,3948
2026-08-28,A,AST-025,480,0,0,3,6.4,3542,3490
2026-08-28,B,AST-025,480,0,0,6,6.4,3751,3676
2026-08-29,A,AST-025,480,0,0,40,6.4,3420,3361
2026-08-31,A,AST-025,480,0,0,1,6.4,4014,3963
2026-08-31,B,AST-025,480,0,0,1,6.4,3854,3818
2026-09-01,A,AST-025,480,0,0,20,6.4,3725,3667
2026-09-01,B,AST-025,480,0,0,5,6.4,4014,3928
2026-09-02,A,AST-025,480,0,0,0,6.4,3870,3791
2026-09-02,B,AST-025,480,0,0,6,6.4,3965,3903
2026-09-03,A,AST-025,480,0,0,1,6.4,3822,3770
2026-09-03,B,AST-025,480,0,0,14,6.4,3626,3582
2026-09-04,A,AST-025,480,0,0,12,6.4,3508,3450
2026-09-04,B,AST-025,480,0,0,9,6.4,3685,3641
2026-09-05,A,AST-025,480,0,0,0,6.4,3762,3709
2026-09-07,A,AST-025,480,0,0,11,6.4,3724,3662
2026-09-07,B,AST-025,480,0,0,1,6.4,3859,3792
2026-09-08,A,AST-025,480,0,0,15,6.4,3978,3936
2026-09-08,B,AST-025,480,0,0,14,6.4,3513,3463
2026-09-09,A,AST-025,480,0,0,17,6.4,3642,3599
2026-09-09,B,AST-025,480,0,0,25,6.4,3836,3767
2026-09-10,A,AST-025,480,0,0,5,6.4,3671,3602
2026-09-10,B,AST-025,480,0,0,0,6.4,4034,3983
2026-09-11,A,AST-025,480,0,0,5,6.4,3761,3731
2026-09-11,B,AST-025,480,0,0,18,6.4,3773,3739
2026-09-12,A,AST-025,480,0,0,0,6.4,3715,3685
2026-09-14,A,AST-025,480,0,0,1,6.4,3913,3858
2026-09-14,B,AST-025,480,0,0,16,6.4,3675,3613
2026-09-15,A,AST-025,480,0,0,18,6.4,3462,3394
2026-09-15,B,AST-025,480,0,0,11,6.4,3640,3592
2026-09-16,A,AST-025,480,0,0,12,6.4,3867,3818
2026-09-16,B,AST-025,480,0,0,12,6.4,3729,3677
2026-09-17,A,AST-025,480,0,0,2,6.4,3922,3826
2026-09-17,B,AST-025,480,0,0,5,6.4,3511,3463
2026-09-18,A,AST-025,480,0,0,3,6.4,3918,3858
2026-09-18,B,AST-025,480,0,0,25,6.4,3634,3578
2026-09-19,A,AST-025,480,0,0,32,6.4,3600,3560
2026-09-21,A,AST-025,480,0,0,3,6.4,3874,3799
2026-09-21,B,AST-025,480,0,0,40,6.4,3279,3232
2026-09-22,A,AST-025,480,0,0,1,6.4,3795,3772
2026-09-22,B,AST-025,480,0,0,9,6.4,3601,3545
2026-09-23,A,AST-025,480,0,0,40,6.4,3426,3374
2026-09-23,B,AST-025,480,0,0,10,6.4,3772,3728
2026-09-24,A,AST-025,480,0,0,16,6.4,3614,3575
2026-09-24,B,AST-025,480,0,0,11,6.4,3729,3657
2026-09-25,A,AST-025,480,0,0,1,6.4,3764,3710
2026-09-25,B,AST-025,480,0,0,28,6.4,3793,3738
2026-09-26,A,AST-025,480,0,0,5,6.4,3780,3698
2026-09-28,A,AST-025,480,0,0,40,6.4,3446,3362
2026-09-28,B,AST-025,480,0,0,21,6.4,3562,3532
2026-06-01,A,AST-026,480,0,0,2,5.8,4153,4078
2026-06-01,B,AST-026,480,0,0,40,5.8,3814,3760
2026-06-02,A,AST-026,480,0,0,1,5.8,3863,3808
2026-06-02,B,AST-026,480,0,0,26,5.8,3993,3939
2026-06-03,A,AST-026,480,0,0,10,5.8,4060,3997
2026-06-03,B,AST-026,480,0,0,23,5.8,4121,4044
2026-06-04,A,AST-026,480,0,0,7,5.8,4235,4213
2026-06-04,B,AST-026,480,0,0,1,5.8,4094,4066
2026-06-05,A,AST-026,480,0,0,0,5.8,4405,4339
2026-06-05,B,AST-026,480,0,0,0,5.8,4057,4002
2026-06-06,A,AST-026,480,0,0,23,5.8,3962,3905
2026-06-08,A,AST-026,480,0,0,0,5.8,4074,4047
2026-06-08,B,AST-026,480,0,0,5,5.8,4241,4194
2026-06-09,A,AST-026,480,0,0,40,5.8,3833,3781
2026-06-09,B,AST-026,480,0,0,18,5.8,3902,3863
2026-06-10,A,AST-026,480,0,0,15,5.8,3960,3935
2026-06-10,B,AST-026,480,0,0,23,5.8,3903,3849
2026-06-11,A,AST-026,480,0,0,2,5.8,3914,3839
2026-06-11,B,AST-026,480,0,0,3,5.8,4085,4001
2026-06-12,A,AST-026,480,0,0,15,5.8,3948,3884
2026-06-12,B,AST-026,480,0,0,10,5.8,4115,4045
2026-06-13,A,AST-026,480,0,0,9,5.8,4041,4029
2026-06-15,A,AST-026,480,0,0,3,5.8,4139,4085
2026-06-15,B,AST-026,480,0,0,24,5.8,3800,3739
2026-06-16,A,AST-026,480,0,0,4,5.8,4293,4211
2026-06-16,B,AST-026,480,0,0,6,5.8,4262,4204
2026-06-17,A,AST-026,480,0,0,33,5.8,3878,3774
2026-06-17,B,AST-026,480,0,0,8,5.8,4098,4018
2026-06-18,A,AST-026,480,0,0,11,5.8,3866,3801
2026-06-18,B,AST-026,480,0,0,4,5.8,4128,4077
2026-06-19,A,AST-026,480,0,0,11,5.8,3943,3888
2026-06-19,B,AST-026,480,0,0,6,5.8,4413,4322
2026-06-20,A,AST-026,480,0,0,19,5.8,3898,3823
2026-06-22,A,AST-026,480,0,0,10,5.8,4205,4147
2026-06-22,B,AST-026,480,0,0,15,5.8,3953,3911
2026-06-23,A,AST-026,480,0,0,1,5.8,4356,4261
2026-06-23,B,AST-026,480,0,0,7,5.8,4405,4337
2026-06-24,A,AST-026,480,0,0,3,5.8,3954,3921
2026-06-24,B,AST-026,480,0,0,35,5.8,3705,3627
2026-06-25,A,AST-026,480,0,0,10,5.8,3871,3802
2026-06-25,B,AST-026,480,0,0,3,5.8,4314,4259
2026-06-26,A,AST-026,480,0,120,24,5.8,3089,3075
2026-06-26,B,AST-026,480,0,0,8,5.8,4008,3935
2026-06-27,A,AST-026,480,0,0,10,5.8,3890,3845
2026-06-29,A,AST-026,480,0,0,0,5.8,4165,4101
2026-06-29,B,AST-026,480,0,0,12,5.8,3994,3937
2026-06-30,A,AST-026,480,0,0,15,5.8,4067,4005
2026-06-30,B,AST-026,480,0,0,12,5.8,4234,4167
2026-07-01,A,AST-026,480,0,0,40,5.8,3678,3619
2026-07-01,B,AST-026,480,0,0,23,5.8,4074,4021
2026-07-02,A,AST-026,480,0,0,1,5.8,4136,4096
2026-07-02,B,AST-026,480,0,0,13,5.8,4147,4078
2026-07-03,A,AST-026,480,0,0,6,5.8,4005,3926
2026-07-03,B,AST-026,480,0,0,2,5.8,4377,4335
2026-07-04,A,AST-026,480,0,0,14,5.8,3917,3852
2026-07-06,A,AST-026,480,0,0,3,5.8,3990,3944
2026-07-06,B,AST-026,480,0,0,4,5.8,4107,4060
2026-07-07,A,AST-026,480,0,0,29,5.8,3909,3841
2026-07-07,B,AST-026,480,0,0,31,5.8,3852,3818
2026-07-08,A,AST-026,480,0,0,7,5.8,4335,4288
2026-07-08,B,AST-026,480,0,0,16,5.8,3751,3698
2026-07-09,A,AST-026,480,0,0,5,5.8,3992,3917
2026-07-09,B,AST-026,480,0,0,5,5.8,4320,4212
2026-07-10,A,AST-026,480,0,0,2,5.8,4190,4129
2026-07-10,B,AST-026,480,0,0,12,5.8,3897,3831
2026-07-11,A,AST-026,480,0,0,6,5.8,4229,4170
2026-07-13,A,AST-026,480,0,0,2,5.8,3998,3926
2026-07-13,B,AST-026,480,0,0,4,5.8,4141,4064
2026-07-14,A,AST-026,480,0,0,35,5.8,3723,3642
2026-07-14,B,AST-026,480,0,0,13,5.8,4195,4127
2026-07-15,A,AST-026,480,0,0,1,5.8,4131,4087
2026-07-15,B,AST-026,480,0,0,14,5.8,4025,3978
2026-07-16,A,AST-026,480,0,0,28,5.8,3935,3885
2026-07-16,B,AST-026,480,0,0,22,5.8,4077,3991
2026-07-17,A,AST-026,480,0,0,9,5.8,4349,4294
2026-07-17,B,AST-026,480,0,0,28,5.8,4071,4020
2026-07-18,A,AST-026,480,0,0,0,5.8,4125,4061
2026-07-20,A,AST-026,480,0,0,12,5.8,3894,3832
2026-07-20,B,AST-026,480,0,0,3,5.8,4042,3986
2026-07-21,A,AST-026,480,0,0,2,5.8,4112,4046
2026-07-21,B,AST-026,480,0,0,1,5.8,3949,3928
2026-07-22,A,AST-026,480,0,0,28,5.8,4071,4002
2026-07-22,B,AST-026,480,0,0,3,5.8,4402,4348
2026-07-23,A,AST-026,480,0,0,18,5.8,4034,3998
2026-07-23,B,AST-026,480,0,0,6,5.8,3927,3881
2026-07-24,A,AST-026,480,0,0,18,5.8,4078,3999
2026-07-24,B,AST-026,480,0,0,8,5.8,4128,4089
2026-07-25,A,AST-026,480,0,0,40,5.8,3753,3715
2026-07-27,A,AST-026,480,0,0,1,5.8,4291,4195
2026-07-27,B,AST-026,480,0,0,2,5.8,4408,4345
2026-07-28,A,AST-026,480,0,0,0,5.8,4281,4217
2026-07-28,B,AST-026,480,0,0,0,5.8,4260,4152
2026-07-29,A,AST-026,480,0,0,25,5.8,4116,4049
2026-07-29,B,AST-026,480,0,0,1,5.8,4351,4272
2026-07-30,A,AST-026,480,0,0,2,5.8,4230,4188
2026-07-30,B,AST-026,480,0,0,35,5.8,4161,4102
2026-07-31,A,AST-026,480,0,0,9,5.8,4035,3992
2026-07-31,B,AST-026,480,0,0,4,5.8,4073,4009
2026-08-01,A,AST-026,480,0,0,6,5.8,4029,3948
2026-08-03,A,AST-026,480,0,0,4,5.8,4076,4003
2026-08-03,B,AST-026,480,0,0,16,5.8,3989,3928
2026-08-04,A,AST-026,480,0,0,3,5.8,4165,4091
2026-08-04,B,AST-026,480,0,0,16,5.8,4067,4008
2026-08-05,A,AST-026,480,0,0,12,5.8,4057,3994
2026-08-05,B,AST-026,480,0,0,27,5.8,3908,3873
2026-08-06,A,AST-026,480,0,0,0,5.8,4113,4050
2026-08-06,B,AST-026,480,0,0,7,5.8,4014,3971
2026-08-07,A,AST-026,480,0,0,28,5.8,3803,3729
2026-08-07,B,AST-026,480,0,0,1,5.8,4223,4190
2026-08-08,A,AST-026,480,0,0,17,5.8,3857,3811
2026-08-10,A,AST-026,480,0,0,6,5.8,4043,3988
2026-08-10,B,AST-026,480,0,0,14,5.8,4120,4053
2026-08-11,A,AST-026,480,0,0,32,5.8,3953,3887
2026-08-11,B,AST-026,480,0,0,35,5.8,3922,3839
2026-08-12,A,AST-026,480,0,0,29,5.8,4224,4171
2026-08-12,B,AST-026,480,0,0,8,5.8,4227,4114
2026-08-13,A,AST-026,480,0,0,28,5.8,4044,4020
2026-08-13,B,AST-026,480,0,0,5,5.8,4181,4118
2026-08-14,A,AST-026,480,0,0,25,5.8,3881,3831
2026-08-14,B,AST-026,480,0,0,17,5.8,4140,4057
2026-08-15,A,AST-026,480,0,0,11,5.8,3987,3933
2026-08-17,A,AST-026,480,0,0,9,5.8,4347,4260
2026-08-17,B,AST-026,480,0,0,5,5.8,3969,3907
2026-08-18,A,AST-026,480,0,0,13,5.8,4209,4131
2026-08-18,B,AST-026,480,0,0,3,5.8,4086,3983
2026-08-19,A,AST-026,480,0,0,12,5.8,4201,4166
2026-08-19,B,AST-026,480,0,0,3,5.8,4165,4075
2026-08-20,A,AST-026,480,0,0,6,5.8,3796,3728
2026-08-20,B,AST-026,480,0,0,0,5.8,4235,4161
2026-08-21,A,AST-026,480,0,0,5,5.8,4054,3982
2026-08-21,B,AST-026,480,0,0,5,5.8,3925,3856
2026-08-22,A,AST-026,480,0,0,4,5.8,4038,3967
2026-08-24,A,AST-026,480,0,0,13,5.8,3941,3834
2026-08-24,B,AST-026,480,0,0,26,5.8,4018,3967
2026-08-25,A,AST-026,480,0,120,1,5.8,2863,2824
2026-08-25,B,AST-026,480,0,0,28,5.8,4071,4014
2026-08-26,A,AST-026,480,0,0,40,5.8,3919,3872
2026-08-26,B,AST-026,480,0,0,40,5.8,3936,3934
2026-08-27,A,AST-026,480,0,0,0,5.8,4179,4096
2026-08-27,B,AST-026,480,0,0,13,5.8,4136,4091
2026-08-28,A,AST-026,480,0,0,8,5.8,4180,4074
2026-08-28,B,AST-026,480,0,0,2,5.8,4024,3958
2026-08-29,A,AST-026,480,0,0,16,5.8,3989,3967
2026-08-31,A,AST-026,480,0,0,1,5.8,4282,4182
2026-08-31,B,AST-026,480,0,0,15,5.8,3983,3923
2026-09-01,A,AST-026,480,0,0,28,5.8,3856,3815
2026-09-01,B,AST-026,480,0,0,6,5.8,4009,3962
2026-09-02,A,AST-026,480,0,0,2,5.8,4249,4228
2026-09-02,B,AST-026,480,0,0,12,5.8,4091,4042
2026-09-03,A,AST-026,480,0,0,1,5.8,3908,3908
2026-09-03,B,AST-026,480,0,0,0,5.8,4291,4224
2026-09-04,A,AST-026,480,0,0,5,5.8,3995,3961
2026-09-04,B,AST-026,480,0,0,8,5.8,4223,4156
2026-09-05,A,AST-026,480,0,0,9,5.8,4028,3949
2026-09-07,A,AST-026,480,0,0,1,5.8,4223,4143
2026-09-07,B,AST-026,480,0,0,40,5.8,3855,3822
2026-09-08,A,AST-026,480,0,0,10,5.8,4127,4095
2026-09-08,B,AST-026,480,0,0,2,5.8,4306,4216
2026-09-09,A,AST-026,480,0,0,17,5.8,4032,3947
2026-09-09,B,AST-026,480,0,0,0,5.8,4407,4359
2026-09-10,A,AST-026,480,0,0,8,5.8,3949,3889
2026-09-10,B,AST-026,480,0,0,6,5.8,4241,4175
2026-09-11,A,AST-026,480,0,0,40,5.8,3737,3648
2026-09-11,B,AST-026,480,0,0,0,5.8,4021,3967
2026-09-12,A,AST-026,480,0,0,9,5.8,3772,3750
2026-09-14,A,AST-026,480,0,0,33,5.8,4129,4091
2026-09-14,B,AST-026,480,0,0,40,5.8,3826,3775
2026-09-15,A,AST-026,480,0,0,7,5.8,4180,4114
2026-09-15,B,AST-026,480,0,0,6,5.8,4171,4107
2026-09-16,A,AST-026,480,0,0,9,5.8,4179,4075
2026-09-16,B,AST-026,480,0,0,8,5.8,3960,3914
2026-09-17,A,AST-026,480,0,0,0,5.8,4153,4115
2026-09-17,B,AST-026,480,0,0,8,5.8,3954,3920
2026-09-18,A,AST-026,480,0,0,27,5.8,3947,3904
2026-09-18,B,AST-026,480,0,0,1,5.8,4512,4474
2026-09-19,A,AST-026,480,0,0,26,5.8,3852,3807
2026-09-21,A,AST-026,480,0,0,2,5.8,4177,4138
2026-09-21,B,AST-026,480,0,0,0,5.8,4364,4279
2026-09-22,A,AST-026,480,0,0,15,5.8,4122,4059
2026-09-22,B,AST-026,480,0,0,20,5.8,4143,4104
2026-09-23,A,AST-026,480,0,0,11,5.8,3835,3759
2026-09-23,B,AST-026,480,0,0,0,5.8,4277,4168
2026-09-24,A,AST-026,480,0,120,2,5.8,2937,2901
2026-09-24,B,AST-026,480,0,0,27,5.8,3881,3821
2026-09-25,A,AST-026,480,0,0,17,5.8,4022,3932
2026-09-25,B,AST-026,480,0,0,39,5.8,3655,3585
2026-09-26,A,AST-026,480,0,0,9,5.8,4017,3957
2026-09-28,A,AST-026,480,0,0,9,5.8,4138,4037
2026-09-28,B,AST-026,480,0,0,2,5.8,4434,4351
2026-06-01,A,AST-027,480,0,0,3,5.9,4005,3991
2026-06-01,B,AST-027,480,0,0,12,5.9,3819,3765
2026-06-02,A,AST-027,480,0,0,3,5.9,3852,3778
2026-06-02,B,AST-027,480,0,0,10,5.9,4050,3997
2026-06-03,A,AST-027,480,0,0,0,5.9,3948,3897
2026-06-03,B,AST-027,480,0,0,2,5.9,4144,4116
2026-06-04,A,AST-027,480,0,0,15,5.9,3699,3630
2026-06-04,B,AST-027,480,0,0,16,5.9,4061,3994
2026-06-05,A,AST-027,480,0,0,10,5.9,4091,4043
2026-06-05,B,AST-027,480,0,0,10,5.9,4205,4129
2026-06-06,A,AST-027,480,0,0,3,5.9,4004,3900
2026-06-08,A,AST-027,480,0,0,9,5.9,4116,4100
2026-06-08,B,AST-027,480,0,0,12,5.9,4146,4115
2026-06-09,A,AST-027,480,0,120,20,5.9,2934,2876
2026-06-09,B,AST-027,480,0,0,36,5.9,3714,3642
2026-06-10,A,AST-027,480,0,0,15,5.9,3891,3785
2026-06-10,B,AST-027,480,0,0,10,5.9,4174,4114
2026-06-11,A,AST-027,480,0,0,31,5.9,3807,3748
2026-06-11,B,AST-027,480,0,0,4,5.9,3952,3905
2026-06-12,A,AST-027,480,0,0,6,5.9,3913,3882
2026-06-12,B,AST-027,480,0,0,6,5.9,4119,4045
2026-06-13,A,AST-027,480,0,0,0,5.9,4009,3968
2026-06-15,A,AST-027,480,0,0,7,5.9,3972,3915
2026-06-15,B,AST-027,480,0,0,4,5.9,4212,4135
2026-06-16,A,AST-027,480,0,0,6,5.9,4188,4136
2026-06-16,B,AST-027,480,0,0,34,5.9,3744,3716
2026-06-17,A,AST-027,480,0,0,20,5.9,3782,3746
2026-06-17,B,AST-027,480,0,0,2,5.9,3938,3884
2026-06-18,A,AST-027,480,0,0,1,5.9,4231,4142
2026-06-18,B,AST-027,480,0,0,24,5.9,3739,3730
2026-06-19,A,AST-027,480,0,0,3,5.9,4122,4044
2026-06-19,B,AST-027,480,0,0,1,5.9,4175,4096
2026-06-20,A,AST-027,480,0,0,18,5.9,3992,3935
2026-06-22,A,AST-027,480,0,0,8,5.9,3893,3837
2026-06-22,B,AST-027,480,0,0,19,5.9,3850,3803
2026-06-23,A,AST-027,480,0,0,7,5.9,4010,3947
2026-06-23,B,AST-027,480,0,0,3,5.9,3815,3775
2026-06-24,A,AST-027,480,0,0,5,5.9,3973,3923
2026-06-24,B,AST-027,480,0,0,2,5.9,4079,4024
2026-06-25,A,AST-027,480,0,0,3,5.9,4079,4034
2026-06-25,B,AST-027,480,0,0,22,5.9,4020,3933
2026-06-26,A,AST-027,480,0,0,4,5.9,4088,3995
2026-06-26,B,AST-027,480,0,0,12,5.9,4085,4046
2026-06-27,A,AST-027,480,0,0,26,5.9,3990,3935
2026-06-29,A,AST-027,480,0,0,4,5.9,4265,4179
2026-06-29,B,AST-027,480,0,0,4,5.9,4064,3981
2026-06-30,A,AST-027,480,0,0,3,5.9,4066,4010
2026-06-30,B,AST-027,480,0,0,0,5.9,4088,4022
2026-07-01,A,AST-027,480,0,0,3,5.9,3963,3940
2026-07-01,B,AST-027,480,0,0,3,5.9,4118,4051
2026-07-02,A,AST-027,480,0,0,1,5.9,4151,4109
2026-07-02,B,AST-027,480,0,0,17,5.9,3939,3863
2026-07-03,A,AST-027,480,0,0,40,5.9,3523,3461
2026-07-03,B,AST-027,480,0,0,40,5.9,3700,3626
2026-07-04,A,AST-027,480,0,0,4,5.9,4015,3960
2026-07-06,A,AST-027,480,0,0,8,5.9,4106,4061
2026-07-06,B,AST-027,480,0,0,40,5.9,3686,3625
2026-07-07,A,AST-027,480,0,0,0,5.9,3938,3896
2026-07-07,B,AST-027,480,0,0,2,5.9,4195,4162
2026-07-08,A,AST-027,480,0,0,5,5.9,4263,4188
2026-07-08,B,AST-027,480,0,0,0,5.9,4174,4109
2026-07-09,A,AST-027,480,0,120,40,5.9,2687,2674
2026-07-09,B,AST-027,480,0,0,10,5.9,4226,4175
2026-07-10,A,AST-027,480,0,0,8,5.9,3955,3871
2026-07-10,B,AST-027,480,0,0,8,5.9,4158,4097
2026-07-11,A,AST-027,480,0,0,2,5.9,4062,3977
2026-07-13,A,AST-027,480,0,0,6,5.9,3874,3788
2026-07-13,B,AST-027,480,0,0,2,5.9,4277,4208
2026-07-14,A,AST-027,480,0,0,40,5.9,3895,3836
2026-07-14,B,AST-027,480,0,0,8,5.9,3824,3773
2026-07-15,A,AST-027,480,0,0,18,5.9,3924,3861
2026-07-15,B,AST-027,480,0,0,32,5.9,3776,3686
2026-07-16,A,AST-027,480,0,0,4,5.9,4016,3991
2026-07-16,B,AST-027,480,0,0,25,5.9,3608,3563
2026-07-17,A,AST-027,480,0,0,25,5.9,4086,4005
2026-07-17,B,AST-027,480,0,0,18,5.9,3972,3905
2026-07-18,A,AST-027,480,0,0,0,5.9,3790,3729
2026-07-20,A,AST-027,480,0,0,40,5.9,3415,3340
2026-07-20,B,AST-027,480,0,0,10,5.9,4028,3933
2026-07-21,A,AST-027,480,0,0,16,5.9,3751,3653
2026-07-21,B,AST-027,480,0,0,23,5.9,3579,3444
2026-07-22,A,AST-027,480,0,0,18,5.9,3617,3428
2026-07-22,B,AST-027,480,0,0,4,5.9,3399,3215
2026-07-23,A,AST-027,480,0,0,38,5.9,3242,3031
2026-07-23,B,AST-027,480,210,0,26,5.9,1906,1832
2026-07-24,A,AST-027,480,480,0,24,5.9,0,0
2026-07-24,B,AST-027,480,480,0,17,5.9,0,0
2026-07-25,A,AST-027,480,480,0,13,5.9,0,0
2026-07-27,A,AST-027,480,0,0,8,5.9,3875,3819
2026-07-27,B,AST-027,480,0,0,10,5.9,3867,3818
2026-07-28,A,AST-027,480,0,0,3,5.9,4182,4080
2026-07-28,B,AST-027,480,0,0,3,5.9,4186,4150
2026-07-29,A,AST-027,480,0,0,18,5.9,3796,3767
2026-07-29,B,AST-027,480,0,0,14,5.9,4024,3975
2026-07-30,A,AST-027,480,0,0,40,5.9,3914,3875
2026-07-30,B,AST-027,480,0,0,17,5.9,4009,3976
2026-07-31,A,AST-027,480,0,0,3,5.9,3962,3868
2026-07-31,B,AST-027,480,0,0,40,5.9,3555,3512
2026-08-01,A,AST-027,480,0,0,6,5.9,3830,3793
2026-08-03,A,AST-027,480,0,0,2,5.9,4175,4111
2026-08-03,B,AST-027,480,0,0,3,5.9,4151,4064
2026-08-04,A,AST-027,480,0,0,3,5.9,3926,3871
2026-08-04,B,AST-027,480,0,0,6,5.9,3828,3727
2026-08-05,A,AST-027,480,0,0,6,5.9,4006,3992
2026-08-05,B,AST-027,480,0,0,14,5.9,4098,4052
2026-08-06,A,AST-027,480,0,0,13,5.9,4103,4017
2026-08-06,B,AST-027,480,0,0,15,5.9,3756,3691
2026-08-07,A,AST-027,480,0,0,4,5.9,4140,4118
2026-08-07,B,AST-027,480,0,0,21,5.9,3942,3893
2026-08-08,A,AST-027,480,0,120,40,5.9,2943,2891
2026-08-10,A,AST-027,480,0,0,2,5.9,3995,3935
2026-08-10,B,AST-027,480,0,0,10,5.9,3940,3878
2026-08-11,A,AST-027,480,0,0,2,5.9,3883,3816
2026-08-11,B,AST-027,480,0,0,0,5.9,4207,4181
2026-08-12,A,AST-027,480,0,0,29,5.9,3944,3907
2026-08-12,B,AST-027,480,0,0,4,5.9,4257,4207
2026-08-13,A,AST-027,480,0,0,4,5.9,4080,4018
2026-08-13,B,AST-027,480,0,0,16,5.9,3658,3599
2026-08-14,A,AST-027,480,0,0,10,5.9,4096,4017
2026-08-14,B,AST-027,480,0,0,8,5.9,3832,3790
2026-08-15,A,AST-027,480,0,0,4,5.9,4242,4175
2026-08-17,A,AST-027,480,0,0,11,5.9,3950,3903
2026-08-17,B,AST-027,480,0,0,34,5.9,3907,3834
2026-08-18,A,AST-027,480,0,0,2,5.9,4533,4491
2026-08-18,B,AST-027,480,0,0,0,5.9,3942,3872
2026-08-19,A,AST-027,480,0,0,2,5.9,4358,4284
2026-08-19,B,AST-027,480,0,0,40,5.9,3743,3667
2026-08-20,A,AST-027,480,0,0,5,5.9,4069,3981
2026-08-20,B,AST-027,480,0,0,31,5.9,3938,3908
2026-08-21,A,AST-027,480,0,0,14,5.9,4005,3895
2026-08-21,B,AST-027,480,0,0,8,5.9,4053,3989
2026-08-22,A,AST-027,480,0,0,9,5.9,4048,3987
2026-08-24,A,AST-027,480,0,0,29,5.9,3854,3795
2026-08-24,B,AST-027,480,0,0,26,5.9,3901,3883
2026-08-25,A,AST-027,480,0,0,1,5.9,4238,4166
2026-08-25,B,AST-027,480,0,0,40,5.9,3825,3737
2026-08-26,A,AST-027,480,0,0,4,5.9,4055,4002
2026-08-26,B,AST-027,480,0,0,18,5.9,3868,3806
2026-08-27,A,AST-027,480,0,0,5,5.9,4096,4016
2026-08-27,B,AST-027,480,0,0,8,5.9,3707,3659
2026-08-28,A,AST-027,480,0,0,7,5.9,4073,4027
2026-08-28,B,AST-027,480,0,0,7,5.9,3820,3786
2026-08-29,A,AST-027,480,0,0,1,5.9,4207,4100
2026-08-31,A,AST-027,480,0,0,0,5.9,4295,4227
2026-08-31,B,AST-027,480,0,0,21,5.9,4001,3928
2026-09-01,A,AST-027,480,0,0,16,5.9,3870,3781
2026-09-01,B,AST-027,480,0,0,11,5.9,3752,3690
2026-09-02,A,AST-027,480,0,0,2,5.9,3960,3907
2026-09-02,B,AST-027,480,0,0,5,5.9,3927,3875
2026-09-03,A,AST-027,480,0,0,2,5.9,3948,3885
2026-09-03,B,AST-027,480,0,0,3,5.9,4175,4123
2026-09-04,A,AST-027,480,0,0,3,5.9,3857,3798
2026-09-04,B,AST-027,480,0,0,1,5.9,4103,4015
2026-09-05,A,AST-027,480,0,0,17,5.9,3886,3844
2026-09-07,A,AST-027,480,0,120,16,5.9,2923,2862
2026-09-07,B,AST-027,480,0,0,28,5.9,3652,3625
2026-09-08,A,AST-027,480,0,0,19,5.9,3813,3732
2026-09-08,B,AST-027,480,0,0,24,5.9,3745,3670
2026-09-09,A,AST-027,480,0,0,14,5.9,4091,4009
2026-09-09,B,AST-027,480,0,0,3,5.9,3882,3825
2026-09-10,A,AST-027,480,0,0,21,5.9,4056,3975
2026-09-10,B,AST-027,480,0,0,14,5.9,3979,3928
2026-09-11,A,AST-027,480,0,0,5,5.9,3957,3895
2026-09-11,B,AST-027,480,0,0,25,5.9,3911,3875
2026-09-12,A,AST-027,480,0,0,2,5.9,3987,3957
2026-09-14,A,AST-027,480,0,0,10,5.9,3862,3778
2026-09-14,B,AST-027,480,0,0,5,5.9,4036,3977
2026-09-15,A,AST-027,480,0,0,3,5.9,3960,3865
2026-09-15,B,AST-027,480,0,0,8,5.9,4103,4021
2026-09-16,A,AST-027,480,0,0,1,5.9,4163,4096
2026-09-16,B,AST-027,480,0,0,3,5.9,4332,4243
2026-09-17,A,AST-027,480,0,0,12,5.9,4147,4096
2026-09-17,B,AST-027,480,0,0,3,5.9,3986,3960
2026-09-18,A,AST-027,480,0,0,13,5.9,4049,4000
2026-09-18,B,AST-027,480,0,0,21,5.9,3894,3822
2026-09-19,A,AST-027,480,0,0,31,5.9,3867,3811
2026-09-21,A,AST-027,480,0,0,32,5.9,3741,3674
2026-09-21,B,AST-027,480,0,0,36,5.9,3613,3571
2026-09-22,A,AST-027,480,0,0,8,5.9,4148,4110
2026-09-22,B,AST-027,480,0,0,34,5.9,3758,3683
2026-09-23,A,AST-027,480,0,0,2,5.9,3908,3830
2026-09-23,B,AST-027,480,0,0,15,5.9,3935,3853
2026-09-24,A,AST-027,480,0,0,6,5.9,4096,4068
2026-09-24,B,AST-027,480,0,0,2,5.9,3815,3732
2026-09-25,A,AST-027,480,0,0,34,5.9,4002,3945
2026-09-25,B,AST-027,480,0,0,37,5.9,3790,3728
2026-09-26,A,AST-027,480,0,0,40,5.9,3766,3720
2026-09-28,A,AST-027,480,0,0,18,5.9,3848,3747
2026-09-28,B,AST-027,480,0,0,7,5.9,4007,3870
2026-06-01,A,AST-028,480,0,0,1,6.4,3952,3894
2026-06-01,B,AST-028,480,0,0,15,6.4,3597,3530
2026-06-02,A,AST-028,480,0,0,1,6.4,3960,3876
2026-06-02,B,AST-028,480,0,0,6,6.4,3734,3656
2026-06-03,A,AST-028,480,0,0,22,6.4,3563,3539
2026-06-03,B,AST-028,480,0,0,6,6.4,4019,3967
2026-06-04,A,AST-028,480,0,0,2,6.4,3825,3799
2026-06-04,B,AST-028,480,0,0,27,6.4,3528,3475
2026-06-05,A,AST-028,480,0,0,32,6.4,3274,3234
2026-06-05,B,AST-028,480,0,0,5,6.4,3729,3667
2026-06-06,A,AST-028,480,0,0,3,6.4,3667,3632
2026-06-08,A,AST-028,480,0,0,6,6.4,3642,3598
2026-06-08,B,AST-028,480,0,0,2,6.4,3778,3712
2026-06-09,A,AST-028,480,0,0,5,6.4,3914,3870
2026-06-09,B,AST-028,480,0,0,23,6.4,3965,3907
2026-06-10,A,AST-028,480,0,0,18,6.4,3606,3545
2026-06-10,B,AST-028,480,0,0,1,6.4,3753,3711
2026-06-11,A,AST-028,480,0,0,3,6.4,3670,3592
2026-06-11,B,AST-028,480,0,0,10,6.4,3761,3688
2026-06-12,A,AST-028,480,0,0,2,6.4,3770,3692
2026-06-12,B,AST-028,480,0,0,28,6.4,3463,3416
2026-06-13,A,AST-028,480,0,0,40,6.4,3486,3425
2026-06-15,A,AST-028,480,0,0,22,6.4,3793,3758
2026-06-15,B,AST-028,480,0,0,40,6.4,3727,3654
2026-06-16,A,AST-028,480,0,0,4,6.4,3712,3630
2026-06-16,B,AST-028,480,0,0,18,6.4,3787,3697
2026-06-17,A,AST-028,480,0,0,17,6.4,3648,3596
2026-06-17,B,AST-028,480,0,0,13,6.4,3676,3619
2026-06-18,A,AST-028,480,0,0,2,6.4,3700,3665
2026-06-18,B,AST-028,480,0,0,0,6.4,3651,3616
2026-06-19,A,AST-028,480,0,0,5,6.4,4087,4013
2026-06-19,B,AST-028,480,0,0,11,6.4,3807,3762
2026-06-20,A,AST-028,480,0,120,1,6.4,2815,2777
2026-06-22,A,AST-028,480,0,0,17,6.4,3797,3729
2026-06-22,B,AST-028,480,0,0,5,6.4,3547,3493
2026-06-23,A,AST-028,480,0,0,5,6.4,3725,3635
2026-06-23,B,AST-028,480,0,0,6,6.4,3903,3841
2026-06-24,A,AST-028,480,0,0,13,6.4,3618,3558
2026-06-24,B,AST-028,480,0,0,7,6.4,3701,3653
2026-06-25,A,AST-028,480,0,0,1,6.4,3662,3620
2026-06-25,B,AST-028,480,0,0,2,6.4,3979,3939
2026-06-26,A,AST-028,480,0,0,12,6.4,3630,3546
2026-06-26,B,AST-028,480,0,0,23,6.4,3704,3674
2026-06-27,A,AST-028,480,0,0,0,6.4,3580,3534
2026-06-29,A,AST-028,480,0,0,4,6.4,3626,3558
2026-06-29,B,AST-028,480,0,0,16,6.4,3587,3583
2026-06-30,A,AST-028,480,0,0,3,6.4,3585,3528
2026-06-30,B,AST-028,480,0,0,3,6.4,3682,3615
2026-07-01,A,AST-028,480,0,0,15,6.4,3743,3669
2026-07-01,B,AST-028,480,0,0,0,6.4,3888,3809
2026-07-02,A,AST-028,480,0,0,5,6.4,3738,3666
2026-07-02,B,AST-028,480,0,0,17,6.4,3478,3425
2026-07-03,A,AST-028,480,0,0,4,6.4,3731,3683
2026-07-03,B,AST-028,480,0,0,25,6.4,3675,3619
2026-07-04,A,AST-028,480,0,0,11,6.4,3681,3636
2026-07-06,A,AST-028,480,0,0,5,6.4,3721,3681
2026-07-06,B,AST-028,480,0,0,21,6.4,3520,3448
2026-07-07,A,AST-028,480,0,0,1,6.4,3769,3687
2026-07-07,B,AST-028,480,0,0,14,6.4,3855,3801
2026-07-08,A,AST-028,480,0,0,1,6.4,3606,3561
2026-07-08,B,AST-028,480,0,0,19,6.4,3650,3601
2026-07-09,A,AST-028,480,0,0,14,6.4,3496,3474
2026-07-09,B,AST-028,480,0,0,40,6.4,3398,3347
2026-07-10,A,AST-028,480,0,0,40,6.4,3699,3624
2026-07-10,B,AST-028,480,0,0,16,6.4,3694,3626
2026-07-11,A,AST-028,480,0,0,18,6.4,3807,3790
2026-07-13,A,AST-028,480,0,0,23,6.4,3792,3729
2026-07-13,B,AST-028,480,0,0,7,6.4,3601,3561
2026-07-14,A,AST-028,480,0,0,33,6.4,3663,3597
2026-07-14,B,AST-028,480,0,0,3,6.4,3565,3521
2026-07-15,A,AST-028,480,0,0,40,6.4,3446,3381
2026-07-15,B,AST-028,480,0,0,3,6.4,3624,3579
2026-07-16,A,AST-028,480,0,0,10,6.4,3802,3751
2026-07-16,B,AST-028,480,0,0,0,6.4,3692,3612
2026-07-17,A,AST-028,480,0,0,2,6.4,3599,3579
2026-07-17,B,AST-028,480,0,0,0,6.4,3833,3798
2026-07-18,A,AST-028,480,0,0,0,6.4,4047,3989
2026-07-20,A,AST-028,480,0,120,7,6.4,2705,2676
2026-07-20,B,AST-028,480,0,0,25,6.4,3812,3798
2026-07-21,A,AST-028,480,0,0,1,6.4,3553,3468
2026-07-21,B,AST-028,480,0,0,31,6.4,3420,3378
2026-07-22,A,AST-028,480,0,0,30,6.4,3439,3368
2026-07-22,B,AST-028,480,0,0,21,6.4,3587,3535
2026-07-23,A,AST-028,480,0,0,16,6.4,3729,3712
2026-07-23,B,AST-028,480,0,0,5,6.4,3890,3807
2026-07-24,A,AST-028,480,0,0,0,6.4,3753,3675
2026-07-24,B,AST-028,480,0,0,17,6.4,3645,3585
2026-07-25,A,AST-028,480,0,0,8,6.4,3705,3630
2026-07-27,A,AST-028,480,0,0,16,6.4,3779,3730
2026-07-27,B,AST-028,480,0,0,5,6.4,3681,3619
2026-07-28,A,AST-028,480,0,0,18,6.4,3656,3628
2026-07-28,B,AST-028,480,0,0,3,6.4,3833,3780
2026-07-29,A,AST-028,480,0,0,35,6.4,3512,3474
2026-07-29,B,AST-028,480,0,0,6,6.4,3968,3897
2026-07-30,A,AST-028,480,0,0,4,6.4,3809,3773
2026-07-30,B,AST-028,480,0,0,2,6.4,3746,3684
2026-07-31,A,AST-028,480,0,0,31,6.4,3600,3537
2026-07-31,B,AST-028,480,0,0,1,6.4,3812,3762
2026-08-01,A,AST-028,480,0,0,23,6.4,3446,3357
2026-08-03,A,AST-028,480,0,0,26,6.4,3624,3591
2026-08-03,B,AST-028,480,0,0,7,6.4,3707,3662
2026-08-04,A,AST-028,480,0,0,7,6.4,3853,3781
2026-08-04,B,AST-028,480,0,0,4,6.4,3673,3642
2026-08-05,A,AST-028,480,0,0,16,6.4,3806,3786
2026-08-05,B,AST-028,480,0,0,17,6.4,3588,3532
2026-08-06,A,AST-028,480,0,0,7,6.4,3602,3577
2026-08-06,B,AST-028,480,0,0,14,6.4,3720,3649
2026-08-07,A,AST-028,480,0,0,1,6.4,3773,3715
2026-08-07,B,AST-028,480,0,0,25,6.4,3494,3429
2026-08-08,A,AST-028,480,0,0,16,6.4,3704,3668
2026-08-10,A,AST-028,480,0,0,23,6.4,3624,3548
2026-08-10,B,AST-028,480,0,0,11,6.4,3688,3642
2026-08-11,A,AST-028,480,0,0,12,6.4,3764,3708
2026-08-11,B,AST-028,480,0,0,20,6.4,3607,3530
2026-08-12,A,AST-028,480,0,0,0,6.4,3680,3599
2026-08-12,B,AST-028,480,0,0,17,6.4,3690,3620
2026-08-13,A,AST-028,480,0,0,20,6.4,3836,3778
2026-08-13,B,AST-028,480,0,0,7,6.4,3848,3772
2026-08-14,A,AST-028,480,0,0,38,6.4,3526,3467
2026-08-14,B,AST-028,480,0,0,1,6.4,3981,3963
2026-08-15,A,AST-028,480,0,0,5,6.4,3899,3819
2026-08-17,A,AST-028,480,0,0,5,6.4,3504,3471
2026-08-17,B,AST-028,480,0,0,3,6.4,3860,3812
2026-08-18,A,AST-028,480,0,0,11,6.4,3719,3667
2026-08-18,B,AST-028,480,0,0,13,6.4,3677,3595
2026-08-19,A,AST-028,480,0,120,13,6.4,2709,2663
2026-08-19,B,AST-028,480,0,0,32,6.4,3589,3519
2026-08-20,A,AST-028,480,0,0,16,6.4,3429,3367
2026-08-20,B,AST-028,480,0,0,2,6.4,3906,3838
2026-08-21,A,AST-028,480,0,0,2,6.4,3741,3683
2026-08-21,B,AST-028,480,0,0,3,6.4,3924,3850
2026-08-22,A,AST-028,480,0,0,8,6.4,3684,3631
2026-08-24,A,AST-028,480,0,0,5,6.4,3973,3956
2026-08-24,B,AST-028,480,0,0,12,6.4,3680,3612
2026-08-25,A,AST-028,480,0,0,0,6.4,3674,3596
2026-08-25,B,AST-028,480,0,0,40,6.4,3513,3400
2026-08-26,A,AST-028,480,0,0,36,6.4,3354,3261
2026-08-26,B,AST-028,480,0,0,13,6.4,3464,3388
2026-08-27,A,AST-028,480,0,0,0,6.4,3555,3463
2026-08-27,B,AST-028,480,0,0,9,6.4,3353,3241
2026-08-28,A,AST-028,480,0,0,16,6.4,3355,3241
2026-08-28,B,AST-028,480,0,0,9,6.4,3480,3365
2026-08-29,A,AST-028,480,0,0,9,6.4,3307,3149
2026-08-31,A,AST-028,480,0,0,22,6.4,3061,2876
2026-08-31,B,AST-028,480,0,0,13,6.4,3241,3046
2026-09-01,A,AST-028,480,0,0,2,6.4,2924,2727
2026-09-01,B,AST-028,480,90,0,18,6.4,2627,2463
2026-09-02,A,AST-028,480,480,0,25,6.4,0,0
2026-09-02,B,AST-028,480,60,0,4,6.4,3297,3244
2026-09-03,A,AST-028,480,0,0,26,6.4,3712,3627
2026-09-03,B,AST-028,480,0,0,40,6.4,3368,3304
2026-09-04,A,AST-028,480,0,0,2,6.4,3680,3654
2026-09-04,B,AST-028,480,0,0,20,6.4,3902,3876
2026-09-05,A,AST-028,480,0,0,0,6.4,3973,3905
2026-09-07,A,AST-028,480,0,0,4,6.4,3560,3509
2026-09-07,B,AST-028,480,0,0,7,6.4,3614,3578
2026-09-08,A,AST-028,480,0,0,20,6.4,3711,3612
2026-09-08,B,AST-028,480,0,0,23,6.4,3594,3542
2026-09-09,A,AST-028,480,0,0,0,6.4,3966,3871
2026-09-09,B,AST-028,480,0,0,0,6.4,3747,3690
2026-09-10,A,AST-028,480,0,0,9,6.4,3633,3547
2026-09-10,B,AST-028,480,0,0,33,6.4,3589,3541
2026-09-11,A,AST-028,480,0,0,11,6.4,3971,3928
2026-09-11,B,AST-028,480,0,0,8,6.4,3730,3673
2026-09-12,A,AST-028,480,0,0,23,6.4,3571,3536
2026-09-14,A,AST-028,480,0,0,1,6.4,3957,3902
2026-09-14,B,AST-028,480,0,0,5,6.4,4024,3967
2026-09-15,A,AST-028,480,0,0,40,6.4,3427,3354
2026-09-15,B,AST-028,480,0,0,26,6.4,3524,3463
2026-09-16,A,AST-028,480,0,0,1,6.4,3887,3781
2026-09-16,B,AST-028,480,0,0,19,6.4,3406,3331
2026-09-17,A,AST-028,480,0,0,9,6.4,3399,3343
2026-09-17,B,AST-028,480,0,0,11,6.4,3433,3407
2026-09-18,A,AST-028,480,0,120,22,6.4,2684,2636
2026-09-18,B,AST-028,480,0,0,13,6.4,3629,3577
2026-09-19,A,AST-028,480,0,0,14,6.4,3755,3687
2026-09-21,A,AST-028,480,0,0,0,6.4,3762,3726
2026-09-21,B,AST-028,480,0,0,26,6.4,3558,3493
2026-09-22,A,AST-028,480,0,0,27,6.4,3651,3582
2026-09-22,B,AST-028,480,0,0,4,6.4,3766,3682
2026-09-23,A,AST-028,480,0,0,15,6.4,3480,3440
2026-09-23,B,AST-028,480,0,0,20,6.4,3647,3565
2026-09-24,A,AST-028,480,0,0,6,6.4,3782,3743
2026-09-24,B,AST-028,480,0,0,31,6.4,3705,3662
2026-09-25,A,AST-028,480,0,0,6,6.4,3588,3518
2026-09-25,B,AST-028,480,0,0,11,6.4,3818,3750
2026-09-26,A,AST-028,480,0,0,16,6.4,4086,4037
2026-09-28,A,AST-028,480,0,0,6,6.4,3809,3751
2026-09-28,B,AST-028,480,0,0,4,6.4,3813,3746
2026-06-01,A,AST-029,480,0,0,21,5.7,4442,4377
2026-06-01,B,AST-029,480,0,0,0,5.7,4463,4429
2026-06-02,A,AST-029,480,0,0,1,5.7,4237,4154
2026-06-02,B,AST-029,480,0,0,10,5.7,3971,3908
2026-06-03,A,AST-029,480,0,0,33,5.7,3729,3700
2026-06-03,B,AST-029,480,0,0,2,5.7,4337,4282
2026-06-04,A,AST-029,480,0,0,11,5.7,4246,4177
2026-06-04,B,AST-029,480,0,0,18,5.7,3833,3810
2026-06-05,A,AST-029,480,0,0,2,5.7,4369,4293
2026-06-05,B,AST-029,480,0,0,27,5.7,4103,4035
2026-06-06,A,AST-029,480,0,0,10,5.7,4137,4093
2026-06-08,A,AST-029,480,0,0,23,5.7,4196,4099
2026-06-08,B,AST-029,480,0,0,25,5.7,3880,3803
2026-06-09,A,AST-029,480,0,0,3,5.7,4163,4094
2026-06-09,B,AST-029,480,0,0,3,5.7,4237,4119
2026-06-10,A,AST-029,480,0,0,0,5.7,3947,3817
2026-06-10,B,AST-029,480,0,0,5,5.7,3959,3830
2026-06-11,A,AST-029,480,0,0,9,5.7,4316,4191
2026-06-11,B,AST-029,480,0,0,21,5.7,3823,3684
2026-06-12,A,AST-029,480,0,0,7,5.7,3859,3728
2026-06-12,B,AST-029,480,0,0,3,5.7,3944,3778
2026-06-13,A,AST-029,480,0,0,17,5.7,3881,3669
2026-06-15,A,AST-029,480,480,0,4,5.7,0,0
2026-06-15,B,AST-029,480,480,0,6,5.7,0,0
2026-06-16,A,AST-029,480,0,0,17,5.7,4102,4054
2026-06-16,B,AST-029,480,0,0,11,5.7,4120,4107
2026-06-17,A,AST-029,480,0,0,14,5.7,4236,4160
2026-06-17,B,AST-029,480,0,0,40,5.7,3912,3869
2026-06-18,A,AST-029,480,0,0,40,5.7,3894,3882
2026-06-18,B,AST-029,480,0,0,15,5.7,4232,4137
2026-06-19,A,AST-029,480,0,0,26,5.7,3864,3769
2026-06-19,B,AST-029,480,0,0,2,5.7,4190,4133
2026-06-20,A,AST-029,480,0,0,15,5.7,3969,3932
2026-06-22,A,AST-029,480,0,0,1,5.7,4057,3998
2026-06-22,B,AST-029,480,0,0,10,5.7,4037,4027
2026-06-23,A,AST-029,480,0,0,32,5.7,3999,3899
2026-06-23,B,AST-029,480,0,0,5,5.7,3976,3949
2026-06-24,A,AST-029,480,0,0,6,5.7,4187,4109
2026-06-24,B,AST-029,480,0,0,33,5.7,3788,3735
2026-06-25,A,AST-029,480,0,0,6,5.7,4148,4120
2026-06-25,B,AST-029,480,0,0,5,5.7,4110,4027
2026-06-26,A,AST-029,480,0,0,11,5.7,4076,4014
2026-06-26,B,AST-029,480,0,0,0,5.7,4094,3952
2026-06-27,A,AST-029,480,0,0,40,5.7,3769,3684
2026-06-29,A,AST-029,480,0,0,23,5.7,4072,3904
2026-06-29,B,AST-029,480,0,0,19,5.7,3794,3654
2026-06-30,A,AST-029,480,0,0,3,5.7,3997,3883
2026-06-30,B,AST-029,480,0,0,12,5.7,3920,3757
2026-07-01,A,AST-029,480,0,0,22,5.7,3781,3610
2026-07-01,B,AST-029,480,0,0,12,5.7,4065,3846
2026-07-02,A,AST-029,480,0,0,1,5.7,3696,3496
2026-07-02,B,AST-029,480,0,0,1,5.7,3615,3392
2026-07-03,A,AST-029,480,0,0,24,5.7,3405,3197
2026-07-03,B,AST-029,480,0,0,36,5.7,3573,3373
2026-07-04,A,AST-029,480,0,0,27,5.7,3163,2954
2026-07-06,A,AST-029,480,390,0,5,5.7,732,718
2026-07-06,B,AST-029,480,0,0,13,5.7,4202,4149
2026-07-07,A,AST-029,480,0,0,9,5.7,4160,4129
2026-07-07,B,AST-029,480,0,0,8,5.7,4067,3996
2026-07-08,A,AST-029,480,0,0,40,5.7,4102,4046
2026-07-08,B,AST-029,480,0,0,7,5.7,4109,4059
2026-07-09,A,AST-029,480,0,0,5,5.7,4136,4044
2026-07-09,B,AST-029,480,0,0,7,5.7,4121,4084
2026-07-10,A,AST-029,480,0,0,1,5.7,4014,3916
2026-07-10,B,AST-029,480,0,0,12,5.7,3990,3946
2026-07-11,A,AST-029,480,0,0,28,5.7,3921,3834
2026-07-13,A,AST-029,480,0,0,0,5.7,4140,4057
2026-07-13,B,AST-029,480,0,0,15,5.7,4203,4171
2026-07-14,A,AST-029,480,0,120,16,5.7,2980,2930
2026-07-14,B,AST-029,480,0,0,28,5.7,3939,3906
2026-07-15,A,AST-029,480,0,0,16,5.7,4075,3984
2026-07-15,B,AST-029,480,0,0,6,5.7,4414,4349
2026-07-16,A,AST-029,480,0,0,2,5.7,3883,3828
2026-07-16,B,AST-029,480,0,0,19,5.7,4030,3975
2026-07-17,A,AST-029,480,0,0,26,5.7,4116,4055
2026-07-17,B,AST-029,480,0,0,9,5.7,4470,4397
2026-07-18,A,AST-029,480,0,0,8,5.7,4114,4021
2026-07-20,A,AST-029,480,0,0,18,5.7,3958,3936
2026-07-20,B,AST-029,480,0,0,35,5.7,3824,3767
2026-07-21,A,AST-029,480,0,0,6,5.7,4178,4121
2026-07-21,B,AST-029,480,0,0,11,5.7,4016,3944
2026-07-22,A,AST-029,480,0,0,25,5.7,4089,4027
2026-07-22,B,AST-029,480,0,0,1,5.7,4273,4224
2026-07-23,A,AST-029,480,0,0,21,5.7,4190,4110
2026-07-23,B,AST-029,480,0,0,8,5.7,4114,4059
2026-07-24,A,AST-029,480,0,0,39,5.7,3928,3836
2026-07-24,B,AST-029,480,0,0,15,5.7,4127,4069
2026-07-25,A,AST-029,480,0,0,0,5.7,4467,4365
2026-07-27,A,AST-029,480,0,0,4,5.7,4215,4106
2026-07-27,B,AST-029,480,0,0,39,5.7,3916,3870
2026-07-28,A,AST-029,480,0,0,0,5.7,4213,4149
2026-07-28,B,AST-029,480,0,0,7,5.7,4096,4013
2026-07-29,A,AST-029,480,0,0,2,5.7,3929,3857
2026-07-29,B,AST-029,480,0,0,20,5.7,4134,4062
2026-07-30,A,AST-029,480,0,0,4,5.7,4291,4230
2026-07-30,B,AST-029,480,0,0,9,5.7,4029,3982
2026-07-31,A,AST-029,480,0,0,1,5.7,4143,4095
2026-07-31,B,AST-029,480,0,0,21,5.7,3923,3854
2026-08-01,A,AST-029,480,0,0,40,5.7,3731,3679
2026-08-03,A,AST-029,480,0,0,40,5.7,3926,3895
2026-08-03,B,AST-029,480,0,0,21,5.7,4335,4289
2026-08-04,A,AST-029,480,0,0,24,5.7,3924,3847
2026-08-04,B,AST-029,480,0,0,14,5.7,3998,3913
2026-08-05,A,AST-029,480,0,0,1,5.7,4167,4104
2026-08-05,B,AST-029,480,0,0,26,5.7,4244,4237
2026-08-06,A,AST-029,480,0,0,3,5.7,3851,3812
2026-08-06,B,AST-029,480,0,0,1,5.7,4291,4221
2026-08-07,A,AST-029,480,0,0,40,5.7,3938,3852
2026-08-07,B,AST-029,480,0,0,13,5.7,4425,4367
2026-08-08,A,AST-029,480,0,0,2,5.7,4314,4193
2026-08-10,A,AST-029,480,0,0,7,5.7,4091,4089
2026-08-10,B,AST-029,480,0,0,22,5.7,3968,3955
2026-08-11,A,AST-029,480,0,0,19,5.7,4124,4085
2026-08-11,B,AST-029,480,0,0,4,5.7,4169,4156
2026-08-12,A,AST-029,480,0,0,0,5.7,4322,4311
2026-08-12,B,AST-029,480,0,0,5,5.7,4308,4245
2026-08-13,A,AST-029,480,0,120,9,5.7,3064,3026
2026-08-13,B,AST-029,480,0,0,13,5.7,4479,4407
2026-08-14,A,AST-029,480,0,0,40,5.7,3788,3764
2026-08-14,B,AST-029,480,0,0,40,5.7,4015,3961
2026-08-15,A,AST-029,480,0,0,33,5.7,4050,3994
2026-08-17,A,AST-029,480,0,0,40,5.7,4099,4048
2026-08-17,B,AST-029,480,0,0,5,5.7,4544,4486
2026-08-18,A,AST-029,480,0,0,2,5.7,4149,4093
2026-08-18,B,AST-029,480,0,0,2,5.7,4467,4409
2026-08-19,A,AST-029,480,0,0,9,5.7,4256,4185
2026-08-19,B,AST-029,480,0,0,12,5.7,3947,3875
2026-08-20,A,AST-029,480,0,0,5,5.7,4241,4169
2026-08-20,B,AST-029,480,0,0,1,5.7,4149,4088
2026-08-21,A,AST-029,480,0,0,1,5.7,4299,4234
2026-08-21,B,AST-029,480,0,0,15,5.7,4230,4180
2026-08-22,A,AST-029,480,0,0,29,5.7,3892,3844
2026-08-24,A,AST-029,480,0,0,8,5.7,4117,4078
2026-08-24,B,AST-029,480,0,0,40,5.7,3602,3545
2026-08-25,A,AST-029,480,0,0,26,5.7,4054,4007
2026-08-25,B,AST-029,480,0,0,19,5.7,3931,3863
2026-08-26,A,AST-029,480,0,0,4,5.7,4318,4237
2026-08-26,B,AST-029,480,0,0,8,5.7,4129,4079
2026-08-27,A,AST-029,480,0,0,10,5.7,4203,4153
2026-08-27,B,AST-029,480,0,0,1,5.7,4284,4226
2026-08-28,A,AST-029,480,0,0,3,5.7,4247,4178
2026-08-28,B,AST-029,480,0,0,19,5.7,4191,4145
2026-08-29,A,AST-029,480,0,0,2,5.7,4401,4293
2026-08-31,A,AST-029,480,0,0,31,5.7,4244,4187
2026-08-31,B,AST-029,480,0,0,5,5.7,4343,4305
2026-09-01,A,AST-029,480,0,0,17,5.7,3725,3676
2026-09-01,B,AST-029,480,0,0,7,5.7,4256,4161
2026-09-02,A,AST-029,480,0,0,4,5.7,4178,4140
2026-09-02,B,AST-029,480,0,0,7,5.7,4393,4319
2026-09-03,A,AST-029,480,0,0,3,5.7,4322,4270
2026-09-03,B,AST-029,480,0,0,27,5.7,4036,3988
2026-09-04,A,AST-029,480,0,0,6,5.7,4134,4094
2026-09-04,B,AST-029,480,0,0,20,5.7,3968,3871
2026-09-05,A,AST-029,480,0,0,34,5.7,3924,3846
2026-09-07,A,AST-029,480,0,0,9,5.7,4099,4039
2026-09-07,B,AST-029,480,0,0,4,5.7,3950,3907
2026-09-08,A,AST-029,480,0,0,2,5.7,4124,4056
2026-09-08,B,AST-029,480,0,0,8,5.7,4154,4080
2026-09-09,A,AST-029,480,0,0,2,5.7,4373,4330
2026-09-09,B,AST-029,480,0,0,1,5.7,4197,4106
2026-09-10,A,AST-029,480,0,0,34,5.7,3850,3804
2026-09-10,B,AST-029,480,0,0,18,5.7,3946,3870
2026-09-11,A,AST-029,480,0,0,0,5.7,4424,4339
2026-09-11,B,AST-029,480,0,0,17,5.7,4358,4304
2026-09-12,A,AST-029,480,0,120,5,5.7,3144,3102
2026-09-14,A,AST-029,480,0,0,4,5.7,4230,4183
2026-09-14,B,AST-029,480,0,0,12,5.7,4334,4249
2026-09-15,A,AST-029,480,0,0,22,5.7,4055,4007
2026-09-15,B,AST-029,480,0,0,22,5.7,3889,3813
2026-09-16,A,AST-029,480,0,0,26,5.7,3857,3780
2026-09-16,B,AST-029,480,0,0,6,5.7,4275,4206
2026-09-17,A,AST-029,480,0,0,12,5.7,4173,4073
2026-09-17,B,AST-029,480,0,0,13,5.7,4167,4068
2026-09-18,A,AST-029,480,0,0,5,5.7,4105,4032
2026-09-18,B,AST-029,480,0,0,21,5.7,4027,3958
2026-09-19,A,AST-029,480,0,0,1,5.7,4300,4262
2026-09-21,A,AST-029,480,0,0,40,5.7,3813,3738
2026-09-21,B,AST-029,480,0,0,9,5.7,4211,4133
2026-09-22,A,AST-029,480,0,0,40,5.7,3807,3763
2026-09-22,B,AST-029,480,0,0,6,5.7,4144,4083
2026-09-23,A,AST-029,480,0,0,1,5.7,4293,4232
2026-09-23,B,AST-029,480,0,0,10,5.7,4194,4144
2026-09-24,A,AST-029,480,0,0,37,5.7,3774,3717
2026-09-24,B,AST-029,480,0,0,12,5.7,4167,4090
2026-09-25,A,AST-029,480,0,0,38,5.7,3931,3872
2026-09-25,B,AST-029,480,0,0,7,5.7,4139,4087
2026-09-26,A,AST-029,480,0,0,17,5.7,4147,4092
2026-09-28,A,AST-029,480,0,0,1,5.7,4093,4041
2026-09-28,B,AST-029,480,0,0,30,5.7,4059,4039
2026-06-01,A,AST-030,480,0,0,1,5.6,4380,4279
2026-06-01,B,AST-030,480,0,0,26,5.6,3982,3913
2026-06-02,A,AST-030,480,0,0,3,5.6,4468,4378
2026-06-02,B,AST-030,480,0,0,3,5.6,4194,4110
2026-06-03,A,AST-030,480,0,0,19,5.6,4266,4198
2026-06-03,B,AST-030,480,0,0,3,5.6,4120,4044
2026-06-04,A,AST-030,480,0,0,13,5.6,4319,4233
2026-06-04,B,AST-030,480,0,0,3,5.6,4271,4186
2026-06-05,A,AST-030,480,0,0,40,5.6,3887,3812
2026-06-05,B,AST-030,480,0,0,14,5.6,3807,3717
2026-06-06,A,AST-030,480,0,0,10,5.6,4139,4074
2026-06-08,A,AST-030,480,0,0,0,5.6,4368,4278
2026-06-08,B,AST-030,480,0,0,1,5.6,4441,4332
2026-06-09,A,AST-030,480,0,0,22,5.6,4090,4090
2026-06-09,B,AST-030,480,0,0,0,5.6,4246,4207
2026-06-10,A,AST-030,480,0,0,12,5.6,4312,4274
2026-06-10,B,AST-030,480,0,0,13,5.6,4242,4189
2026-06-11,A,AST-030,480,0,0,8,5.6,4047,3978
2026-06-11,B,AST-030,480,0,0,19,5.6,4364,4341
2026-06-12,A,AST-030,480,0,0,15,5.6,4170,4126
2026-06-12,B,AST-030,480,0,0,10,5.6,4247,4171
2026-06-13,A,AST-030,480,0,0,16,5.6,4474,4388
2026-06-15,A,AST-030,480,0,120,19,5.6,2912,2857
2026-06-15,B,AST-030,480,0,0,9,5.6,4101,4036
2026-06-16,A,AST-030,480,0,0,4,5.6,4082,4036
2026-06-16,B,AST-030,480,0,0,16,5.6,3974,3916
2026-06-17,A,AST-030,480,0,0,6,5.6,4123,4087
2026-06-17,B,AST-030,480,0,0,2,5.6,4425,4372
2026-06-18,A,AST-030,480,0,0,4,5.6,4526,4453
2026-06-18,B,AST-030,480,0,0,24,5.6,3978,3885
2026-06-19,A,AST-030,480,0,0,9,5.6,4440,4356
2026-06-19,B,AST-030,480,0,0,30,5.6,4015,3932
2026-06-20,A,AST-030,480,0,0,1,5.6,4501,4428
2026-06-22,A,AST-030,480,0,0,5,5.6,4327,4299
2026-06-22,B,AST-030,480,0,0,40,5.6,3759,3694
2026-06-23,A,AST-030,480,0,0,15,5.6,4124,4049
2026-06-23,B,AST-030,480,0,0,8,5.6,4309,4244
2026-06-24,A,AST-030,480,0,0,1,5.6,4193,4168
2026-06-24,B,AST-030,480,0,0,38,5.6,4034,4000
2026-06-25,A,AST-030,480,0,0,21,5.6,4217,4168
2026-06-25,B,AST-030,480,0,0,23,5.6,3960,3913
2026-06-26,A,AST-030,480,0,0,0,5.6,4421,4337
2026-06-26,B,AST-030,480,0,0,15,5.6,4043,3971
2026-06-27,A,AST-030,480,0,0,21,5.6,4019,3966
2026-06-29,A,AST-030,480,0,0,8,5.6,4379,4279
2026-06-29,B,AST-030,480,0,0,39,5.6,3698,3654
2026-06-30,A,AST-030,480,0,0,11,5.6,4236,4185
2026-06-30,B,AST-030,480,0,0,2,5.6,4496,4428
2026-07-01,A,AST-030,480,0,0,8,5.6,4519,4441
2026-07-01,B,AST-030,480,0,0,27,5.6,4020,3979
2026-07-02,A,AST-030,480,0,0,17,5.6,3996,3935
2026-07-02,B,AST-030,480,0,0,40,5.6,4144,4094
2026-07-03,A,AST-030,480,0,0,0,5.6,4178,4155
2026-07-03,B,AST-030,480,0,0,0,5.6,4401,4319
2026-07-04,A,AST-030,480,0,0,5,5.6,4247,4172
2026-07-06,A,AST-030,480,0,0,40,5.6,3978,3938
2026-07-06,B,AST-030,480,0,0,0,5.6,4234,4165
2026-07-07,A,AST-030,480,0,0,26,5.6,4146,4058
2026-07-07,B,AST-030,480,0,0,40,5.6,3810,3773
2026-07-08,A,AST-030,480,0,0,19,5.6,3923,3862
2026-07-08,B,AST-030,480,0,0,6,5.6,4077,4001
2026-07-09,A,AST-030,480,0,0,17,5.6,3989,3921
2026-07-09,B,AST-030,480,0,0,37,5.6,3925,3854
2026-07-10,A,AST-030,480,0,0,8,5.6,4200,4099
2026-07-10,B,AST-030,480,0,0,1,5.6,4472,4403
2026-07-11,A,AST-030,480,0,0,40,5.6,3992,3953
2026-07-13,A,AST-030,480,0,0,40,5.6,3855,3775
2026-07-13,B,AST-030,480,0,0,5,5.6,4512,4480
2026-07-14,A,AST-030,480,0,0,36,5.6,4088,4020
2026-07-14,B,AST-030,480,0,0,11,5.6,4299,4251
2026-07-15,A,AST-030,480,0,120,12,5.6,2975,2974
2026-07-15,B,AST-030,480,0,0,17,5.6,4213,4177
2026-07-16,A,AST-030,480,0,0,0,5.6,4157,4070
2026-07-16,B,AST-030,480,0,0,40,5.6,4021,3971
2026-07-17,A,AST-030,480,0,0,19,5.6,4134,4067
2026-07-17,B,AST-030,480,0,0,2,5.6,4045,3995
2026-07-18,A,AST-030,480,0,0,22,5.6,4289,4213
2026-07-20,A,AST-030,480,0,0,40,5.6,4055,4032
2026-07-20,B,AST-030,480,0,0,0,5.6,4328,4217
2026-07-21,A,AST-030,480,0,0,0,5.6,4280,4264
2026-07-21,B,AST-030,480,0,0,10,5.6,4199,4152
2026-07-22,A,AST-030,480,0,0,2,5.6,4330,4257
2026-07-22,B,AST-030,480,0,0,18,5.6,4066,3992
2026-07-23,A,AST-030,480,0,0,4,5.6,4377,4323
2026-07-23,B,AST-030,480,0,0,1,5.6,4326,4259
2026-07-24,A,AST-030,480,0,0,0,5.6,4185,4093
2026-07-24,B,AST-030,480,0,0,19,5.6,3942,3859
2026-07-25,A,AST-030,480,0,0,10,5.6,4301,4243
2026-07-27,A,AST-030,480,0,0,2,5.6,4248,4214
2026-07-27,B,AST-030,480,0,0,14,5.6,4258,4195
2026-07-28,A,AST-030,480,0,0,19,5.6,4271,4224
2026-07-28,B,AST-030,480,0,0,6,5.6,4330,4272
2026-07-29,A,AST-030,480,0,0,1,5.6,4089,4029
2026-07-29,B,AST-030,480,0,0,27,5.6,4133,4067
2026-07-30,A,AST-030,480,0,0,4,5.6,4196,4119
2026-07-30,B,AST-030,480,0,0,6,5.6,4267,4221
2026-07-31,A,AST-030,480,0,0,10,5.6,4253,4186
2026-07-31,B,AST-030,480,0,0,4,5.6,4058,3964
2026-08-01,A,AST-030,480,0,0,2,5.6,4292,4227
2026-08-03,A,AST-030,480,0,0,4,5.6,4258,4180
2026-08-03,B,AST-030,480,0,0,0,5.6,4334,4304
2026-08-04,A,AST-030,480,0,0,14,5.6,4387,4299
2026-08-04,B,AST-030,480,0,0,1,5.6,4422,4324
2026-08-05,A,AST-030,480,0,0,5,5.6,4142,4075
2026-08-05,B,AST-030,480,0,0,16,5.6,4076,4010
2026-08-06,A,AST-030,480,0,0,26,5.6,4423,4384
2026-08-06,B,AST-030,480,0,0,27,5.6,4081,3993
2026-08-07,A,AST-030,480,0,0,9,5.6,4372,4293
2026-08-07,B,AST-030,480,0,0,40,5.6,3945,3896
2026-08-08,A,AST-030,480,0,0,16,5.6,4277,4174
2026-08-10,A,AST-030,480,0,0,7,5.6,4119,4023
2026-08-10,B,AST-030,480,0,0,14,5.6,4170,4070
2026-08-11,A,AST-030,480,0,0,40,5.6,3644,3620
2026-08-11,B,AST-030,480,0,0,19,5.6,4218,4163
2026-08-12,A,AST-030,480,0,0,1,5.6,4402,4332
2026-08-12,B,AST-030,480,0,0,3,5.6,4128,4042
2026-08-13,A,AST-030,480,0,0,2,5.6,4160,4080
2026-08-13,B,AST-030,480,0,0,5,5.6,4270,4196
2026-08-14,A,AST-030,480,0,120,8,5.6,3200,3149
2026-08-14,B,AST-030,480,0,0,35,5.6,4065,3998
2026-08-15,A,AST-030,480,0,0,2,5.6,4386,4340
2026-08-17,A,AST-030,480,0,0,40,5.6,3935,3873
2026-08-17,B,AST-030,480,0,0,27,5.6,4035,4012
2026-08-18,A,AST-030,480,0,0,40,5.6,3950,3903
2026-08-18,B,AST-030,480,0,0,2,5.6,4467,4426
2026-08-19,A,AST-030,480,0,0,2,5.6,4308,4259
2026-08-19,B,AST-030,480,0,0,26,5.6,4140,4112
2026-08-20,A,AST-030,480,0,0,2,5.6,4216,4150
2026-08-20,B,AST-030,480,0,0,4,5.6,4454,4376
2026-08-21,A,AST-030,480,0,0,5,5.6,4102,4051
2026-08-21,B,AST-030,480,0,0,2,5.6,4473,4409
2026-08-22,A,AST-030,480,0,0,6,5.6,4177,4167
2026-08-24,A,AST-030,480,0,0,20,5.6,4109,4072
2026-08-24,B,AST-030,480,0,0,4,5.6,4262,4214
2026-08-25,A,AST-030,480,0,0,1,5.6,4447,4355
2026-08-25,B,AST-030,480,0,0,11,5.6,4215,4161
2026-08-26,A,AST-030,480,0,0,5,5.6,4184,4119
2026-08-26,B,AST-030,480,0,0,8,5.6,4256,4217
2026-08-27,A,AST-030,480,0,0,3,5.6,4380,4327
2026-08-27,B,AST-030,480,0,0,10,5.6,3941,3861
2026-08-28,A,AST-030,480,0,0,6,5.6,4447,4393
2026-08-28,B,AST-030,480,0,0,8,5.6,3901,3827
2026-08-29,A,AST-030,480,0,0,1,5.6,4323,4245
2026-08-31,A,AST-030,480,0,0,7,5.6,4295,4238
2026-08-31,B,AST-030,480,0,0,0,5.6,4430,4352
2026-09-01,A,AST-030,480,0,0,6,5.6,4069,4020
2026-09-01,B,AST-030,480,0,0,1,5.6,4151,4092
2026-09-02,A,AST-030,480,0,0,2,5.6,4206,4137
2026-09-02,B,AST-030,480,0,0,1,5.6,4196,4152
2026-09-03,A,AST-030,480,0,0,10,5.6,4045,3978
2026-09-03,B,AST-030,480,0,0,12,5.6,4071,4010
2026-09-04,A,AST-030,480,0,0,1,5.6,4139,4056
2026-09-04,B,AST-030,480,0,0,14,5.6,3817,3764
2026-09-05,A,AST-030,480,0,0,16,5.6,4187,4085
2026-09-07,A,AST-030,480,0,0,12,5.6,3954,3906
2026-09-07,B,AST-030,480,0,0,19,5.6,4112,4020
2026-09-08,A,AST-030,480,0,0,5,5.6,4512,4485
2026-09-08,B,AST-030,480,0,0,13,5.6,4257,4185
2026-09-09,A,AST-030,480,0,0,8,5.6,4212,4089
2026-09-09,B,AST-030,480,0,0,7,5.6,4503,4459
2026-09-10,A,AST-030,480,0,0,0,5.6,4307,4231
2026-09-10,B,AST-030,480,0,0,9,5.6,4149,4103
2026-09-11,A,AST-030,480,0,0,12,5.6,4223,4126
2026-09-11,B,AST-030,480,0,0,12,5.6,4243,4189
2026-09-12,A,AST-030,480,0,0,0,5.6,4168,4084
2026-09-14,A,AST-030,480,0,0,2,5.6,4374,4300
2026-09-14,B,AST-030,480,0,0,28,5.6,4279,4241
2026-09-15,A,AST-030,480,0,0,13,5.6,4422,4411
2026-09-15,B,AST-030,480,0,0,4,5.6,4406,4339
2026-09-16,A,AST-030,480,0,0,2,5.6,4270,4227
2026-09-16,B,AST-030,480,0,0,6,5.6,4413,4335
2026-09-17,A,AST-030,480,0,0,40,5.6,3905,3826
2026-09-17,B,AST-030,480,0,0,21,5.6,4311,4245
2026-09-18,A,AST-030,480,0,0,16,5.6,4046,3975
2026-09-18,B,AST-030,480,0,0,27,5.6,3828,3730
2026-09-19,A,AST-030,480,0,0,5,5.6,4397,4309
2026-09-21,A,AST-030,480,0,0,2,5.6,4141,4098
2026-09-21,B,AST-030,480,0,0,10,5.6,4129,4047
2026-09-22,A,AST-030,480,0,0,11,5.6,4122,4065
2026-09-22,B,AST-030,480,0,0,3,5.6,4165,4105
2026-09-23,A,AST-030,480,0,0,0,5.6,4277,4220
2026-09-23,B,AST-030,480,0,0,5,5.6,4073,4026
2026-09-24,A,AST-030,480,0,0,7,5.6,4268,4200
2026-09-24,B,AST-030,480,0,0,6,5.6,4217,4187
2026-09-25,A,AST-030,480,0,0,1,5.6,4290,4229
2026-09-25,B,AST-030,480,0,0,0,5.6,4215,4134
2026-09-26,A,AST-030,480,0,0,8,5.6,4137,4060
2026-09-28,A,AST-030,480,0,0,7,5.6,4190,4094
2026-09-28,B,AST-030,480,0,0,12,5.6,4348,4281
